You are using YYP Maker v1.1.5, released in 14-08-2022



[26-11-2024 01:20:29] Initialized GameMaker Project: Fall2024-CPI111.yyp
[26-11-2024 01:20:29] Current parent directory: D:/GitHub/Uni-Class Related/Fall2024-CPI111/animcurves
[26-11-2024 01:20:29] Checking EaseMidSlow
[26-11-2024 01:20:29] Directory: D:/GitHub/Uni-Class Related/Fall2024-CPI111/animcurves/EaseMidSlow
[26-11-2024 01:20:29] Checking EaseHeartbeat
[26-11-2024 01:20:29] Directory: D:/GitHub/Uni-Class Related/Fall2024-CPI111/animcurves/EaseHeartbeat
[26-11-2024 01:20:29] Checking EaseFastToSlow
[26-11-2024 01:20:29] Directory: D:/GitHub/Uni-Class Related/Fall2024-CPI111/animcurves/EaseFastToSlow
[26-11-2024 01:20:29] Current parent directory: D:/GitHub/Uni-Class Related/Fall2024-CPI111/animcurves/EaseFastToSlow
[26-11-2024 01:20:29] Checking EaseFastToSlow.yy
[26-11-2024 01:20:29] Parsing D:/GitHub/Uni-Class Related/Fall2024-CPI111/animcurves/EaseFastToSlow/EaseFastToSlow.yy
[26-11-2024 01:20:29] Reading D:/GitHub/Uni-Class Related/Fall2024-CPI111/animcurves/EaseFastToSlow/EaseFastToSlow.yy
[26-11-2024 01:20:29] Par: "folders/TweenGMX/User/Curves" at dir: "D:/GitHub/Uni-Class Related/Fall2024-CPI111/animcurves/EaseFastToSlow/EaseFastToSlow.yy"
[26-11-2024 01:20:29] Found AnimCurve: EaseFastToSlow
[26-11-2024 01:20:29] Current parent directory: D:/GitHub/Uni-Class Related/Fall2024-CPI111/animcurves/EaseHeartbeat
[26-11-2024 01:20:29] Checking EaseHeartbeat.yy
[26-11-2024 01:20:29] Parsing D:/GitHub/Uni-Class Related/Fall2024-CPI111/animcurves/EaseHeartbeat/EaseHeartbeat.yy
[26-11-2024 01:20:29] Reading D:/GitHub/Uni-Class Related/Fall2024-CPI111/animcurves/EaseHeartbeat/EaseHeartbeat.yy
[26-11-2024 01:20:29] Par: "folders/TweenGMX/User/Curves" at dir: "D:/GitHub/Uni-Class Related/Fall2024-CPI111/animcurves/EaseHeartbeat/EaseHeartbeat.yy"
[26-11-2024 01:20:29] Found AnimCurve: EaseHeartbeat
[26-11-2024 01:20:29] Current parent directory: D:/GitHub/Uni-Class Related/Fall2024-CPI111/animcurves/EaseMidSlow
[26-11-2024 01:20:29] Checking EaseMidSlow.yy
[26-11-2024 01:20:29] Parsing D:/GitHub/Uni-Class Related/Fall2024-CPI111/animcurves/EaseMidSlow/EaseMidSlow.yy
[26-11-2024 01:20:29] Reading D:/GitHub/Uni-Class Related/Fall2024-CPI111/animcurves/EaseMidSlow/EaseMidSlow.yy
[26-11-2024 01:20:29] Par: "folders/TweenGMX/User/Curves" at dir: "D:/GitHub/Uni-Class Related/Fall2024-CPI111/animcurves/EaseMidSlow/EaseMidSlow.yy"
[26-11-2024 01:20:29] Found AnimCurve: EaseMidSlow
[26-11-2024 01:20:29] Current parent directory: D:/GitHub/Uni-Class Related/Fall2024-CPI111/extensions
[26-11-2024 01:20:29] Current parent directory: D:/GitHub/Uni-Class Related/Fall2024-CPI111/fonts
[26-11-2024 01:20:29] Checking scribble_fallback_font
[26-11-2024 01:20:29] Directory: D:/GitHub/Uni-Class Related/Fall2024-CPI111/fonts/scribble_fallback_font
[26-11-2024 01:20:29] Checking font_dialogue
[26-11-2024 01:20:29] Directory: D:/GitHub/Uni-Class Related/Fall2024-CPI111/fonts/font_dialogue
[26-11-2024 01:20:29] Current parent directory: D:/GitHub/Uni-Class Related/Fall2024-CPI111/fonts/font_dialogue
[26-11-2024 01:20:29] Checking font_dialogue.yy
[26-11-2024 01:20:29] Parsing D:/GitHub/Uni-Class Related/Fall2024-CPI111/fonts/font_dialogue/font_dialogue.yy
[26-11-2024 01:20:29] Reading D:/GitHub/Uni-Class Related/Fall2024-CPI111/fonts/font_dialogue/font_dialogue.yy
[26-11-2024 01:20:29] Par: "folders/Fonts" at dir: "D:/GitHub/Uni-Class Related/Fall2024-CPI111/fonts/font_dialogue/font_dialogue.yy"
[26-11-2024 01:20:29] Found Font: font_dialogue
[26-11-2024 01:20:29] Checking font_dialogue.png
[26-11-2024 01:20:29] Checking font_dialogue.old.yy
[26-11-2024 01:20:29] Trash file: font_dialogue.old.yy, will be moved to ___yyp_maker_trash
[26-11-2024 01:20:29] Checking font_dialogue.old.png
[26-11-2024 01:20:29] Current parent directory: D:/GitHub/Uni-Class Related/Fall2024-CPI111/fonts/scribble_fallback_font
[26-11-2024 01:20:29] Checking scribble_fallback_font.yy
[26-11-2024 01:20:29] Parsing D:/GitHub/Uni-Class Related/Fall2024-CPI111/fonts/scribble_fallback_font/scribble_fallback_font.yy
[26-11-2024 01:20:29] Reading D:/GitHub/Uni-Class Related/Fall2024-CPI111/fonts/scribble_fallback_font/scribble_fallback_font.yy
[26-11-2024 01:20:29] Par: "folders/Scribble/(System - don't call these functions)" at dir: "D:/GitHub/Uni-Class Related/Fall2024-CPI111/fonts/scribble_fallback_font/scribble_fallback_font.yy"
[26-11-2024 01:20:29] Found Font: scribble_fallback_font
[26-11-2024 01:20:29] Checking scribble_fallback_font.png
[26-11-2024 01:20:29] Current parent directory: D:/GitHub/Uni-Class Related/Fall2024-CPI111/notes
[26-11-2024 01:20:29] Checking TGMX_Update_Log
[26-11-2024 01:20:29] Directory: D:/GitHub/Uni-Class Related/Fall2024-CPI111/notes/TGMX_Update_Log
[26-11-2024 01:20:29] Checking TGMX_Terms_of_Use
[26-11-2024 01:20:29] Directory: D:/GitHub/Uni-Class Related/Fall2024-CPI111/notes/TGMX_Terms_of_Use
[26-11-2024 01:20:29] Checking TGMX_Documentation
[26-11-2024 01:20:29] Directory: D:/GitHub/Uni-Class Related/Fall2024-CPI111/notes/TGMX_Documentation
[26-11-2024 01:20:29] Current parent directory: D:/GitHub/Uni-Class Related/Fall2024-CPI111/notes/TGMX_Documentation
[26-11-2024 01:20:29] Checking TGMX_Documentation.yy
[26-11-2024 01:20:29] Parsing D:/GitHub/Uni-Class Related/Fall2024-CPI111/notes/TGMX_Documentation/TGMX_Documentation.yy
[26-11-2024 01:20:29] Reading D:/GitHub/Uni-Class Related/Fall2024-CPI111/notes/TGMX_Documentation/TGMX_Documentation.yy
[26-11-2024 01:20:29] Par: "folders/TweenGMX/Docs" at dir: "D:/GitHub/Uni-Class Related/Fall2024-CPI111/notes/TGMX_Documentation/TGMX_Documentation.yy"
[26-11-2024 01:20:29] Found Note: TGMX_Documentation
[26-11-2024 01:20:29] Checking TGMX_Documentation.txt
[26-11-2024 01:20:29] Current parent directory: D:/GitHub/Uni-Class Related/Fall2024-CPI111/notes/TGMX_Terms_of_Use
[26-11-2024 01:20:29] Checking TGMX_Terms_of_Use.yy
[26-11-2024 01:20:29] Parsing D:/GitHub/Uni-Class Related/Fall2024-CPI111/notes/TGMX_Terms_of_Use/TGMX_Terms_of_Use.yy
[26-11-2024 01:20:29] Reading D:/GitHub/Uni-Class Related/Fall2024-CPI111/notes/TGMX_Terms_of_Use/TGMX_Terms_of_Use.yy
[26-11-2024 01:20:29] Par: "folders/TweenGMX/Docs" at dir: "D:/GitHub/Uni-Class Related/Fall2024-CPI111/notes/TGMX_Terms_of_Use/TGMX_Terms_of_Use.yy"
[26-11-2024 01:20:29] Found Note: TGMX_Terms_of_Use
[26-11-2024 01:20:29] Checking TGMX_Terms_of_Use.txt
[26-11-2024 01:20:29] Current parent directory: D:/GitHub/Uni-Class Related/Fall2024-CPI111/notes/TGMX_Update_Log
[26-11-2024 01:20:29] Checking TGMX_Update_Log.yy
[26-11-2024 01:20:29] Parsing D:/GitHub/Uni-Class Related/Fall2024-CPI111/notes/TGMX_Update_Log/TGMX_Update_Log.yy
[26-11-2024 01:20:29] Reading D:/GitHub/Uni-Class Related/Fall2024-CPI111/notes/TGMX_Update_Log/TGMX_Update_Log.yy
[26-11-2024 01:20:29] Par: "folders/TweenGMX/Docs" at dir: "D:/GitHub/Uni-Class Related/Fall2024-CPI111/notes/TGMX_Update_Log/TGMX_Update_Log.yy"
[26-11-2024 01:20:29] Found Note: TGMX_Update_Log
[26-11-2024 01:20:29] Checking TGMX_Update_Log.txt
[26-11-2024 01:20:29] Current parent directory: D:/GitHub/Uni-Class Related/Fall2024-CPI111/objects
[26-11-2024 01:20:29] Checking Placeholder
[26-11-2024 01:20:29] Directory: D:/GitHub/Uni-Class Related/Fall2024-CPI111/objects/Placeholder
[26-11-2024 01:20:29] Checking o_SharedTweener
[26-11-2024 01:20:29] Directory: D:/GitHub/Uni-Class Related/Fall2024-CPI111/objects/o_SharedTweener
[26-11-2024 01:20:29] Checking obj_victory_shield
[26-11-2024 01:20:29] Directory: D:/GitHub/Uni-Class Related/Fall2024-CPI111/objects/obj_victory_shield
[26-11-2024 01:20:29] Checking obj_up_arrow_slot
[26-11-2024 01:20:29] Directory: D:/GitHub/Uni-Class Related/Fall2024-CPI111/objects/obj_up_arrow_slot
[26-11-2024 01:20:29] Checking obj_up_arrow
[26-11-2024 01:20:29] Directory: D:/GitHub/Uni-Class Related/Fall2024-CPI111/objects/obj_up_arrow
[26-11-2024 01:20:29] Checking obj_two_stars
[26-11-2024 01:20:29] Directory: D:/GitHub/Uni-Class Related/Fall2024-CPI111/objects/obj_two_stars
[26-11-2024 01:20:29] Checking obj_tut_go_right
[26-11-2024 01:20:29] Directory: D:/GitHub/Uni-Class Related/Fall2024-CPI111/objects/obj_tut_go_right
[26-11-2024 01:20:29] Checking obj_tut_go_left
[26-11-2024 01:20:29] Directory: D:/GitHub/Uni-Class Related/Fall2024-CPI111/objects/obj_tut_go_left
[26-11-2024 01:20:29] Checking obj_tutorial_two
[26-11-2024 01:20:29] Directory: D:/GitHub/Uni-Class Related/Fall2024-CPI111/objects/obj_tutorial_two
[26-11-2024 01:20:29] Checking obj_tutorial_three
[26-11-2024 01:20:29] Directory: D:/GitHub/Uni-Class Related/Fall2024-CPI111/objects/obj_tutorial_three
[26-11-2024 01:20:29] Checking obj_tutorial_one
[26-11-2024 01:20:29] Directory: D:/GitHub/Uni-Class Related/Fall2024-CPI111/objects/obj_tutorial_one
[26-11-2024 01:20:29] Checking obj_tutorial_controller
[26-11-2024 01:20:29] Directory: D:/GitHub/Uni-Class Related/Fall2024-CPI111/objects/obj_tutorial_controller
[26-11-2024 01:20:29] Checking obj_try_again_shield
[26-11-2024 01:20:29] Directory: D:/GitHub/Uni-Class Related/Fall2024-CPI111/objects/obj_try_again_shield
[26-11-2024 01:20:29] Checking obj_title
[26-11-2024 01:20:29] Directory: D:/GitHub/Uni-Class Related/Fall2024-CPI111/objects/obj_title
[26-11-2024 01:20:29] Checking obj_three_stars
[26-11-2024 01:20:29] Directory: D:/GitHub/Uni-Class Related/Fall2024-CPI111/objects/obj_three_stars
[26-11-2024 01:20:29] Checking obj_stage_background
[26-11-2024 01:20:29] Directory: D:/GitHub/Uni-Class Related/Fall2024-CPI111/objects/obj_stage_background
[26-11-2024 01:20:29] Checking obj_stage
[26-11-2024 01:20:29] Directory: D:/GitHub/Uni-Class Related/Fall2024-CPI111/objects/obj_stage
[26-11-2024 01:20:29] Checking obj_slider_volume
[26-11-2024 01:20:29] Directory: D:/GitHub/Uni-Class Related/Fall2024-CPI111/objects/obj_slider_volume
[26-11-2024 01:20:29] Checking obj_slider_note_timing_offset
[26-11-2024 01:20:29] Directory: D:/GitHub/Uni-Class Related/Fall2024-CPI111/objects/obj_slider_note_timing_offset
[26-11-2024 01:20:29] Checking obj_score_text
[26-11-2024 01:20:29] Directory: D:/GitHub/Uni-Class Related/Fall2024-CPI111/objects/obj_score_text
[26-11-2024 01:20:29] Checking obj_right_arrow_slot
[26-11-2024 01:20:29] Directory: D:/GitHub/Uni-Class Related/Fall2024-CPI111/objects/obj_right_arrow_slot
[26-11-2024 01:20:29] Checking obj_right_arrow
[26-11-2024 01:20:29] Directory: D:/GitHub/Uni-Class Related/Fall2024-CPI111/objects/obj_right_arrow
[26-11-2024 01:20:29] Checking obj_resume_button
[26-11-2024 01:20:29] Directory: D:/GitHub/Uni-Class Related/Fall2024-CPI111/objects/obj_resume_button
[26-11-2024 01:20:29] Checking obj_results_controller
[26-11-2024 01:20:29] Directory: D:/GitHub/Uni-Class Related/Fall2024-CPI111/objects/obj_results_controller
[26-11-2024 01:20:29] Checking obj_reset_button
[26-11-2024 01:20:29] Directory: D:/GitHub/Uni-Class Related/Fall2024-CPI111/objects/obj_reset_button
[26-11-2024 01:20:29] Checking obj_player_anim_test
[26-11-2024 01:20:29] Directory: D:/GitHub/Uni-Class Related/Fall2024-CPI111/objects/obj_player_anim_test
[26-11-2024 01:20:29] Checking obj_player_anim
[26-11-2024 01:20:29] Directory: D:/GitHub/Uni-Class Related/Fall2024-CPI111/objects/obj_player_anim
[26-11-2024 01:20:29] Checking obj_player
[26-11-2024 01:20:29] Directory: D:/GitHub/Uni-Class Related/Fall2024-CPI111/objects/obj_player
[26-11-2024 01:20:29] Checking obj_pause_menu
[26-11-2024 01:20:29] Directory: D:/GitHub/Uni-Class Related/Fall2024-CPI111/objects/obj_pause_menu
[26-11-2024 01:20:29] Checking obj_one_star
[26-11-2024 01:20:29] Directory: D:/GitHub/Uni-Class Related/Fall2024-CPI111/objects/obj_one_star
[26-11-2024 01:20:29] Checking obj_no_stars
[26-11-2024 01:20:29] Directory: D:/GitHub/Uni-Class Related/Fall2024-CPI111/objects/obj_no_stars
[26-11-2024 01:20:29] Checking obj_music_level1
[26-11-2024 01:20:29] Directory: D:/GitHub/Uni-Class Related/Fall2024-CPI111/objects/obj_music_level1
[26-11-2024 01:20:29] Checking obj_music_controller_lv1
[26-11-2024 01:20:29] Directory: D:/GitHub/Uni-Class Related/Fall2024-CPI111/objects/obj_music_controller_lv1
[26-11-2024 01:20:29] Checking obj_music_controller
[26-11-2024 01:20:29] Directory: D:/GitHub/Uni-Class Related/Fall2024-CPI111/objects/obj_music_controller
[26-11-2024 01:20:29] Checking obj_level_one_dialogue
[26-11-2024 01:20:29] Directory: D:/GitHub/Uni-Class Related/Fall2024-CPI111/objects/obj_level_one_dialogue
[26-11-2024 01:20:29] Checking obj_left_arrow_slot
[26-11-2024 01:20:29] Directory: D:/GitHub/Uni-Class Related/Fall2024-CPI111/objects/obj_left_arrow_slot
[26-11-2024 01:20:29] Checking obj_left_arrow
[26-11-2024 01:20:29] Directory: D:/GitHub/Uni-Class Related/Fall2024-CPI111/objects/obj_left_arrow
[26-11-2024 01:20:29] Checking obj_king
[26-11-2024 01:20:29] Directory: D:/GitHub/Uni-Class Related/Fall2024-CPI111/objects/obj_king
[26-11-2024 01:20:29] Checking obj_health_score
[26-11-2024 01:20:29] Directory: D:/GitHub/Uni-Class Related/Fall2024-CPI111/objects/obj_health_score
[26-11-2024 01:20:29] Checking obj_health_display
[26-11-2024 01:20:29] Directory: D:/GitHub/Uni-Class Related/Fall2024-CPI111/objects/obj_health_display
[26-11-2024 01:20:29] Checking obj_healthbar
[26-11-2024 01:20:29] Directory: D:/GitHub/Uni-Class Related/Fall2024-CPI111/objects/obj_healthbar
[26-11-2024 01:20:29] Checking obj_global_manager
[26-11-2024 01:20:29] Directory: D:/GitHub/Uni-Class Related/Fall2024-CPI111/objects/obj_global_manager
[26-11-2024 01:20:29] Checking obj_game_manager
[26-11-2024 01:20:29] Directory: D:/GitHub/Uni-Class Related/Fall2024-CPI111/objects/obj_game_manager
[26-11-2024 01:20:29] Checking obj_feedback_miss
[26-11-2024 01:20:29] Directory: D:/GitHub/Uni-Class Related/Fall2024-CPI111/objects/obj_feedback_miss
[26-11-2024 01:20:29] Checking obj_feedback_huzzah
[26-11-2024 01:20:29] Directory: D:/GitHub/Uni-Class Related/Fall2024-CPI111/objects/obj_feedback_huzzah
[26-11-2024 01:20:29] Checking obj_feedback_great
[26-11-2024 01:20:29] Directory: D:/GitHub/Uni-Class Related/Fall2024-CPI111/objects/obj_feedback_great
[26-11-2024 01:20:29] Checking obj_feedback_good
[26-11-2024 01:20:29] Directory: D:/GitHub/Uni-Class Related/Fall2024-CPI111/objects/obj_feedback_good
[26-11-2024 01:20:29] Checking obj_feedback_generic
[26-11-2024 01:20:29] Directory: D:/GitHub/Uni-Class Related/Fall2024-CPI111/objects/obj_feedback_generic
[26-11-2024 01:20:29] Checking obj_feedback_bad
[26-11-2024 01:20:29] Directory: D:/GitHub/Uni-Class Related/Fall2024-CPI111/objects/obj_feedback_bad
[26-11-2024 01:20:29] Checking obj_exit_button
[26-11-2024 01:20:29] Directory: D:/GitHub/Uni-Class Related/Fall2024-CPI111/objects/obj_exit_button
[26-11-2024 01:20:29] Checking obj_enemy
[26-11-2024 01:20:29] Directory: D:/GitHub/Uni-Class Related/Fall2024-CPI111/objects/obj_enemy
[26-11-2024 01:20:29] Checking obj_dialogue_controller
[26-11-2024 01:20:29] Directory: D:/GitHub/Uni-Class Related/Fall2024-CPI111/objects/obj_dialogue_controller
[26-11-2024 01:20:29] Checking obj_curtains
[26-11-2024 01:20:29] Directory: D:/GitHub/Uni-Class Related/Fall2024-CPI111/objects/obj_curtains
[26-11-2024 01:20:29] Checking obj_crowd
[26-11-2024 01:20:29] Directory: D:/GitHub/Uni-Class Related/Fall2024-CPI111/objects/obj_crowd
[26-11-2024 01:20:29] Checking obj_countdown
[26-11-2024 01:20:29] Directory: D:/GitHub/Uni-Class Related/Fall2024-CPI111/objects/obj_countdown
[26-11-2024 01:20:29] Checking obj_btn_tutorial
[26-11-2024 01:20:29] Directory: D:/GitHub/Uni-Class Related/Fall2024-CPI111/objects/obj_btn_tutorial
[26-11-2024 01:20:29] Checking obj_btn_settings
[26-11-2024 01:20:29] Directory: D:/GitHub/Uni-Class Related/Fall2024-CPI111/objects/obj_btn_settings
[26-11-2024 01:20:29] Checking obj_btn_retry_level
[26-11-2024 01:20:29] Directory: D:/GitHub/Uni-Class Related/Fall2024-CPI111/objects/obj_btn_retry_level
[26-11-2024 01:20:29] Checking obj_btn_next_level
[26-11-2024 01:20:29] Directory: D:/GitHub/Uni-Class Related/Fall2024-CPI111/objects/obj_btn_next_level
[26-11-2024 01:20:29] Checking obj_btn_main_menu_back
[26-11-2024 01:20:29] Directory: D:/GitHub/Uni-Class Related/Fall2024-CPI111/objects/obj_btn_main_menu_back
[26-11-2024 01:20:29] Checking obj_btn_level_select
[26-11-2024 01:20:29] Directory: D:/GitHub/Uni-Class Related/Fall2024-CPI111/objects/obj_btn_level_select
[26-11-2024 01:20:29] Checking obj_btn_level_3
[26-11-2024 01:20:29] Directory: D:/GitHub/Uni-Class Related/Fall2024-CPI111/objects/obj_btn_level_3
[26-11-2024 01:20:29] Checking obj_btn_level_2
[26-11-2024 01:20:29] Directory: D:/GitHub/Uni-Class Related/Fall2024-CPI111/objects/obj_btn_level_2
[26-11-2024 01:20:29] Checking obj_btn_level_1
[26-11-2024 01:20:29] Directory: D:/GitHub/Uni-Class Related/Fall2024-CPI111/objects/obj_btn_level_1
[26-11-2024 01:20:29] Checking obj_btn_exit
[26-11-2024 01:20:29] Directory: D:/GitHub/Uni-Class Related/Fall2024-CPI111/objects/obj_btn_exit
[26-11-2024 01:20:29] Checking obj_btn_back
[26-11-2024 01:20:29] Directory: D:/GitHub/Uni-Class Related/Fall2024-CPI111/objects/obj_btn_back
[26-11-2024 01:20:29] Checking obj_bomb_up
[26-11-2024 01:20:29] Directory: D:/GitHub/Uni-Class Related/Fall2024-CPI111/objects/obj_bomb_up
[26-11-2024 01:20:29] Checking obj_bomb_sfx
[26-11-2024 01:20:29] Directory: D:/GitHub/Uni-Class Related/Fall2024-CPI111/objects/obj_bomb_sfx
[26-11-2024 01:20:29] Checking obj_bomb_right
[26-11-2024 01:20:29] Directory: D:/GitHub/Uni-Class Related/Fall2024-CPI111/objects/obj_bomb_right
[26-11-2024 01:20:29] Checking obj_bomb_left
[26-11-2024 01:20:29] Directory: D:/GitHub/Uni-Class Related/Fall2024-CPI111/objects/obj_bomb_left
[26-11-2024 01:20:29] Current parent directory: D:/GitHub/Uni-Class Related/Fall2024-CPI111/objects/obj_bomb_left
[26-11-2024 01:20:29] Checking Step_2.gml
[26-11-2024 01:20:29] Checking Step_0.gml
[26-11-2024 01:20:29] Checking obj_bomb_left.yy
[26-11-2024 01:20:29] Parsing D:/GitHub/Uni-Class Related/Fall2024-CPI111/objects/obj_bomb_left/obj_bomb_left.yy
[26-11-2024 01:20:29] Reading D:/GitHub/Uni-Class Related/Fall2024-CPI111/objects/obj_bomb_left/obj_bomb_left.yy
[26-11-2024 01:20:29] Par: "folders/Objects/Arrows/Bomb" at dir: "D:/GitHub/Uni-Class Related/Fall2024-CPI111/objects/obj_bomb_left/obj_bomb_left.yy"
[26-11-2024 01:20:29] Found Object: obj_bomb_left
[26-11-2024 01:20:29] Current parent directory: D:/GitHub/Uni-Class Related/Fall2024-CPI111/objects/obj_bomb_right
[26-11-2024 01:20:29] Checking Step_2.gml
[26-11-2024 01:20:29] Checking Step_0.gml
[26-11-2024 01:20:29] Checking obj_bomb_right.yy
[26-11-2024 01:20:29] Parsing D:/GitHub/Uni-Class Related/Fall2024-CPI111/objects/obj_bomb_right/obj_bomb_right.yy
[26-11-2024 01:20:29] Reading D:/GitHub/Uni-Class Related/Fall2024-CPI111/objects/obj_bomb_right/obj_bomb_right.yy
[26-11-2024 01:20:29] Par: "folders/Objects/Arrows/Bomb" at dir: "D:/GitHub/Uni-Class Related/Fall2024-CPI111/objects/obj_bomb_right/obj_bomb_right.yy"
[26-11-2024 01:20:29] Found Object: obj_bomb_right
[26-11-2024 01:20:29] Current parent directory: D:/GitHub/Uni-Class Related/Fall2024-CPI111/objects/obj_bomb_sfx
[26-11-2024 01:20:29] Checking obj_bomb_sfx.yy
[26-11-2024 01:20:29] Parsing D:/GitHub/Uni-Class Related/Fall2024-CPI111/objects/obj_bomb_sfx/obj_bomb_sfx.yy
[26-11-2024 01:20:29] Reading D:/GitHub/Uni-Class Related/Fall2024-CPI111/objects/obj_bomb_sfx/obj_bomb_sfx.yy
[26-11-2024 01:20:29] Par: "folders/Objects/Arrows/Feedback/Bomb" at dir: "D:/GitHub/Uni-Class Related/Fall2024-CPI111/objects/obj_bomb_sfx/obj_bomb_sfx.yy"
[26-11-2024 01:20:29] Found Object: obj_bomb_sfx
[26-11-2024 01:20:29] Current parent directory: D:/GitHub/Uni-Class Related/Fall2024-CPI111/objects/obj_bomb_up
[26-11-2024 01:20:29] Checking Step_2.gml
[26-11-2024 01:20:29] Checking Step_0.gml
[26-11-2024 01:20:29] Checking obj_bomb_up.yy
[26-11-2024 01:20:29] Parsing D:/GitHub/Uni-Class Related/Fall2024-CPI111/objects/obj_bomb_up/obj_bomb_up.yy
[26-11-2024 01:20:29] Reading D:/GitHub/Uni-Class Related/Fall2024-CPI111/objects/obj_bomb_up/obj_bomb_up.yy
[26-11-2024 01:20:29] Par: "folders/Objects/Arrows/Bomb" at dir: "D:/GitHub/Uni-Class Related/Fall2024-CPI111/objects/obj_bomb_up/obj_bomb_up.yy"
[26-11-2024 01:20:29] Found Object: obj_bomb_up
[26-11-2024 01:20:29] Current parent directory: D:/GitHub/Uni-Class Related/Fall2024-CPI111/objects/obj_btn_back
[26-11-2024 01:20:29] Checking obj_btn_back.yy
[26-11-2024 01:20:29] Parsing D:/GitHub/Uni-Class Related/Fall2024-CPI111/objects/obj_btn_back/obj_btn_back.yy
[26-11-2024 01:20:29] Reading D:/GitHub/Uni-Class Related/Fall2024-CPI111/objects/obj_btn_back/obj_btn_back.yy
[26-11-2024 01:20:29] Par: "folders/Objects/Buttons/Main Menu Buttons" at dir: "D:/GitHub/Uni-Class Related/Fall2024-CPI111/objects/obj_btn_back/obj_btn_back.yy"
[26-11-2024 01:20:29] Found Object: obj_btn_back
[26-11-2024 01:20:29] Checking Mouse_7.gml
[26-11-2024 01:20:29] Checking Mouse_4.gml
[26-11-2024 01:20:29] Current parent directory: D:/GitHub/Uni-Class Related/Fall2024-CPI111/objects/obj_btn_exit
[26-11-2024 01:20:29] Checking obj_btn_exit.yy
[26-11-2024 01:20:29] Parsing D:/GitHub/Uni-Class Related/Fall2024-CPI111/objects/obj_btn_exit/obj_btn_exit.yy
[26-11-2024 01:20:29] Reading D:/GitHub/Uni-Class Related/Fall2024-CPI111/objects/obj_btn_exit/obj_btn_exit.yy
[26-11-2024 01:20:29] Par: "folders/Objects/Buttons/Main Menu Buttons" at dir: "D:/GitHub/Uni-Class Related/Fall2024-CPI111/objects/obj_btn_exit/obj_btn_exit.yy"
[26-11-2024 01:20:29] Found Object: obj_btn_exit
[26-11-2024 01:20:29] Checking Mouse_7.gml
[26-11-2024 01:20:29] Checking Mouse_4.gml
[26-11-2024 01:20:29] Checking Mouse_11.gml
[26-11-2024 01:20:29] Checking Mouse_10.gml
[26-11-2024 01:20:29] Current parent directory: D:/GitHub/Uni-Class Related/Fall2024-CPI111/objects/obj_btn_level_1
[26-11-2024 01:20:29] Checking obj_btn_level_1.yy
[26-11-2024 01:20:29] Parsing D:/GitHub/Uni-Class Related/Fall2024-CPI111/objects/obj_btn_level_1/obj_btn_level_1.yy
[26-11-2024 01:20:29] Reading D:/GitHub/Uni-Class Related/Fall2024-CPI111/objects/obj_btn_level_1/obj_btn_level_1.yy
[26-11-2024 01:20:29] Par: "folders/Objects/Buttons/Level Select Buttons" at dir: "D:/GitHub/Uni-Class Related/Fall2024-CPI111/objects/obj_btn_level_1/obj_btn_level_1.yy"
[26-11-2024 01:20:29] Found Object: obj_btn_level_1
[26-11-2024 01:20:29] Checking Mouse_7.gml
[26-11-2024 01:20:29] Checking Mouse_4.gml
[26-11-2024 01:20:29] Current parent directory: D:/GitHub/Uni-Class Related/Fall2024-CPI111/objects/obj_btn_level_2
[26-11-2024 01:20:29] Checking obj_btn_level_2.yy
[26-11-2024 01:20:29] Parsing D:/GitHub/Uni-Class Related/Fall2024-CPI111/objects/obj_btn_level_2/obj_btn_level_2.yy
[26-11-2024 01:20:29] Reading D:/GitHub/Uni-Class Related/Fall2024-CPI111/objects/obj_btn_level_2/obj_btn_level_2.yy
[26-11-2024 01:20:29] Par: "folders/Objects/Buttons/Level Select Buttons" at dir: "D:/GitHub/Uni-Class Related/Fall2024-CPI111/objects/obj_btn_level_2/obj_btn_level_2.yy"
[26-11-2024 01:20:29] Found Object: obj_btn_level_2
[26-11-2024 01:20:29] Checking Mouse_7.gml
[26-11-2024 01:20:29] Checking Mouse_4.gml
[26-11-2024 01:20:29] Checking Alarm_0.gml
[26-11-2024 01:20:29] Current parent directory: D:/GitHub/Uni-Class Related/Fall2024-CPI111/objects/obj_btn_level_3
[26-11-2024 01:20:29] Checking obj_btn_level_3.yy
[26-11-2024 01:20:29] Parsing D:/GitHub/Uni-Class Related/Fall2024-CPI111/objects/obj_btn_level_3/obj_btn_level_3.yy
[26-11-2024 01:20:29] Reading D:/GitHub/Uni-Class Related/Fall2024-CPI111/objects/obj_btn_level_3/obj_btn_level_3.yy
[26-11-2024 01:20:29] Par: "folders/Objects/Buttons/Level Select Buttons" at dir: "D:/GitHub/Uni-Class Related/Fall2024-CPI111/objects/obj_btn_level_3/obj_btn_level_3.yy"
[26-11-2024 01:20:29] Found Object: obj_btn_level_3
[26-11-2024 01:20:29] Checking Mouse_7.gml
[26-11-2024 01:20:29] Checking Mouse_4.gml
[26-11-2024 01:20:29] Checking Alarm_0.gml
[26-11-2024 01:20:29] Current parent directory: D:/GitHub/Uni-Class Related/Fall2024-CPI111/objects/obj_btn_level_select
[26-11-2024 01:20:29] Checking obj_btn_level_select.yy
[26-11-2024 01:20:29] Parsing D:/GitHub/Uni-Class Related/Fall2024-CPI111/objects/obj_btn_level_select/obj_btn_level_select.yy
[26-11-2024 01:20:29] Reading D:/GitHub/Uni-Class Related/Fall2024-CPI111/objects/obj_btn_level_select/obj_btn_level_select.yy
[26-11-2024 01:20:29] Par: "folders/Objects/Buttons/Main Menu Buttons" at dir: "D:/GitHub/Uni-Class Related/Fall2024-CPI111/objects/obj_btn_level_select/obj_btn_level_select.yy"
[26-11-2024 01:20:29] Found Object: obj_btn_level_select
[26-11-2024 01:20:29] Checking Mouse_7.gml
[26-11-2024 01:20:29] Checking Mouse_4.gml
[26-11-2024 01:20:29] Checking Mouse_11.gml
[26-11-2024 01:20:29] Checking Mouse_10.gml
[26-11-2024 01:20:29] Current parent directory: D:/GitHub/Uni-Class Related/Fall2024-CPI111/objects/obj_btn_main_menu_back
[26-11-2024 01:20:29] Checking obj_btn_main_menu_back.yy
[26-11-2024 01:20:29] Parsing D:/GitHub/Uni-Class Related/Fall2024-CPI111/objects/obj_btn_main_menu_back/obj_btn_main_menu_back.yy
[26-11-2024 01:20:29] Reading D:/GitHub/Uni-Class Related/Fall2024-CPI111/objects/obj_btn_main_menu_back/obj_btn_main_menu_back.yy
[26-11-2024 01:20:29] Par: "folders/Objects/Buttons/Results Buttons" at dir: "D:/GitHub/Uni-Class Related/Fall2024-CPI111/objects/obj_btn_main_menu_back/obj_btn_main_menu_back.yy"
[26-11-2024 01:20:29] Found Object: obj_btn_main_menu_back
[26-11-2024 01:20:29] Checking Mouse_7.gml
[26-11-2024 01:20:29] Checking Mouse_4.gml
[26-11-2024 01:20:29] Checking Create_0.gml
[26-11-2024 01:20:29] Current parent directory: D:/GitHub/Uni-Class Related/Fall2024-CPI111/objects/obj_btn_next_level
[26-11-2024 01:20:29] Checking Step_0.gml
[26-11-2024 01:20:29] Checking obj_btn_next_level.yy
[26-11-2024 01:20:29] Parsing D:/GitHub/Uni-Class Related/Fall2024-CPI111/objects/obj_btn_next_level/obj_btn_next_level.yy
[26-11-2024 01:20:29] Reading D:/GitHub/Uni-Class Related/Fall2024-CPI111/objects/obj_btn_next_level/obj_btn_next_level.yy
[26-11-2024 01:20:29] Par: "folders/Objects/Buttons/Results Buttons" at dir: "D:/GitHub/Uni-Class Related/Fall2024-CPI111/objects/obj_btn_next_level/obj_btn_next_level.yy"
[26-11-2024 01:20:29] Found Object: obj_btn_next_level
[26-11-2024 01:20:29] Checking Mouse_7.gml
[26-11-2024 01:20:29] Checking Mouse_4.gml
[26-11-2024 01:20:29] Current parent directory: D:/GitHub/Uni-Class Related/Fall2024-CPI111/objects/obj_btn_retry_level
[26-11-2024 01:20:29] Checking obj_btn_retry_level.yy
[26-11-2024 01:20:29] Parsing D:/GitHub/Uni-Class Related/Fall2024-CPI111/objects/obj_btn_retry_level/obj_btn_retry_level.yy
[26-11-2024 01:20:29] Reading D:/GitHub/Uni-Class Related/Fall2024-CPI111/objects/obj_btn_retry_level/obj_btn_retry_level.yy
[26-11-2024 01:20:29] Par: "folders/Objects/Buttons/Results Buttons" at dir: "D:/GitHub/Uni-Class Related/Fall2024-CPI111/objects/obj_btn_retry_level/obj_btn_retry_level.yy"
[26-11-2024 01:20:29] Found Object: obj_btn_retry_level
[26-11-2024 01:20:29] Checking Mouse_7.gml
[26-11-2024 01:20:29] Checking Mouse_4.gml
[26-11-2024 01:20:29] Current parent directory: D:/GitHub/Uni-Class Related/Fall2024-CPI111/objects/obj_btn_settings
[26-11-2024 01:20:29] Checking obj_btn_settings.yy
[26-11-2024 01:20:29] Parsing D:/GitHub/Uni-Class Related/Fall2024-CPI111/objects/obj_btn_settings/obj_btn_settings.yy
[26-11-2024 01:20:29] Reading D:/GitHub/Uni-Class Related/Fall2024-CPI111/objects/obj_btn_settings/obj_btn_settings.yy
[26-11-2024 01:20:29] Par: "folders/Objects/Buttons/Main Menu Buttons" at dir: "D:/GitHub/Uni-Class Related/Fall2024-CPI111/objects/obj_btn_settings/obj_btn_settings.yy"
[26-11-2024 01:20:29] Found Object: obj_btn_settings
[26-11-2024 01:20:29] Checking Mouse_7.gml
[26-11-2024 01:20:29] Checking Mouse_4.gml
[26-11-2024 01:20:29] Checking Mouse_11.gml
[26-11-2024 01:20:29] Checking Mouse_10.gml
[26-11-2024 01:20:29] Current parent directory: D:/GitHub/Uni-Class Related/Fall2024-CPI111/objects/obj_btn_tutorial
[26-11-2024 01:20:29] Checking obj_btn_tutorial.yy
[26-11-2024 01:20:29] Parsing D:/GitHub/Uni-Class Related/Fall2024-CPI111/objects/obj_btn_tutorial/obj_btn_tutorial.yy
[26-11-2024 01:20:29] Reading D:/GitHub/Uni-Class Related/Fall2024-CPI111/objects/obj_btn_tutorial/obj_btn_tutorial.yy
[26-11-2024 01:20:29] Par: "folders/Objects/Tutorial" at dir: "D:/GitHub/Uni-Class Related/Fall2024-CPI111/objects/obj_btn_tutorial/obj_btn_tutorial.yy"
[26-11-2024 01:20:29] Found Object: obj_btn_tutorial
[26-11-2024 01:20:29] Checking Mouse_7.gml
[26-11-2024 01:20:29] Checking Mouse_4.gml
[26-11-2024 01:20:29] Checking Create_0.gml
[26-11-2024 01:20:29] Current parent directory: D:/GitHub/Uni-Class Related/Fall2024-CPI111/objects/obj_countdown
[26-11-2024 01:20:29] Checking Other_7.gml
[26-11-2024 01:20:29] Checking obj_countdown.yy
[26-11-2024 01:20:29] Parsing D:/GitHub/Uni-Class Related/Fall2024-CPI111/objects/obj_countdown/obj_countdown.yy
[26-11-2024 01:20:29] Reading D:/GitHub/Uni-Class Related/Fall2024-CPI111/objects/obj_countdown/obj_countdown.yy
[26-11-2024 01:20:29] Par: "folders/Objects/Meta" at dir: "D:/GitHub/Uni-Class Related/Fall2024-CPI111/objects/obj_countdown/obj_countdown.yy"
[26-11-2024 01:20:29] Found Object: obj_countdown
[26-11-2024 01:20:29] Current parent directory: D:/GitHub/Uni-Class Related/Fall2024-CPI111/objects/obj_crowd
[26-11-2024 01:20:29] Checking Step_0.gml
[26-11-2024 01:20:29] Checking obj_crowd.yy
[26-11-2024 01:20:29] Parsing D:/GitHub/Uni-Class Related/Fall2024-CPI111/objects/obj_crowd/obj_crowd.yy
[26-11-2024 01:20:29] Reading D:/GitHub/Uni-Class Related/Fall2024-CPI111/objects/obj_crowd/obj_crowd.yy
[26-11-2024 01:20:29] Par: "folders/Objects/Room" at dir: "D:/GitHub/Uni-Class Related/Fall2024-CPI111/objects/obj_crowd/obj_crowd.yy"
[26-11-2024 01:20:29] Found Object: obj_crowd
[26-11-2024 01:20:29] Checking Destroy_0.gml
[26-11-2024 01:20:29] Checking Create_0.gml
[26-11-2024 01:20:29] Current parent directory: D:/GitHub/Uni-Class Related/Fall2024-CPI111/objects/obj_curtains
[26-11-2024 01:20:29] Checking Step_0.gml
[26-11-2024 01:20:29] Checking obj_curtains.yy
[26-11-2024 01:20:29] Parsing D:/GitHub/Uni-Class Related/Fall2024-CPI111/objects/obj_curtains/obj_curtains.yy
[26-11-2024 01:20:29] Reading D:/GitHub/Uni-Class Related/Fall2024-CPI111/objects/obj_curtains/obj_curtains.yy
[26-11-2024 01:20:29] Par: "folders/Objects/Room" at dir: "D:/GitHub/Uni-Class Related/Fall2024-CPI111/objects/obj_curtains/obj_curtains.yy"
[26-11-2024 01:20:29] Found Object: obj_curtains
[26-11-2024 01:20:29] Checking Destroy_0.gml
[26-11-2024 01:20:29] Checking Create_0.gml
[26-11-2024 01:20:29] Current parent directory: D:/GitHub/Uni-Class Related/Fall2024-CPI111/objects/obj_dialogue_controller
[26-11-2024 01:20:29] Checking Step_0.gml
[26-11-2024 01:20:29] Checking Other_13.gml
[26-11-2024 01:20:29] Checking Other_12.gml
[26-11-2024 01:20:29] Checking Other_11.gml
[26-11-2024 01:20:29] Checking Other_10.gml
[26-11-2024 01:20:29] Checking obj_dialogue_controller.yy
[26-11-2024 01:20:29] Parsing D:/GitHub/Uni-Class Related/Fall2024-CPI111/objects/obj_dialogue_controller/obj_dialogue_controller.yy
[26-11-2024 01:20:29] Reading D:/GitHub/Uni-Class Related/Fall2024-CPI111/objects/obj_dialogue_controller/obj_dialogue_controller.yy
[26-11-2024 01:20:29] Par: "folders/Objects/Meta" at dir: "D:/GitHub/Uni-Class Related/Fall2024-CPI111/objects/obj_dialogue_controller/obj_dialogue_controller.yy"
[26-11-2024 01:20:29] Found Object: obj_dialogue_controller
[26-11-2024 01:20:29] Checking Draw_64.gml
[26-11-2024 01:20:29] Checking Create_0.gml
[26-11-2024 01:20:29] Current parent directory: D:/GitHub/Uni-Class Related/Fall2024-CPI111/objects/obj_enemy
[26-11-2024 01:20:29] Checking obj_enemy.yy
[26-11-2024 01:20:29] Parsing D:/GitHub/Uni-Class Related/Fall2024-CPI111/objects/obj_enemy/obj_enemy.yy
[26-11-2024 01:20:29] Reading D:/GitHub/Uni-Class Related/Fall2024-CPI111/objects/obj_enemy/obj_enemy.yy
[26-11-2024 01:20:29] Par: "folders/Objects/Room" at dir: "D:/GitHub/Uni-Class Related/Fall2024-CPI111/objects/obj_enemy/obj_enemy.yy"
[26-11-2024 01:20:29] Found Object: obj_enemy
[26-11-2024 01:20:29] Current parent directory: D:/GitHub/Uni-Class Related/Fall2024-CPI111/objects/obj_exit_button
[26-11-2024 01:20:29] Checking obj_exit_button.yy
[26-11-2024 01:20:29] Parsing D:/GitHub/Uni-Class Related/Fall2024-CPI111/objects/obj_exit_button/obj_exit_button.yy
[26-11-2024 01:20:29] Reading D:/GitHub/Uni-Class Related/Fall2024-CPI111/objects/obj_exit_button/obj_exit_button.yy
[26-11-2024 01:20:29] Par: "folders/Objects/Meta/Pause" at dir: "D:/GitHub/Uni-Class Related/Fall2024-CPI111/objects/obj_exit_button/obj_exit_button.yy"
[26-11-2024 01:20:29] Found Object: obj_exit_button
[26-11-2024 01:20:29] Checking Mouse_4.gml
[26-11-2024 01:20:29] Current parent directory: D:/GitHub/Uni-Class Related/Fall2024-CPI111/objects/obj_feedback_bad
[26-11-2024 01:20:29] Checking obj_feedback_bad.yy
[26-11-2024 01:20:29] Parsing D:/GitHub/Uni-Class Related/Fall2024-CPI111/objects/obj_feedback_bad/obj_feedback_bad.yy
[26-11-2024 01:20:29] Reading D:/GitHub/Uni-Class Related/Fall2024-CPI111/objects/obj_feedback_bad/obj_feedback_bad.yy
[26-11-2024 01:20:29] Par: "folders/Objects/Arrows/Feedback" at dir: "D:/GitHub/Uni-Class Related/Fall2024-CPI111/objects/obj_feedback_bad/obj_feedback_bad.yy"
[26-11-2024 01:20:29] Found Object: obj_feedback_bad
[26-11-2024 01:20:29] Current parent directory: D:/GitHub/Uni-Class Related/Fall2024-CPI111/objects/obj_feedback_generic
[26-11-2024 01:20:29] Checking Step_0.gml
[26-11-2024 01:20:29] Checking obj_feedback_generic.yy
[26-11-2024 01:20:29] Parsing D:/GitHub/Uni-Class Related/Fall2024-CPI111/objects/obj_feedback_generic/obj_feedback_generic.yy
[26-11-2024 01:20:29] Reading D:/GitHub/Uni-Class Related/Fall2024-CPI111/objects/obj_feedback_generic/obj_feedback_generic.yy
[26-11-2024 01:20:29] Par: "folders/Objects/Arrows/Feedback" at dir: "D:/GitHub/Uni-Class Related/Fall2024-CPI111/objects/obj_feedback_generic/obj_feedback_generic.yy"
[26-11-2024 01:20:29] Found Object: obj_feedback_generic
[26-11-2024 01:20:29] Checking Create_0.gml
[26-11-2024 01:20:29] Current parent directory: D:/GitHub/Uni-Class Related/Fall2024-CPI111/objects/obj_feedback_good
[26-11-2024 01:20:29] Checking obj_feedback_good.yy
[26-11-2024 01:20:29] Parsing D:/GitHub/Uni-Class Related/Fall2024-CPI111/objects/obj_feedback_good/obj_feedback_good.yy
[26-11-2024 01:20:29] Reading D:/GitHub/Uni-Class Related/Fall2024-CPI111/objects/obj_feedback_good/obj_feedback_good.yy
[26-11-2024 01:20:29] Par: "folders/Objects/Arrows/Feedback" at dir: "D:/GitHub/Uni-Class Related/Fall2024-CPI111/objects/obj_feedback_good/obj_feedback_good.yy"
[26-11-2024 01:20:29] Found Object: obj_feedback_good
[26-11-2024 01:20:29] Current parent directory: D:/GitHub/Uni-Class Related/Fall2024-CPI111/objects/obj_feedback_great
[26-11-2024 01:20:29] Checking Step_0.gml
[26-11-2024 01:20:29] Checking obj_feedback_great.yy
[26-11-2024 01:20:29] Parsing D:/GitHub/Uni-Class Related/Fall2024-CPI111/objects/obj_feedback_great/obj_feedback_great.yy
[26-11-2024 01:20:29] Reading D:/GitHub/Uni-Class Related/Fall2024-CPI111/objects/obj_feedback_great/obj_feedback_great.yy
[26-11-2024 01:20:29] Par: "folders/Objects/Arrows/Feedback" at dir: "D:/GitHub/Uni-Class Related/Fall2024-CPI111/objects/obj_feedback_great/obj_feedback_great.yy"
[26-11-2024 01:20:29] Found Object: obj_feedback_great
[26-11-2024 01:20:29] Current parent directory: D:/GitHub/Uni-Class Related/Fall2024-CPI111/objects/obj_feedback_huzzah
[26-11-2024 01:20:29] Checking obj_feedback_huzzah.yy
[26-11-2024 01:20:29] Parsing D:/GitHub/Uni-Class Related/Fall2024-CPI111/objects/obj_feedback_huzzah/obj_feedback_huzzah.yy
[26-11-2024 01:20:29] Reading D:/GitHub/Uni-Class Related/Fall2024-CPI111/objects/obj_feedback_huzzah/obj_feedback_huzzah.yy
[26-11-2024 01:20:29] Par: "folders/Objects/Arrows/Feedback" at dir: "D:/GitHub/Uni-Class Related/Fall2024-CPI111/objects/obj_feedback_huzzah/obj_feedback_huzzah.yy"
[26-11-2024 01:20:29] Found Object: obj_feedback_huzzah
[26-11-2024 01:20:29] Current parent directory: D:/GitHub/Uni-Class Related/Fall2024-CPI111/objects/obj_feedback_miss
[26-11-2024 01:20:29] Checking obj_feedback_miss.yy
[26-11-2024 01:20:29] Parsing D:/GitHub/Uni-Class Related/Fall2024-CPI111/objects/obj_feedback_miss/obj_feedback_miss.yy
[26-11-2024 01:20:29] Reading D:/GitHub/Uni-Class Related/Fall2024-CPI111/objects/obj_feedback_miss/obj_feedback_miss.yy
[26-11-2024 01:20:29] Par: "folders/Objects/Arrows/Feedback" at dir: "D:/GitHub/Uni-Class Related/Fall2024-CPI111/objects/obj_feedback_miss/obj_feedback_miss.yy"
[26-11-2024 01:20:29] Found Object: obj_feedback_miss
[26-11-2024 01:20:29] Current parent directory: D:/GitHub/Uni-Class Related/Fall2024-CPI111/objects/obj_game_manager
[26-11-2024 01:20:29] Checking Step_0.gml
[26-11-2024 01:20:29] Checking obj_game_manager.yy
[26-11-2024 01:20:29] Parsing D:/GitHub/Uni-Class Related/Fall2024-CPI111/objects/obj_game_manager/obj_game_manager.yy
[26-11-2024 01:20:29] Reading D:/GitHub/Uni-Class Related/Fall2024-CPI111/objects/obj_game_manager/obj_game_manager.yy
[26-11-2024 01:20:29] Par: "folders/Objects/Meta" at dir: "D:/GitHub/Uni-Class Related/Fall2024-CPI111/objects/obj_game_manager/obj_game_manager.yy"
[26-11-2024 01:20:29] Found Object: obj_game_manager
[26-11-2024 01:20:29] Checking Draw_64.gml
[26-11-2024 01:20:29] Checking Create_0.gml
[26-11-2024 01:20:29] Checking CleanUp_0.gml
[26-11-2024 01:20:29] Checking Alarm_0.gml
[26-11-2024 01:20:29] Current parent directory: D:/GitHub/Uni-Class Related/Fall2024-CPI111/objects/obj_global_manager
[26-11-2024 01:20:29] Checking Step_0.gml
[26-11-2024 01:20:29] Checking obj_global_manager.yy
[26-11-2024 01:20:29] Parsing D:/GitHub/Uni-Class Related/Fall2024-CPI111/objects/obj_global_manager/obj_global_manager.yy
[26-11-2024 01:20:29] Reading D:/GitHub/Uni-Class Related/Fall2024-CPI111/objects/obj_global_manager/obj_global_manager.yy
[26-11-2024 01:20:29] Par: "folders/Objects/Meta" at dir: "D:/GitHub/Uni-Class Related/Fall2024-CPI111/objects/obj_global_manager/obj_global_manager.yy"
[26-11-2024 01:20:29] Found Object: obj_global_manager
[26-11-2024 01:20:29] Checking KeyPress_49.gml
[26-11-2024 01:20:29] Checking Create_0.gml
[26-11-2024 01:20:29] Current parent directory: D:/GitHub/Uni-Class Related/Fall2024-CPI111/objects/obj_healthbar
[26-11-2024 01:20:29] Checking obj_healthbar.yy
[26-11-2024 01:20:29] Parsing D:/GitHub/Uni-Class Related/Fall2024-CPI111/objects/obj_healthbar/obj_healthbar.yy
[26-11-2024 01:20:29] Reading D:/GitHub/Uni-Class Related/Fall2024-CPI111/objects/obj_healthbar/obj_healthbar.yy
[26-11-2024 01:20:29] Par: "folders/Objects/UI" at dir: "D:/GitHub/Uni-Class Related/Fall2024-CPI111/objects/obj_healthbar/obj_healthbar.yy"
[26-11-2024 01:20:29] Found Object: obj_healthbar
[26-11-2024 01:20:29] Current parent directory: D:/GitHub/Uni-Class Related/Fall2024-CPI111/objects/obj_health_display
[26-11-2024 01:20:29] Checking obj_health_display.yy
[26-11-2024 01:20:29] Parsing D:/GitHub/Uni-Class Related/Fall2024-CPI111/objects/obj_health_display/obj_health_display.yy
[26-11-2024 01:20:29] Reading D:/GitHub/Uni-Class Related/Fall2024-CPI111/objects/obj_health_display/obj_health_display.yy
[26-11-2024 01:20:29] Par: "folders/Objects/Results Screen" at dir: "D:/GitHub/Uni-Class Related/Fall2024-CPI111/objects/obj_health_display/obj_health_display.yy"
[26-11-2024 01:20:29] Found Object: obj_health_display
[26-11-2024 01:20:29] Checking Draw_64.gml
[26-11-2024 01:20:29] Current parent directory: D:/GitHub/Uni-Class Related/Fall2024-CPI111/objects/obj_health_score
[26-11-2024 01:20:29] Checking obj_health_score.yy
[26-11-2024 01:20:29] Parsing D:/GitHub/Uni-Class Related/Fall2024-CPI111/objects/obj_health_score/obj_health_score.yy
[26-11-2024 01:20:29] Reading D:/GitHub/Uni-Class Related/Fall2024-CPI111/objects/obj_health_score/obj_health_score.yy
[26-11-2024 01:20:29] Par: "folders/Objects/UI" at dir: "D:/GitHub/Uni-Class Related/Fall2024-CPI111/objects/obj_health_score/obj_health_score.yy"
[26-11-2024 01:20:29] Found Object: obj_health_score
[26-11-2024 01:20:29] Current parent directory: D:/GitHub/Uni-Class Related/Fall2024-CPI111/objects/obj_king
[26-11-2024 01:20:29] Checking obj_king.yy
[26-11-2024 01:20:29] Parsing D:/GitHub/Uni-Class Related/Fall2024-CPI111/objects/obj_king/obj_king.yy
[26-11-2024 01:20:29] Reading D:/GitHub/Uni-Class Related/Fall2024-CPI111/objects/obj_king/obj_king.yy
[26-11-2024 01:20:29] Par: "folders/Objects/Room/Characters" at dir: "D:/GitHub/Uni-Class Related/Fall2024-CPI111/objects/obj_king/obj_king.yy"
[26-11-2024 01:20:29] Found Object: obj_king
[26-11-2024 01:20:29] Current parent directory: D:/GitHub/Uni-Class Related/Fall2024-CPI111/objects/obj_left_arrow
[26-11-2024 01:20:29] Checking Step_2.gml
[26-11-2024 01:20:29] Checking Step_0.gml
[26-11-2024 01:20:29] Checking obj_left_arrow.yy
[26-11-2024 01:20:29] Parsing D:/GitHub/Uni-Class Related/Fall2024-CPI111/objects/obj_left_arrow/obj_left_arrow.yy
[26-11-2024 01:20:29] Reading D:/GitHub/Uni-Class Related/Fall2024-CPI111/objects/obj_left_arrow/obj_left_arrow.yy
[26-11-2024 01:20:29] Par: "folders/Objects/Arrows" at dir: "D:/GitHub/Uni-Class Related/Fall2024-CPI111/objects/obj_left_arrow/obj_left_arrow.yy"
[26-11-2024 01:20:29] Found Object: obj_left_arrow
[26-11-2024 01:20:29] Current parent directory: D:/GitHub/Uni-Class Related/Fall2024-CPI111/objects/obj_left_arrow_slot
[26-11-2024 01:20:29] Checking obj_left_arrow_slot.yy
[26-11-2024 01:20:29] Parsing D:/GitHub/Uni-Class Related/Fall2024-CPI111/objects/obj_left_arrow_slot/obj_left_arrow_slot.yy
[26-11-2024 01:20:29] Reading D:/GitHub/Uni-Class Related/Fall2024-CPI111/objects/obj_left_arrow_slot/obj_left_arrow_slot.yy
[26-11-2024 01:20:29] Par: "folders/Objects/Arrows" at dir: "D:/GitHub/Uni-Class Related/Fall2024-CPI111/objects/obj_left_arrow_slot/obj_left_arrow_slot.yy"
[26-11-2024 01:20:29] Found Object: obj_left_arrow_slot
[26-11-2024 01:20:29] Current parent directory: D:/GitHub/Uni-Class Related/Fall2024-CPI111/objects/obj_level_one_dialogue
[26-11-2024 01:20:29] Checking obj_level_one_dialogue.yy
[26-11-2024 01:20:29] Parsing D:/GitHub/Uni-Class Related/Fall2024-CPI111/objects/obj_level_one_dialogue/obj_level_one_dialogue.yy
[26-11-2024 01:20:29] Reading D:/GitHub/Uni-Class Related/Fall2024-CPI111/objects/obj_level_one_dialogue/obj_level_one_dialogue.yy
[26-11-2024 01:20:29] Par: "folders/Objects/Meta/Level_dialogue" at dir: "D:/GitHub/Uni-Class Related/Fall2024-CPI111/objects/obj_level_one_dialogue/obj_level_one_dialogue.yy"
[26-11-2024 01:20:29] Found Object: obj_level_one_dialogue
[26-11-2024 01:20:29] Checking Create_0.gml
[26-11-2024 01:20:29] Current parent directory: D:/GitHub/Uni-Class Related/Fall2024-CPI111/objects/obj_music_controller
[26-11-2024 01:20:29] Checking Step_2.gml
[26-11-2024 01:20:29] Checking Step_1.gml
[26-11-2024 01:20:29] Checking Step_0.gml
[26-11-2024 01:20:29] Checking obj_music_controller.yy
[26-11-2024 01:20:29] Parsing D:/GitHub/Uni-Class Related/Fall2024-CPI111/objects/obj_music_controller/obj_music_controller.yy
[26-11-2024 01:20:29] Reading D:/GitHub/Uni-Class Related/Fall2024-CPI111/objects/obj_music_controller/obj_music_controller.yy
[26-11-2024 01:20:29] Par: "folders/Objects/Meta" at dir: "D:/GitHub/Uni-Class Related/Fall2024-CPI111/objects/obj_music_controller/obj_music_controller.yy"
[26-11-2024 01:20:29] Found Object: obj_music_controller
[26-11-2024 01:20:29] Checking Create_0.gml
[26-11-2024 01:20:29] Checking CleanUp_0.gml
[26-11-2024 01:20:29] Checking Alarm_0.gml
[26-11-2024 01:20:29] Current parent directory: D:/GitHub/Uni-Class Related/Fall2024-CPI111/objects/obj_music_controller_lv1
[26-11-2024 01:20:29] Checking obj_music_controller_lv1.yy
[26-11-2024 01:20:29] Parsing D:/GitHub/Uni-Class Related/Fall2024-CPI111/objects/obj_music_controller_lv1/obj_music_controller_lv1.yy
[26-11-2024 01:20:29] Reading D:/GitHub/Uni-Class Related/Fall2024-CPI111/objects/obj_music_controller_lv1/obj_music_controller_lv1.yy
[26-11-2024 01:20:29] Par: "folders/Objects" at dir: "D:/GitHub/Uni-Class Related/Fall2024-CPI111/objects/obj_music_controller_lv1/obj_music_controller_lv1.yy"
[26-11-2024 01:20:29] Found Object: obj_music_controller_lv1
[26-11-2024 01:20:29] Checking Create_0.gml
[26-11-2024 01:20:29] Current parent directory: D:/GitHub/Uni-Class Related/Fall2024-CPI111/objects/obj_music_level1
[26-11-2024 01:20:29] Checking obj_music_level1.yy
[26-11-2024 01:20:29] Parsing D:/GitHub/Uni-Class Related/Fall2024-CPI111/objects/obj_music_level1/obj_music_level1.yy
[26-11-2024 01:20:29] Reading D:/GitHub/Uni-Class Related/Fall2024-CPI111/objects/obj_music_level1/obj_music_level1.yy
[26-11-2024 01:20:29] Par: "folders/Objects/Meta/Level_music" at dir: "D:/GitHub/Uni-Class Related/Fall2024-CPI111/objects/obj_music_level1/obj_music_level1.yy"
[26-11-2024 01:20:29] Found Object: obj_music_level1
[26-11-2024 01:20:29] Current parent directory: D:/GitHub/Uni-Class Related/Fall2024-CPI111/objects/obj_no_stars
[26-11-2024 01:20:29] Checking obj_no_stars.yy
[26-11-2024 01:20:29] Parsing D:/GitHub/Uni-Class Related/Fall2024-CPI111/objects/obj_no_stars/obj_no_stars.yy
[26-11-2024 01:20:29] Reading D:/GitHub/Uni-Class Related/Fall2024-CPI111/objects/obj_no_stars/obj_no_stars.yy
[26-11-2024 01:20:29] Par: "folders/Objects/Results Screen/Stars" at dir: "D:/GitHub/Uni-Class Related/Fall2024-CPI111/objects/obj_no_stars/obj_no_stars.yy"
[26-11-2024 01:20:29] Found Object: obj_no_stars
[26-11-2024 01:20:29] Checking Create_0.gml
[26-11-2024 01:20:29] Current parent directory: D:/GitHub/Uni-Class Related/Fall2024-CPI111/objects/obj_one_star
[26-11-2024 01:20:29] Checking obj_one_star.yy
[26-11-2024 01:20:29] Parsing D:/GitHub/Uni-Class Related/Fall2024-CPI111/objects/obj_one_star/obj_one_star.yy
[26-11-2024 01:20:29] Reading D:/GitHub/Uni-Class Related/Fall2024-CPI111/objects/obj_one_star/obj_one_star.yy
[26-11-2024 01:20:29] Par: "folders/Objects/Results Screen/Stars" at dir: "D:/GitHub/Uni-Class Related/Fall2024-CPI111/objects/obj_one_star/obj_one_star.yy"
[26-11-2024 01:20:29] Found Object: obj_one_star
[26-11-2024 01:20:29] Checking Create_0.gml
[26-11-2024 01:20:29] Current parent directory: D:/GitHub/Uni-Class Related/Fall2024-CPI111/objects/obj_pause_menu
[26-11-2024 01:20:29] Checking obj_pause_menu.yy
[26-11-2024 01:20:29] Parsing D:/GitHub/Uni-Class Related/Fall2024-CPI111/objects/obj_pause_menu/obj_pause_menu.yy
[26-11-2024 01:20:29] Reading D:/GitHub/Uni-Class Related/Fall2024-CPI111/objects/obj_pause_menu/obj_pause_menu.yy
[26-11-2024 01:20:29] Par: "folders/Objects/Meta/Pause" at dir: "D:/GitHub/Uni-Class Related/Fall2024-CPI111/objects/obj_pause_menu/obj_pause_menu.yy"
[26-11-2024 01:20:29] Found Object: obj_pause_menu
[26-11-2024 01:20:29] Checking Mouse_4.gml
[26-11-2024 01:20:29] Checking Mouse_11.gml
[26-11-2024 01:20:29] Checking Mouse_10.gml
[26-11-2024 01:20:29] Checking Draw_0.gml
[26-11-2024 01:20:29] Checking Alarm_0.gml
[26-11-2024 01:20:29] Current parent directory: D:/GitHub/Uni-Class Related/Fall2024-CPI111/objects/obj_player
[26-11-2024 01:20:29] Checking obj_player.yy
[26-11-2024 01:20:29] Parsing D:/GitHub/Uni-Class Related/Fall2024-CPI111/objects/obj_player/obj_player.yy
[26-11-2024 01:20:29] Reading D:/GitHub/Uni-Class Related/Fall2024-CPI111/objects/obj_player/obj_player.yy
[26-11-2024 01:20:29] Par: "folders/Objects/Room" at dir: "D:/GitHub/Uni-Class Related/Fall2024-CPI111/objects/obj_player/obj_player.yy"
[26-11-2024 01:20:29] Found Object: obj_player
[26-11-2024 01:20:29] Current parent directory: D:/GitHub/Uni-Class Related/Fall2024-CPI111/objects/obj_player_anim
[26-11-2024 01:20:29] Checking Step_0.gml
[26-11-2024 01:20:29] Checking obj_player_anim.yy
[26-11-2024 01:20:29] Parsing D:/GitHub/Uni-Class Related/Fall2024-CPI111/objects/obj_player_anim/obj_player_anim.yy
[26-11-2024 01:20:29] Reading D:/GitHub/Uni-Class Related/Fall2024-CPI111/objects/obj_player_anim/obj_player_anim.yy
[26-11-2024 01:20:29] Par: "folders/Objects/Characters" at dir: "D:/GitHub/Uni-Class Related/Fall2024-CPI111/objects/obj_player_anim/obj_player_anim.yy"
[26-11-2024 01:20:29] Found Object: obj_player_anim
[26-11-2024 01:20:29] Checking Destroy_0.gml
[26-11-2024 01:20:29] Checking Create_0.gml
[26-11-2024 01:20:29] Current parent directory: D:/GitHub/Uni-Class Related/Fall2024-CPI111/objects/obj_player_anim_test
[26-11-2024 01:20:29] Checking Create_0.gml
[26-11-2024 01:20:29] Checking .Create_0.gml.swp
[26-11-2024 01:20:29] Current parent directory: D:/GitHub/Uni-Class Related/Fall2024-CPI111/objects/obj_reset_button
[26-11-2024 01:20:29] Checking obj_reset_button.yy
[26-11-2024 01:20:29] Parsing D:/GitHub/Uni-Class Related/Fall2024-CPI111/objects/obj_reset_button/obj_reset_button.yy
[26-11-2024 01:20:29] Reading D:/GitHub/Uni-Class Related/Fall2024-CPI111/objects/obj_reset_button/obj_reset_button.yy
[26-11-2024 01:20:29] Par: "folders/Objects/Meta/Pause" at dir: "D:/GitHub/Uni-Class Related/Fall2024-CPI111/objects/obj_reset_button/obj_reset_button.yy"
[26-11-2024 01:20:29] Found Object: obj_reset_button
[26-11-2024 01:20:29] Checking Mouse_4.gml
[26-11-2024 01:20:29] Current parent directory: D:/GitHub/Uni-Class Related/Fall2024-CPI111/objects/obj_results_controller
[26-11-2024 01:20:29] Checking Step_0.gml
[26-11-2024 01:20:29] Checking obj_results_controller.yy
[26-11-2024 01:20:29] Parsing D:/GitHub/Uni-Class Related/Fall2024-CPI111/objects/obj_results_controller/obj_results_controller.yy
[26-11-2024 01:20:29] Reading D:/GitHub/Uni-Class Related/Fall2024-CPI111/objects/obj_results_controller/obj_results_controller.yy
[26-11-2024 01:20:29] Par: "folders/Objects/Meta" at dir: "D:/GitHub/Uni-Class Related/Fall2024-CPI111/objects/obj_results_controller/obj_results_controller.yy"
[26-11-2024 01:20:29] Found Object: obj_results_controller
[26-11-2024 01:20:29] Checking Draw_64.gml
[26-11-2024 01:20:29] Checking Destroy_0.gml
[26-11-2024 01:20:29] Checking Create_0.gml
[26-11-2024 01:20:29] Checking CleanUp_0.gml
[26-11-2024 01:20:29] Current parent directory: D:/GitHub/Uni-Class Related/Fall2024-CPI111/objects/obj_resume_button
[26-11-2024 01:20:29] Checking obj_resume_button.yy
[26-11-2024 01:20:29] Parsing D:/GitHub/Uni-Class Related/Fall2024-CPI111/objects/obj_resume_button/obj_resume_button.yy
[26-11-2024 01:20:29] Reading D:/GitHub/Uni-Class Related/Fall2024-CPI111/objects/obj_resume_button/obj_resume_button.yy
[26-11-2024 01:20:29] Par: "folders/Objects/Meta/Pause" at dir: "D:/GitHub/Uni-Class Related/Fall2024-CPI111/objects/obj_resume_button/obj_resume_button.yy"
[26-11-2024 01:20:29] Found Object: obj_resume_button
[26-11-2024 01:20:29] Checking Mouse_4.gml
[26-11-2024 01:20:29] Current parent directory: D:/GitHub/Uni-Class Related/Fall2024-CPI111/objects/obj_right_arrow
[26-11-2024 01:20:29] Checking Step_2.gml
[26-11-2024 01:20:29] Checking Step_0.gml
[26-11-2024 01:20:29] Checking obj_right_arrow.yy
[26-11-2024 01:20:29] Parsing D:/GitHub/Uni-Class Related/Fall2024-CPI111/objects/obj_right_arrow/obj_right_arrow.yy
[26-11-2024 01:20:29] Reading D:/GitHub/Uni-Class Related/Fall2024-CPI111/objects/obj_right_arrow/obj_right_arrow.yy
[26-11-2024 01:20:29] Par: "folders/Objects/Arrows" at dir: "D:/GitHub/Uni-Class Related/Fall2024-CPI111/objects/obj_right_arrow/obj_right_arrow.yy"
[26-11-2024 01:20:29] Found Object: obj_right_arrow
[26-11-2024 01:20:29] Current parent directory: D:/GitHub/Uni-Class Related/Fall2024-CPI111/objects/obj_right_arrow_slot
[26-11-2024 01:20:29] Checking obj_right_arrow_slot.yy
[26-11-2024 01:20:29] Parsing D:/GitHub/Uni-Class Related/Fall2024-CPI111/objects/obj_right_arrow_slot/obj_right_arrow_slot.yy
[26-11-2024 01:20:29] Reading D:/GitHub/Uni-Class Related/Fall2024-CPI111/objects/obj_right_arrow_slot/obj_right_arrow_slot.yy
[26-11-2024 01:20:29] Par: "folders/Objects/Arrows" at dir: "D:/GitHub/Uni-Class Related/Fall2024-CPI111/objects/obj_right_arrow_slot/obj_right_arrow_slot.yy"
[26-11-2024 01:20:29] Found Object: obj_right_arrow_slot
[26-11-2024 01:20:29] Current parent directory: D:/GitHub/Uni-Class Related/Fall2024-CPI111/objects/obj_score_text
[26-11-2024 01:20:29] Checking obj_score_text.yy
[26-11-2024 01:20:29] Parsing D:/GitHub/Uni-Class Related/Fall2024-CPI111/objects/obj_score_text/obj_score_text.yy
[26-11-2024 01:20:29] Reading D:/GitHub/Uni-Class Related/Fall2024-CPI111/objects/obj_score_text/obj_score_text.yy
[26-11-2024 01:20:29] Par: "folders/Objects/Results Screen" at dir: "D:/GitHub/Uni-Class Related/Fall2024-CPI111/objects/obj_score_text/obj_score_text.yy"
[26-11-2024 01:20:29] Found Object: obj_score_text
[26-11-2024 01:20:29] Checking Draw_64.gml
[26-11-2024 01:20:29] Current parent directory: D:/GitHub/Uni-Class Related/Fall2024-CPI111/objects/obj_slider_note_timing_offset
[26-11-2024 01:20:29] Checking Step_0.gml
[26-11-2024 01:20:29] Checking obj_slider_note_timing_offset.yy
[26-11-2024 01:20:29] Parsing D:/GitHub/Uni-Class Related/Fall2024-CPI111/objects/obj_slider_note_timing_offset/obj_slider_note_timing_offset.yy
[26-11-2024 01:20:29] Reading D:/GitHub/Uni-Class Related/Fall2024-CPI111/objects/obj_slider_note_timing_offset/obj_slider_note_timing_offset.yy
[26-11-2024 01:20:29] Par: "folders/Objects/Settings" at dir: "D:/GitHub/Uni-Class Related/Fall2024-CPI111/objects/obj_slider_note_timing_offset/obj_slider_note_timing_offset.yy"
[26-11-2024 01:20:29] Found Object: obj_slider_note_timing_offset
[26-11-2024 01:20:29] Checking Draw_64.gml
[26-11-2024 01:20:29] Checking Draw_0.gml
[26-11-2024 01:20:29] Checking Create_0.gml
[26-11-2024 01:20:29] Current parent directory: D:/GitHub/Uni-Class Related/Fall2024-CPI111/objects/obj_slider_volume
[26-11-2024 01:20:29] Checking Step_0.gml
[26-11-2024 01:20:29] Checking obj_slider_volume.yy
[26-11-2024 01:20:29] Parsing D:/GitHub/Uni-Class Related/Fall2024-CPI111/objects/obj_slider_volume/obj_slider_volume.yy
[26-11-2024 01:20:29] Reading D:/GitHub/Uni-Class Related/Fall2024-CPI111/objects/obj_slider_volume/obj_slider_volume.yy
[26-11-2024 01:20:29] Par: "folders/Objects/Settings" at dir: "D:/GitHub/Uni-Class Related/Fall2024-CPI111/objects/obj_slider_volume/obj_slider_volume.yy"
[26-11-2024 01:20:29] Found Object: obj_slider_volume
[26-11-2024 01:20:29] Checking Draw_64.gml
[26-11-2024 01:20:29] Checking Draw_0.gml
[26-11-2024 01:20:29] Checking Create_0.gml
[26-11-2024 01:20:29] Current parent directory: D:/GitHub/Uni-Class Related/Fall2024-CPI111/objects/obj_stage
[26-11-2024 01:20:29] Checking obj_stage.yy
[26-11-2024 01:20:29] Parsing D:/GitHub/Uni-Class Related/Fall2024-CPI111/objects/obj_stage/obj_stage.yy
[26-11-2024 01:20:29] Reading D:/GitHub/Uni-Class Related/Fall2024-CPI111/objects/obj_stage/obj_stage.yy
[26-11-2024 01:20:29] Par: "folders/Objects/Room/Background" at dir: "D:/GitHub/Uni-Class Related/Fall2024-CPI111/objects/obj_stage/obj_stage.yy"
[26-11-2024 01:20:29] Found Object: obj_stage
[26-11-2024 01:20:29] Current parent directory: D:/GitHub/Uni-Class Related/Fall2024-CPI111/objects/obj_stage_background
[26-11-2024 01:20:29] Checking obj_stage_background.yy
[26-11-2024 01:20:29] Parsing D:/GitHub/Uni-Class Related/Fall2024-CPI111/objects/obj_stage_background/obj_stage_background.yy
[26-11-2024 01:20:29] Reading D:/GitHub/Uni-Class Related/Fall2024-CPI111/objects/obj_stage_background/obj_stage_background.yy
[26-11-2024 01:20:29] Par: "folders/Objects/Room/Background" at dir: "D:/GitHub/Uni-Class Related/Fall2024-CPI111/objects/obj_stage_background/obj_stage_background.yy"
[26-11-2024 01:20:29] Found Object: obj_stage_background
[26-11-2024 01:20:29] Current parent directory: D:/GitHub/Uni-Class Related/Fall2024-CPI111/objects/obj_three_stars
[26-11-2024 01:20:29] Checking obj_three_stars.yy
[26-11-2024 01:20:29] Parsing D:/GitHub/Uni-Class Related/Fall2024-CPI111/objects/obj_three_stars/obj_three_stars.yy
[26-11-2024 01:20:29] Reading D:/GitHub/Uni-Class Related/Fall2024-CPI111/objects/obj_three_stars/obj_three_stars.yy
[26-11-2024 01:20:29] Par: "folders/Objects/Results Screen/Stars" at dir: "D:/GitHub/Uni-Class Related/Fall2024-CPI111/objects/obj_three_stars/obj_three_stars.yy"
[26-11-2024 01:20:29] Found Object: obj_three_stars
[26-11-2024 01:20:29] Checking Create_0.gml
[26-11-2024 01:20:29] Current parent directory: D:/GitHub/Uni-Class Related/Fall2024-CPI111/objects/obj_title
[26-11-2024 01:20:29] Checking obj_title.yy
[26-11-2024 01:20:29] Parsing D:/GitHub/Uni-Class Related/Fall2024-CPI111/objects/obj_title/obj_title.yy
[26-11-2024 01:20:29] Reading D:/GitHub/Uni-Class Related/Fall2024-CPI111/objects/obj_title/obj_title.yy
[26-11-2024 01:20:29] Par: "folders/Objects/Buttons/Main Menu Buttons" at dir: "D:/GitHub/Uni-Class Related/Fall2024-CPI111/objects/obj_title/obj_title.yy"
[26-11-2024 01:20:29] Found Object: obj_title
[26-11-2024 01:20:29] Current parent directory: D:/GitHub/Uni-Class Related/Fall2024-CPI111/objects/obj_try_again_shield
[26-11-2024 01:20:29] Checking obj_try_again_shield.yy
[26-11-2024 01:20:29] Parsing D:/GitHub/Uni-Class Related/Fall2024-CPI111/objects/obj_try_again_shield/obj_try_again_shield.yy
[26-11-2024 01:20:29] Reading D:/GitHub/Uni-Class Related/Fall2024-CPI111/objects/obj_try_again_shield/obj_try_again_shield.yy
[26-11-2024 01:20:29] Par: "folders/Objects/Results Screen" at dir: "D:/GitHub/Uni-Class Related/Fall2024-CPI111/objects/obj_try_again_shield/obj_try_again_shield.yy"
[26-11-2024 01:20:29] Found Object: obj_try_again_shield
[26-11-2024 01:20:29] Checking Create_0.gml
[26-11-2024 01:20:29] Current parent directory: D:/GitHub/Uni-Class Related/Fall2024-CPI111/objects/obj_tutorial_controller
[26-11-2024 01:20:29] Checking Step_0.gml
[26-11-2024 01:20:29] Checking obj_tutorial_controller.yy
[26-11-2024 01:20:29] Parsing D:/GitHub/Uni-Class Related/Fall2024-CPI111/objects/obj_tutorial_controller/obj_tutorial_controller.yy
[26-11-2024 01:20:29] Reading D:/GitHub/Uni-Class Related/Fall2024-CPI111/objects/obj_tutorial_controller/obj_tutorial_controller.yy
[26-11-2024 01:20:29] Par: "folders/Objects/Tutorial" at dir: "D:/GitHub/Uni-Class Related/Fall2024-CPI111/objects/obj_tutorial_controller/obj_tutorial_controller.yy"
[26-11-2024 01:20:29] Found Object: obj_tutorial_controller
[26-11-2024 01:20:29] Checking Create_0.gml
[26-11-2024 01:20:29] Checking CleanUp_0.gml
[26-11-2024 01:20:29] Current parent directory: D:/GitHub/Uni-Class Related/Fall2024-CPI111/objects/obj_tutorial_one
[26-11-2024 01:20:29] Checking obj_tutorial_one.yy
[26-11-2024 01:20:29] Parsing D:/GitHub/Uni-Class Related/Fall2024-CPI111/objects/obj_tutorial_one/obj_tutorial_one.yy
[26-11-2024 01:20:29] Reading D:/GitHub/Uni-Class Related/Fall2024-CPI111/objects/obj_tutorial_one/obj_tutorial_one.yy
[26-11-2024 01:20:29] Par: "folders/Objects/Tutorial" at dir: "D:/GitHub/Uni-Class Related/Fall2024-CPI111/objects/obj_tutorial_one/obj_tutorial_one.yy"
[26-11-2024 01:20:29] Found Object: obj_tutorial_one
[26-11-2024 01:20:29] Checking Create_0.gml
[26-11-2024 01:20:29] Checking CleanUp_0.gml
[26-11-2024 01:20:29] Current parent directory: D:/GitHub/Uni-Class Related/Fall2024-CPI111/objects/obj_tutorial_three
[26-11-2024 01:20:29] Checking obj_tutorial_three.yy
[26-11-2024 01:20:29] Parsing D:/GitHub/Uni-Class Related/Fall2024-CPI111/objects/obj_tutorial_three/obj_tutorial_three.yy
[26-11-2024 01:20:29] Reading D:/GitHub/Uni-Class Related/Fall2024-CPI111/objects/obj_tutorial_three/obj_tutorial_three.yy
[26-11-2024 01:20:29] Par: "folders/Objects/Tutorial" at dir: "D:/GitHub/Uni-Class Related/Fall2024-CPI111/objects/obj_tutorial_three/obj_tutorial_three.yy"
[26-11-2024 01:20:29] Found Object: obj_tutorial_three
[26-11-2024 01:20:29] Checking Create_0.gml
[26-11-2024 01:20:29] Checking CleanUp_0.gml
[26-11-2024 01:20:29] Current parent directory: D:/GitHub/Uni-Class Related/Fall2024-CPI111/objects/obj_tutorial_two
[26-11-2024 01:20:29] Checking obj_tutorial_two.yy
[26-11-2024 01:20:29] Parsing D:/GitHub/Uni-Class Related/Fall2024-CPI111/objects/obj_tutorial_two/obj_tutorial_two.yy
[26-11-2024 01:20:29] Reading D:/GitHub/Uni-Class Related/Fall2024-CPI111/objects/obj_tutorial_two/obj_tutorial_two.yy
[26-11-2024 01:20:29] Par: "folders/Objects/Tutorial" at dir: "D:/GitHub/Uni-Class Related/Fall2024-CPI111/objects/obj_tutorial_two/obj_tutorial_two.yy"
[26-11-2024 01:20:29] Found Object: obj_tutorial_two
[26-11-2024 01:20:29] Checking Create_0.gml
[26-11-2024 01:20:29] Checking CleanUp_0.gml
[26-11-2024 01:20:29] Current parent directory: D:/GitHub/Uni-Class Related/Fall2024-CPI111/objects/obj_tut_go_left
[26-11-2024 01:20:29] Checking obj_tut_go_left.yy
[26-11-2024 01:20:29] Parsing D:/GitHub/Uni-Class Related/Fall2024-CPI111/objects/obj_tut_go_left/obj_tut_go_left.yy
[26-11-2024 01:20:29] Reading D:/GitHub/Uni-Class Related/Fall2024-CPI111/objects/obj_tut_go_left/obj_tut_go_left.yy
[26-11-2024 01:20:29] Par: "folders/Objects/Tutorial" at dir: "D:/GitHub/Uni-Class Related/Fall2024-CPI111/objects/obj_tut_go_left/obj_tut_go_left.yy"
[26-11-2024 01:20:29] Found Object: obj_tut_go_left
[26-11-2024 01:20:29] Checking Mouse_4.gml
[26-11-2024 01:20:29] Checking Create_0.gml
[26-11-2024 01:20:29] Checking CleanUp_0.gml
[26-11-2024 01:20:29] Current parent directory: D:/GitHub/Uni-Class Related/Fall2024-CPI111/objects/obj_tut_go_right
[26-11-2024 01:20:29] Checking obj_tut_go_right.yy
[26-11-2024 01:20:29] Parsing D:/GitHub/Uni-Class Related/Fall2024-CPI111/objects/obj_tut_go_right/obj_tut_go_right.yy
[26-11-2024 01:20:29] Reading D:/GitHub/Uni-Class Related/Fall2024-CPI111/objects/obj_tut_go_right/obj_tut_go_right.yy
[26-11-2024 01:20:29] Par: "folders/Objects/Tutorial" at dir: "D:/GitHub/Uni-Class Related/Fall2024-CPI111/objects/obj_tut_go_right/obj_tut_go_right.yy"
[26-11-2024 01:20:29] Found Object: obj_tut_go_right
[26-11-2024 01:20:29] Checking Mouse_4.gml
[26-11-2024 01:20:29] Checking Create_0.gml
[26-11-2024 01:20:29] Checking CleanUp_0.gml
[26-11-2024 01:20:29] Current parent directory: D:/GitHub/Uni-Class Related/Fall2024-CPI111/objects/obj_two_stars
[26-11-2024 01:20:29] Checking obj_two_stars.yy
[26-11-2024 01:20:29] Parsing D:/GitHub/Uni-Class Related/Fall2024-CPI111/objects/obj_two_stars/obj_two_stars.yy
[26-11-2024 01:20:29] Reading D:/GitHub/Uni-Class Related/Fall2024-CPI111/objects/obj_two_stars/obj_two_stars.yy
[26-11-2024 01:20:29] Par: "folders/Objects/Results Screen/Stars" at dir: "D:/GitHub/Uni-Class Related/Fall2024-CPI111/objects/obj_two_stars/obj_two_stars.yy"
[26-11-2024 01:20:29] Found Object: obj_two_stars
[26-11-2024 01:20:29] Checking Create_0.gml
[26-11-2024 01:20:29] Current parent directory: D:/GitHub/Uni-Class Related/Fall2024-CPI111/objects/obj_up_arrow
[26-11-2024 01:20:29] Checking Step_2.gml
[26-11-2024 01:20:29] Checking Step_0.gml
[26-11-2024 01:20:29] Checking obj_up_arrow.yy
[26-11-2024 01:20:29] Parsing D:/GitHub/Uni-Class Related/Fall2024-CPI111/objects/obj_up_arrow/obj_up_arrow.yy
[26-11-2024 01:20:29] Reading D:/GitHub/Uni-Class Related/Fall2024-CPI111/objects/obj_up_arrow/obj_up_arrow.yy
[26-11-2024 01:20:29] Par: "folders/Objects/Arrows" at dir: "D:/GitHub/Uni-Class Related/Fall2024-CPI111/objects/obj_up_arrow/obj_up_arrow.yy"
[26-11-2024 01:20:29] Found Object: obj_up_arrow
[26-11-2024 01:20:29] Current parent directory: D:/GitHub/Uni-Class Related/Fall2024-CPI111/objects/obj_up_arrow_slot
[26-11-2024 01:20:29] Checking obj_up_arrow_slot.yy
[26-11-2024 01:20:29] Parsing D:/GitHub/Uni-Class Related/Fall2024-CPI111/objects/obj_up_arrow_slot/obj_up_arrow_slot.yy
[26-11-2024 01:20:29] Reading D:/GitHub/Uni-Class Related/Fall2024-CPI111/objects/obj_up_arrow_slot/obj_up_arrow_slot.yy
[26-11-2024 01:20:29] Par: "folders/Objects/Arrows" at dir: "D:/GitHub/Uni-Class Related/Fall2024-CPI111/objects/obj_up_arrow_slot/obj_up_arrow_slot.yy"
[26-11-2024 01:20:29] Found Object: obj_up_arrow_slot
[26-11-2024 01:20:29] Current parent directory: D:/GitHub/Uni-Class Related/Fall2024-CPI111/objects/obj_victory_shield
[26-11-2024 01:20:29] Checking obj_victory_shield.yy
[26-11-2024 01:20:29] Parsing D:/GitHub/Uni-Class Related/Fall2024-CPI111/objects/obj_victory_shield/obj_victory_shield.yy
[26-11-2024 01:20:29] Reading D:/GitHub/Uni-Class Related/Fall2024-CPI111/objects/obj_victory_shield/obj_victory_shield.yy
[26-11-2024 01:20:29] Par: "folders/Objects/Results Screen" at dir: "D:/GitHub/Uni-Class Related/Fall2024-CPI111/objects/obj_victory_shield/obj_victory_shield.yy"
[26-11-2024 01:20:29] Found Object: obj_victory_shield
[26-11-2024 01:20:29] Checking Create_0.gml
[26-11-2024 01:20:29] Current parent directory: D:/GitHub/Uni-Class Related/Fall2024-CPI111/objects/o_SharedTweener
[26-11-2024 01:20:29] Checking Step_2.gml
[26-11-2024 01:20:29] Checking Step_1.gml
[26-11-2024 01:20:29] Checking o_SharedTweener.yy
[26-11-2024 01:20:29] Parsing D:/GitHub/Uni-Class Related/Fall2024-CPI111/objects/o_SharedTweener/o_SharedTweener.yy
[26-11-2024 01:20:29] Reading D:/GitHub/Uni-Class Related/Fall2024-CPI111/objects/o_SharedTweener/o_SharedTweener.yy
[26-11-2024 01:20:29] Par: "folders/TweenGMX/Admin" at dir: "D:/GitHub/Uni-Class Related/Fall2024-CPI111/objects/o_SharedTweener/o_SharedTweener.yy"
[26-11-2024 01:20:29] Found Object: o_SharedTweener
[26-11-2024 01:20:29] Checking Other_5.gml
[26-11-2024 01:20:29] Checking Other_4.gml
[26-11-2024 01:20:29] Checking Other_3.gml
[26-11-2024 01:20:29] Checking Destroy_0.gml
[26-11-2024 01:20:29] Checking Create_0.gml
[26-11-2024 01:20:29] Current parent directory: D:/GitHub/Uni-Class Related/Fall2024-CPI111/objects/Placeholder
[26-11-2024 01:20:29] Checking Placeholder.yy
[26-11-2024 01:20:29] Parsing D:/GitHub/Uni-Class Related/Fall2024-CPI111/objects/Placeholder/Placeholder.yy
[26-11-2024 01:20:29] Reading D:/GitHub/Uni-Class Related/Fall2024-CPI111/objects/Placeholder/Placeholder.yy
[26-11-2024 01:20:29] Par: "folders/Objects/Meta" at dir: "D:/GitHub/Uni-Class Related/Fall2024-CPI111/objects/Placeholder/Placeholder.yy"
[26-11-2024 01:20:29] Found Object: Placeholder
[26-11-2024 01:20:29] Checking Draw_64.gml
[26-11-2024 01:20:29] Current parent directory: D:/GitHub/Uni-Class Related/Fall2024-CPI111/options
[26-11-2024 01:20:29] Checking windows
[26-11-2024 01:20:29] Directory: D:/GitHub/Uni-Class Related/Fall2024-CPI111/options/windows
[26-11-2024 01:20:29] Checking tvos
[26-11-2024 01:20:29] Directory: D:/GitHub/Uni-Class Related/Fall2024-CPI111/options/tvos
[26-11-2024 01:20:29] Checking operagx
[26-11-2024 01:20:29] Directory: D:/GitHub/Uni-Class Related/Fall2024-CPI111/options/operagx
[26-11-2024 01:20:29] Checking main
[26-11-2024 01:20:29] Directory: D:/GitHub/Uni-Class Related/Fall2024-CPI111/options/main
[26-11-2024 01:20:29] Checking mac
[26-11-2024 01:20:29] Directory: D:/GitHub/Uni-Class Related/Fall2024-CPI111/options/mac
[26-11-2024 01:20:29] Checking linux
[26-11-2024 01:20:29] Directory: D:/GitHub/Uni-Class Related/Fall2024-CPI111/options/linux
[26-11-2024 01:20:29] Checking ios
[26-11-2024 01:20:29] Directory: D:/GitHub/Uni-Class Related/Fall2024-CPI111/options/ios
[26-11-2024 01:20:29] Checking html5
[26-11-2024 01:20:29] Directory: D:/GitHub/Uni-Class Related/Fall2024-CPI111/options/html5
[26-11-2024 01:20:29] Checking android
[26-11-2024 01:20:29] Directory: D:/GitHub/Uni-Class Related/Fall2024-CPI111/options/android
[26-11-2024 01:20:29] Current parent directory: D:/GitHub/Uni-Class Related/Fall2024-CPI111/options/android
[26-11-2024 01:20:29] Checking options_android.yy
[26-11-2024 01:20:29] Parsing D:/GitHub/Uni-Class Related/Fall2024-CPI111/options/android/options_android.yy
[26-11-2024 01:20:29] Reading D:/GitHub/Uni-Class Related/Fall2024-CPI111/options/android/options_android.yy
[26-11-2024 01:20:29] Current parent directory: D:/GitHub/Uni-Class Related/Fall2024-CPI111/options/html5
[26-11-2024 01:20:29] Checking options_html5.yy
[26-11-2024 01:20:29] Parsing D:/GitHub/Uni-Class Related/Fall2024-CPI111/options/html5/options_html5.yy
[26-11-2024 01:20:29] Reading D:/GitHub/Uni-Class Related/Fall2024-CPI111/options/html5/options_html5.yy
[26-11-2024 01:20:29] Current parent directory: D:/GitHub/Uni-Class Related/Fall2024-CPI111/options/ios
[26-11-2024 01:20:29] Checking options_ios.yy
[26-11-2024 01:20:29] Parsing D:/GitHub/Uni-Class Related/Fall2024-CPI111/options/ios/options_ios.yy
[26-11-2024 01:20:29] Reading D:/GitHub/Uni-Class Related/Fall2024-CPI111/options/ios/options_ios.yy
[26-11-2024 01:20:29] Current parent directory: D:/GitHub/Uni-Class Related/Fall2024-CPI111/options/linux
[26-11-2024 01:20:29] Checking options_linux.yy
[26-11-2024 01:20:29] Parsing D:/GitHub/Uni-Class Related/Fall2024-CPI111/options/linux/options_linux.yy
[26-11-2024 01:20:29] Reading D:/GitHub/Uni-Class Related/Fall2024-CPI111/options/linux/options_linux.yy
[26-11-2024 01:20:29] Current parent directory: D:/GitHub/Uni-Class Related/Fall2024-CPI111/options/mac
[26-11-2024 01:20:29] Checking options_mac.yy
[26-11-2024 01:20:29] Parsing D:/GitHub/Uni-Class Related/Fall2024-CPI111/options/mac/options_mac.yy
[26-11-2024 01:20:29] Reading D:/GitHub/Uni-Class Related/Fall2024-CPI111/options/mac/options_mac.yy
[26-11-2024 01:20:29] Current parent directory: D:/GitHub/Uni-Class Related/Fall2024-CPI111/options/main
[26-11-2024 01:20:29] Checking options_main.yy
[26-11-2024 01:20:29] Parsing D:/GitHub/Uni-Class Related/Fall2024-CPI111/options/main/options_main.yy
[26-11-2024 01:20:29] Reading D:/GitHub/Uni-Class Related/Fall2024-CPI111/options/main/options_main.yy
[26-11-2024 01:20:29] Current parent directory: D:/GitHub/Uni-Class Related/Fall2024-CPI111/options/operagx
[26-11-2024 01:20:29] Checking options_operagx.yy
[26-11-2024 01:20:29] Parsing D:/GitHub/Uni-Class Related/Fall2024-CPI111/options/operagx/options_operagx.yy
[26-11-2024 01:20:29] Reading D:/GitHub/Uni-Class Related/Fall2024-CPI111/options/operagx/options_operagx.yy
[26-11-2024 01:20:29] Current parent directory: D:/GitHub/Uni-Class Related/Fall2024-CPI111/options/tvos
[26-11-2024 01:20:29] Checking options_tvos.yy
[26-11-2024 01:20:29] Parsing D:/GitHub/Uni-Class Related/Fall2024-CPI111/options/tvos/options_tvos.yy
[26-11-2024 01:20:29] Reading D:/GitHub/Uni-Class Related/Fall2024-CPI111/options/tvos/options_tvos.yy
[26-11-2024 01:20:29] Current parent directory: D:/GitHub/Uni-Class Related/Fall2024-CPI111/options/windows
[26-11-2024 01:20:29] Checking options_windows.yy
[26-11-2024 01:20:29] Parsing D:/GitHub/Uni-Class Related/Fall2024-CPI111/options/windows/options_windows.yy
[26-11-2024 01:20:29] Reading D:/GitHub/Uni-Class Related/Fall2024-CPI111/options/windows/options_windows.yy
[26-11-2024 01:20:29] Current parent directory: D:/GitHub/Uni-Class Related/Fall2024-CPI111/paths
[26-11-2024 01:20:29] Current parent directory: D:/GitHub/Uni-Class Related/Fall2024-CPI111/rooms
[26-11-2024 01:20:29] Checking rm_tutorial
[26-11-2024 01:20:29] Directory: D:/GitHub/Uni-Class Related/Fall2024-CPI111/rooms/rm_tutorial
[26-11-2024 01:20:29] Checking rm_settings
[26-11-2024 01:20:29] Directory: D:/GitHub/Uni-Class Related/Fall2024-CPI111/rooms/rm_settings
[26-11-2024 01:20:29] Checking rm_results
[26-11-2024 01:20:29] Directory: D:/GitHub/Uni-Class Related/Fall2024-CPI111/rooms/rm_results
[26-11-2024 01:20:29] Checking rm_prototype
[26-11-2024 01:20:29] Directory: D:/GitHub/Uni-Class Related/Fall2024-CPI111/rooms/rm_prototype
[26-11-2024 01:20:29] Checking rm_mock_level1_prototype
[26-11-2024 01:20:29] Directory: D:/GitHub/Uni-Class Related/Fall2024-CPI111/rooms/rm_mock_level1_prototype
[26-11-2024 01:20:29] Checking rm_mapping_prototype
[26-11-2024 01:20:29] Directory: D:/GitHub/Uni-Class Related/Fall2024-CPI111/rooms/rm_mapping_prototype
[26-11-2024 01:20:29] Checking rm_mainMenu
[26-11-2024 01:20:29] Directory: D:/GitHub/Uni-Class Related/Fall2024-CPI111/rooms/rm_mainMenu
[26-11-2024 01:20:29] Checking rm_levelSelect
[26-11-2024 01:20:29] Directory: D:/GitHub/Uni-Class Related/Fall2024-CPI111/rooms/rm_levelSelect
[26-11-2024 01:20:29] Checking rm_dialogue_test
[26-11-2024 01:20:29] Directory: D:/GitHub/Uni-Class Related/Fall2024-CPI111/rooms/rm_dialogue_test
[26-11-2024 01:20:29] Checking rm_dialogue_level1_
[26-11-2024 01:20:29] Directory: D:/GitHub/Uni-Class Related/Fall2024-CPI111/rooms/rm_dialogue_level1_
[26-11-2024 01:20:29] Checking rm_cutscene_test
[26-11-2024 01:20:29] Directory: D:/GitHub/Uni-Class Related/Fall2024-CPI111/rooms/rm_cutscene_test
[26-11-2024 01:20:29] Checking rm_ani_test
[26-11-2024 01:20:29] Directory: D:/GitHub/Uni-Class Related/Fall2024-CPI111/rooms/rm_ani_test
[26-11-2024 01:20:29] Current parent directory: D:/GitHub/Uni-Class Related/Fall2024-CPI111/rooms/rm_ani_test
[26-11-2024 01:20:29] Checking rm_ani_test.yy
[26-11-2024 01:20:29] Parsing D:/GitHub/Uni-Class Related/Fall2024-CPI111/rooms/rm_ani_test/rm_ani_test.yy
[26-11-2024 01:20:29] Reading D:/GitHub/Uni-Class Related/Fall2024-CPI111/rooms/rm_ani_test/rm_ani_test.yy
[26-11-2024 01:20:29] Par: "folders/Rooms/Testing" at dir: "D:/GitHub/Uni-Class Related/Fall2024-CPI111/rooms/rm_ani_test/rm_ani_test.yy"
[26-11-2024 01:20:29] Found Room: rm_ani_test
[26-11-2024 01:20:29] Current parent directory: D:/GitHub/Uni-Class Related/Fall2024-CPI111/rooms/rm_cutscene_test
[26-11-2024 01:20:29] Checking rm_cutscene_test.yy
[26-11-2024 01:20:29] Parsing D:/GitHub/Uni-Class Related/Fall2024-CPI111/rooms/rm_cutscene_test/rm_cutscene_test.yy
[26-11-2024 01:20:29] Reading D:/GitHub/Uni-Class Related/Fall2024-CPI111/rooms/rm_cutscene_test/rm_cutscene_test.yy
[26-11-2024 01:20:29] Par: "folders/Rooms/Testing" at dir: "D:/GitHub/Uni-Class Related/Fall2024-CPI111/rooms/rm_cutscene_test/rm_cutscene_test.yy"
[26-11-2024 01:20:29] Found Room: rm_cutscene_test
[26-11-2024 01:20:29] Current parent directory: D:/GitHub/Uni-Class Related/Fall2024-CPI111/rooms/rm_dialogue_level1_
[26-11-2024 01:20:29] Checking rm_dialogue_level1_.yy
[26-11-2024 01:20:29] Parsing D:/GitHub/Uni-Class Related/Fall2024-CPI111/rooms/rm_dialogue_level1_/rm_dialogue_level1_.yy
[26-11-2024 01:20:29] Reading D:/GitHub/Uni-Class Related/Fall2024-CPI111/rooms/rm_dialogue_level1_/rm_dialogue_level1_.yy
[26-11-2024 01:20:29] Par: "folders/Rooms/levels" at dir: "D:/GitHub/Uni-Class Related/Fall2024-CPI111/rooms/rm_dialogue_level1_/rm_dialogue_level1_.yy"
[26-11-2024 01:20:29] Found Room: rm_dialogue_level1_
[26-11-2024 01:20:29] Current parent directory: D:/GitHub/Uni-Class Related/Fall2024-CPI111/rooms/rm_dialogue_test
[26-11-2024 01:20:29] Checking rm_dialogue_test.yy
[26-11-2024 01:20:29] Parsing D:/GitHub/Uni-Class Related/Fall2024-CPI111/rooms/rm_dialogue_test/rm_dialogue_test.yy
[26-11-2024 01:20:29] Reading D:/GitHub/Uni-Class Related/Fall2024-CPI111/rooms/rm_dialogue_test/rm_dialogue_test.yy
[26-11-2024 01:20:29] Par: "folders/Rooms/Testing" at dir: "D:/GitHub/Uni-Class Related/Fall2024-CPI111/rooms/rm_dialogue_test/rm_dialogue_test.yy"
[26-11-2024 01:20:29] Found Room: rm_dialogue_test
[26-11-2024 01:20:29] Current parent directory: D:/GitHub/Uni-Class Related/Fall2024-CPI111/rooms/rm_levelSelect
[26-11-2024 01:20:29] Checking rm_levelSelect.yy
[26-11-2024 01:20:29] Parsing D:/GitHub/Uni-Class Related/Fall2024-CPI111/rooms/rm_levelSelect/rm_levelSelect.yy
[26-11-2024 01:20:29] Reading D:/GitHub/Uni-Class Related/Fall2024-CPI111/rooms/rm_levelSelect/rm_levelSelect.yy
[26-11-2024 01:20:29] Par: "folders/Rooms/menus" at dir: "D:/GitHub/Uni-Class Related/Fall2024-CPI111/rooms/rm_levelSelect/rm_levelSelect.yy"
[26-11-2024 01:20:29] Found Room: rm_levelSelect
[26-11-2024 01:20:29] Current parent directory: D:/GitHub/Uni-Class Related/Fall2024-CPI111/rooms/rm_mainMenu
[26-11-2024 01:20:29] Checking rm_mainMenu.yy
[26-11-2024 01:20:29] Parsing D:/GitHub/Uni-Class Related/Fall2024-CPI111/rooms/rm_mainMenu/rm_mainMenu.yy
[26-11-2024 01:20:29] Reading D:/GitHub/Uni-Class Related/Fall2024-CPI111/rooms/rm_mainMenu/rm_mainMenu.yy
[26-11-2024 01:20:29] Par: "folders/Rooms/menus" at dir: "D:/GitHub/Uni-Class Related/Fall2024-CPI111/rooms/rm_mainMenu/rm_mainMenu.yy"
[26-11-2024 01:20:29] Found Room: rm_mainMenu
[26-11-2024 01:20:29] Current parent directory: D:/GitHub/Uni-Class Related/Fall2024-CPI111/rooms/rm_mapping_prototype
[26-11-2024 01:20:29] Checking rm_mapping_prototype.yy
[26-11-2024 01:20:29] Parsing D:/GitHub/Uni-Class Related/Fall2024-CPI111/rooms/rm_mapping_prototype/rm_mapping_prototype.yy
[26-11-2024 01:20:29] Reading D:/GitHub/Uni-Class Related/Fall2024-CPI111/rooms/rm_mapping_prototype/rm_mapping_prototype.yy
[26-11-2024 01:20:29] Par: "folders/Rooms/Testing" at dir: "D:/GitHub/Uni-Class Related/Fall2024-CPI111/rooms/rm_mapping_prototype/rm_mapping_prototype.yy"
[26-11-2024 01:20:29] Found Room: rm_mapping_prototype
[26-11-2024 01:20:29] Current parent directory: D:/GitHub/Uni-Class Related/Fall2024-CPI111/rooms/rm_mock_level1_prototype
[26-11-2024 01:20:29] Checking rm_mock_level1_prototype.yy
[26-11-2024 01:20:29] Parsing D:/GitHub/Uni-Class Related/Fall2024-CPI111/rooms/rm_mock_level1_prototype/rm_mock_level1_prototype.yy
[26-11-2024 01:20:29] Reading D:/GitHub/Uni-Class Related/Fall2024-CPI111/rooms/rm_mock_level1_prototype/rm_mock_level1_prototype.yy
[26-11-2024 01:20:29] Par: "folders/Rooms/levels" at dir: "D:/GitHub/Uni-Class Related/Fall2024-CPI111/rooms/rm_mock_level1_prototype/rm_mock_level1_prototype.yy"
[26-11-2024 01:20:29] Found Room: rm_mock_level1_prototype
[26-11-2024 01:20:29] Current parent directory: D:/GitHub/Uni-Class Related/Fall2024-CPI111/rooms/rm_prototype
[26-11-2024 01:20:29] Checking rm_prototype.yy
[26-11-2024 01:20:29] Parsing D:/GitHub/Uni-Class Related/Fall2024-CPI111/rooms/rm_prototype/rm_prototype.yy
[26-11-2024 01:20:29] Reading D:/GitHub/Uni-Class Related/Fall2024-CPI111/rooms/rm_prototype/rm_prototype.yy
[26-11-2024 01:20:29] Par: "folders/Rooms" at dir: "D:/GitHub/Uni-Class Related/Fall2024-CPI111/rooms/rm_prototype/rm_prototype.yy"
[26-11-2024 01:20:29] Found Room: rm_prototype
[26-11-2024 01:20:29] Current parent directory: D:/GitHub/Uni-Class Related/Fall2024-CPI111/rooms/rm_results
[26-11-2024 01:20:29] Checking rm_results.yy
[26-11-2024 01:20:29] Parsing D:/GitHub/Uni-Class Related/Fall2024-CPI111/rooms/rm_results/rm_results.yy
[26-11-2024 01:20:29] Reading D:/GitHub/Uni-Class Related/Fall2024-CPI111/rooms/rm_results/rm_results.yy
[26-11-2024 01:20:29] Par: "folders/Rooms/menus" at dir: "D:/GitHub/Uni-Class Related/Fall2024-CPI111/rooms/rm_results/rm_results.yy"
[26-11-2024 01:20:29] Found Room: rm_results
[26-11-2024 01:20:29] Current parent directory: D:/GitHub/Uni-Class Related/Fall2024-CPI111/rooms/rm_settings
[26-11-2024 01:20:29] Checking rm_settings.yy
[26-11-2024 01:20:29] Parsing D:/GitHub/Uni-Class Related/Fall2024-CPI111/rooms/rm_settings/rm_settings.yy
[26-11-2024 01:20:29] Reading D:/GitHub/Uni-Class Related/Fall2024-CPI111/rooms/rm_settings/rm_settings.yy
[26-11-2024 01:20:29] Par: "folders/Rooms/menus" at dir: "D:/GitHub/Uni-Class Related/Fall2024-CPI111/rooms/rm_settings/rm_settings.yy"
[26-11-2024 01:20:29] Found Room: rm_settings
[26-11-2024 01:20:29] Current parent directory: D:/GitHub/Uni-Class Related/Fall2024-CPI111/rooms/rm_tutorial
[26-11-2024 01:20:29] Checking rm_tutorial.yy
[26-11-2024 01:20:29] Parsing D:/GitHub/Uni-Class Related/Fall2024-CPI111/rooms/rm_tutorial/rm_tutorial.yy
[26-11-2024 01:20:29] Reading D:/GitHub/Uni-Class Related/Fall2024-CPI111/rooms/rm_tutorial/rm_tutorial.yy
[26-11-2024 01:20:29] Par: "folders/Rooms/menus" at dir: "D:/GitHub/Uni-Class Related/Fall2024-CPI111/rooms/rm_tutorial/rm_tutorial.yy"
[26-11-2024 01:20:29] Found Room: rm_tutorial
[26-11-2024 01:20:29] Current parent directory: D:/GitHub/Uni-Class Related/Fall2024-CPI111/scripts
[26-11-2024 01:20:29] Checking __scribble_tick
[26-11-2024 01:20:29] Directory: D:/GitHub/Uni-Class Related/Fall2024-CPI111/scripts/__scribble_tick
[26-11-2024 01:20:29] Checking __scribble_system
[26-11-2024 01:20:29] Directory: D:/GitHub/Uni-Class Related/Fall2024-CPI111/scripts/__scribble_system
[26-11-2024 01:20:29] Checking __scribble_play_sound
[26-11-2024 01:20:29] Directory: D:/GitHub/Uni-Class Related/Fall2024-CPI111/scripts/__scribble_play_sound
[26-11-2024 01:20:29] Checking __scribble_misc_functions
[26-11-2024 01:20:29] Directory: D:/GitHub/Uni-Class Related/Fall2024-CPI111/scripts/__scribble_misc_functions
[26-11-2024 01:20:29] Checking __scribble_krutidev_matra_lookup_map_initialize
[26-11-2024 01:20:29] Directory: D:/GitHub/Uni-Class Related/Fall2024-CPI111/scripts/__scribble_krutidev_matra_lookup_map_initialize
[26-11-2024 01:20:29] Checking __scribble_krutidev_lookup_map_initialize
[26-11-2024 01:20:29] Directory: D:/GitHub/Uni-Class Related/Fall2024-CPI111/scripts/__scribble_krutidev_lookup_map_initialize
[26-11-2024 01:20:29] Checking __scribble_glyph_data_initialize
[26-11-2024 01:20:29] Directory: D:/GitHub/Uni-Class Related/Fall2024-CPI111/scripts/__scribble_glyph_data_initialize
[26-11-2024 01:20:29] Checking __scribble_gen_9_write_vbuffs
[26-11-2024 01:20:29] Directory: D:/GitHub/Uni-Class Related/Fall2024-CPI111/scripts/__scribble_gen_9_write_vbuffs
[26-11-2024 01:20:29] Checking __scribble_gen_8_position_glyphs
[26-11-2024 01:20:29] Directory: D:/GitHub/Uni-Class Related/Fall2024-CPI111/scripts/__scribble_gen_8_position_glyphs
[26-11-2024 01:20:29] Checking __scribble_gen_7_build_pages
[26-11-2024 01:20:29] Directory: D:/GitHub/Uni-Class Related/Fall2024-CPI111/scripts/__scribble_gen_7_build_pages
[26-11-2024 01:20:29] Checking __scribble_gen_6_build_lines
[26-11-2024 01:20:29] Directory: D:/GitHub/Uni-Class Related/Fall2024-CPI111/scripts/__scribble_gen_6_build_lines
[26-11-2024 01:20:29] Checking __scribble_gen_5_finalize_bidi
[26-11-2024 01:20:29] Directory: D:/GitHub/Uni-Class Related/Fall2024-CPI111/scripts/__scribble_gen_5_finalize_bidi
[26-11-2024 01:20:29] Checking __scribble_gen_4_build_words
[26-11-2024 01:20:29] Directory: D:/GitHub/Uni-Class Related/Fall2024-CPI111/scripts/__scribble_gen_4_build_words
[26-11-2024 01:20:29] Checking __scribble_gen_3_devanagari
[26-11-2024 01:20:29] Directory: D:/GitHub/Uni-Class Related/Fall2024-CPI111/scripts/__scribble_gen_3_devanagari
[26-11-2024 01:20:29] Checking __scribble_gen_2_parser
[26-11-2024 01:20:29] Directory: D:/GitHub/Uni-Class Related/Fall2024-CPI111/scripts/__scribble_gen_2_parser
[26-11-2024 01:20:29] Checking __scribble_gen_1_model_limits_and_bezier_curves
[26-11-2024 01:20:29] Directory: D:/GitHub/Uni-Class Related/Fall2024-CPI111/scripts/__scribble_gen_1_model_limits_and_bezier_curves
[26-11-2024 01:20:29] Checking __scribble_gen_10_set_padding_flags
[26-11-2024 01:20:29] Directory: D:/GitHub/Uni-Class Related/Fall2024-CPI111/scripts/__scribble_gen_10_set_padding_flags
[26-11-2024 01:20:29] Checking __scribble_font_add_sprite
[26-11-2024 01:20:29] Directory: D:/GitHub/Uni-Class Related/Fall2024-CPI111/scripts/__scribble_font_add_sprite
[26-11-2024 01:20:29] Checking __scribble_font_add_from_project
[26-11-2024 01:20:29] Directory: D:/GitHub/Uni-Class Related/Fall2024-CPI111/scripts/__scribble_font_add_from_project
[26-11-2024 01:20:29] Checking __scribble_font_add_all_from_project
[26-11-2024 01:20:29] Directory: D:/GitHub/Uni-Class Related/Fall2024-CPI111/scripts/__scribble_font_add_all_from_project
[26-11-2024 01:20:29] Checking __scribble_constants
[26-11-2024 01:20:29] Directory: D:/GitHub/Uni-Class Related/Fall2024-CPI111/scripts/__scribble_constants
[26-11-2024 01:20:29] Checking __scribble_config_defaults
[26-11-2024 01:20:29] Directory: D:/GitHub/Uni-Class Related/Fall2024-CPI111/scripts/__scribble_config_defaults
[26-11-2024 01:20:29] Checking __scribble_config_colours
[26-11-2024 01:20:29] Directory: D:/GitHub/Uni-Class Related/Fall2024-CPI111/scripts/__scribble_config_colours
[26-11-2024 01:20:29] Checking __scribble_config_behaviours
[26-11-2024 01:20:29] Directory: D:/GitHub/Uni-Class Related/Fall2024-CPI111/scripts/__scribble_config_behaviours
[26-11-2024 01:20:29] Checking __scribble_class_typist
[26-11-2024 01:20:29] Directory: D:/GitHub/Uni-Class Related/Fall2024-CPI111/scripts/__scribble_class_typist
[26-11-2024 01:20:29] Checking __scribble_class_page
[26-11-2024 01:20:29] Directory: D:/GitHub/Uni-Class Related/Fall2024-CPI111/scripts/__scribble_class_page
[26-11-2024 01:20:29] Checking __scribble_class_null_element
[26-11-2024 01:20:29] Directory: D:/GitHub/Uni-Class Related/Fall2024-CPI111/scripts/__scribble_class_null_element
[26-11-2024 01:20:29] Checking __scribble_class_model
[26-11-2024 01:20:29] Directory: D:/GitHub/Uni-Class Related/Fall2024-CPI111/scripts/__scribble_class_model
[26-11-2024 01:20:29] Checking __scribble_class_generator_state
[26-11-2024 01:20:29] Directory: D:/GitHub/Uni-Class Related/Fall2024-CPI111/scripts/__scribble_class_generator_state
[26-11-2024 01:20:29] Checking __scribble_class_font
[26-11-2024 01:20:29] Directory: D:/GitHub/Uni-Class Related/Fall2024-CPI111/scripts/__scribble_class_font
[26-11-2024 01:20:29] Checking __scribble_class_event
[26-11-2024 01:20:29] Directory: D:/GitHub/Uni-Class Related/Fall2024-CPI111/scripts/__scribble_class_event
[26-11-2024 01:20:29] Checking __scribble_class_element
[26-11-2024 01:20:29] Directory: D:/GitHub/Uni-Class Related/Fall2024-CPI111/scripts/__scribble_class_element
[26-11-2024 01:20:29] Checking unlock_skip_script
[26-11-2024 01:20:29] Directory: D:/GitHub/Uni-Class Related/Fall2024-CPI111/scripts/unlock_skip_script
[26-11-2024 01:20:29] Checking unity_equivalents
[26-11-2024 01:20:29] Directory: D:/GitHub/Uni-Class Related/Fall2024-CPI111/scripts/unity_equivalents
[26-11-2024 01:20:29] Checking TGMX_System
[26-11-2024 01:20:29] Directory: D:/GitHub/Uni-Class Related/Fall2024-CPI111/scripts/TGMX_System
[26-11-2024 01:20:29] Checking TGMX_Experimental
[26-11-2024 01:20:29] Directory: D:/GitHub/Uni-Class Related/Fall2024-CPI111/scripts/TGMX_Experimental
[26-11-2024 01:20:29] Checking TGMX_9_Settings
[26-11-2024 01:20:29] Directory: D:/GitHub/Uni-Class Related/Fall2024-CPI111/scripts/TGMX_9_Settings
[26-11-2024 01:20:29] Checking TGMX_8_SystemUtilities
[26-11-2024 01:20:29] Directory: D:/GitHub/Uni-Class Related/Fall2024-CPI111/scripts/TGMX_8_SystemUtilities
[26-11-2024 01:20:29] Checking TGMX_7_Properties
[26-11-2024 01:20:29] Directory: D:/GitHub/Uni-Class Related/Fall2024-CPI111/scripts/TGMX_7_Properties
[26-11-2024 01:20:29] Checking TGMX_6_TweenTools
[26-11-2024 01:20:29] Directory: D:/GitHub/Uni-Class Related/Fall2024-CPI111/scripts/TGMX_6_TweenTools
[26-11-2024 01:20:29] Checking TGMX_5_TweenGetSet
[26-11-2024 01:20:29] Directory: D:/GitHub/Uni-Class Related/Fall2024-CPI111/scripts/TGMX_5_TweenGetSet
[26-11-2024 01:20:29] Checking TGMX_4_TweenState
[26-11-2024 01:20:29] Directory: D:/GitHub/Uni-Class Related/Fall2024-CPI111/scripts/TGMX_4_TweenState
[26-11-2024 01:20:29] Checking TGMX_3_EventCallbacks
[26-11-2024 01:20:29] Directory: D:/GitHub/Uni-Class Related/Fall2024-CPI111/scripts/TGMX_3_EventCallbacks
[26-11-2024 01:20:29] Checking TGMX_2_EaseFunctions
[26-11-2024 01:20:29] Directory: D:/GitHub/Uni-Class Related/Fall2024-CPI111/scripts/TGMX_2_EaseFunctions
[26-11-2024 01:20:29] Checking TGMX_1_EasyTweens
[26-11-2024 01:20:29] Directory: D:/GitHub/Uni-Class Related/Fall2024-CPI111/scripts/TGMX_1_EasyTweens
[26-11-2024 01:20:29] Checking TGMX_0_MainTweens
[26-11-2024 01:20:29] Directory: D:/GitHub/Uni-Class Related/Fall2024-CPI111/scripts/TGMX_0_MainTweens
[26-11-2024 01:20:29] Checking string_width_scribble_ext
[26-11-2024 01:20:29] Directory: D:/GitHub/Uni-Class Related/Fall2024-CPI111/scripts/string_width_scribble_ext
[26-11-2024 01:20:29] Checking string_width_scribble
[26-11-2024 01:20:29] Directory: D:/GitHub/Uni-Class Related/Fall2024-CPI111/scripts/string_width_scribble
[26-11-2024 01:20:29] Checking string_length_scribble
[26-11-2024 01:20:29] Directory: D:/GitHub/Uni-Class Related/Fall2024-CPI111/scripts/string_length_scribble
[26-11-2024 01:20:29] Checking string_height_scribble_ext
[26-11-2024 01:20:29] Directory: D:/GitHub/Uni-Class Related/Fall2024-CPI111/scripts/string_height_scribble_ext
[26-11-2024 01:20:29] Checking string_height_scribble
[26-11-2024 01:20:29] Directory: D:/GitHub/Uni-Class Related/Fall2024-CPI111/scripts/string_height_scribble
[26-11-2024 01:20:29] Checking skip_to_next_page_script
[26-11-2024 01:20:29] Directory: D:/GitHub/Uni-Class Related/Fall2024-CPI111/scripts/skip_to_next_page_script
[26-11-2024 01:20:29] Checking shake_dialog_box_script
[26-11-2024 01:20:29] Directory: D:/GitHub/Uni-Class Related/Fall2024-CPI111/scripts/shake_dialog_box_script
[26-11-2024 01:20:29] Checking set_only_text_script
[26-11-2024 01:20:29] Directory: D:/GitHub/Uni-Class Related/Fall2024-CPI111/scripts/set_only_text_script
[26-11-2024 01:20:29] Checking Script124
[26-11-2024 01:20:29] Directory: D:/GitHub/Uni-Class Related/Fall2024-CPI111/scripts/Script124
[26-11-2024 01:20:29] Checking scribble_whitelist_sprite
[26-11-2024 01:20:29] Directory: D:/GitHub/Uni-Class Related/Fall2024-CPI111/scripts/scribble_whitelist_sprite
[26-11-2024 01:20:29] Checking scribble_whitelist_sound
[26-11-2024 01:20:29] Directory: D:/GitHub/Uni-Class Related/Fall2024-CPI111/scripts/scribble_whitelist_sound
[26-11-2024 01:20:29] Checking scribble_typists_add_event
[26-11-2024 01:20:29] Directory: D:/GitHub/Uni-Class Related/Fall2024-CPI111/scripts/scribble_typists_add_event
[26-11-2024 01:20:29] Checking scribble_typist
[26-11-2024 01:20:29] Directory: D:/GitHub/Uni-Class Related/Fall2024-CPI111/scripts/scribble_typist
[26-11-2024 01:20:29] Checking scribble_super_glyph_delete
[26-11-2024 01:20:29] Directory: D:/GitHub/Uni-Class Related/Fall2024-CPI111/scripts/scribble_super_glyph_delete
[26-11-2024 01:20:29] Checking scribble_super_glyph_copy_all
[26-11-2024 01:20:29] Directory: D:/GitHub/Uni-Class Related/Fall2024-CPI111/scripts/scribble_super_glyph_copy_all
[26-11-2024 01:20:29] Checking scribble_super_glyph_copy
[26-11-2024 01:20:29] Directory: D:/GitHub/Uni-Class Related/Fall2024-CPI111/scripts/scribble_super_glyph_copy
[26-11-2024 01:20:29] Checking scribble_super_create
[26-11-2024 01:20:29] Directory: D:/GitHub/Uni-Class Related/Fall2024-CPI111/scripts/scribble_super_create
[26-11-2024 01:20:29] Checking scribble_super_clear
[26-11-2024 01:20:29] Directory: D:/GitHub/Uni-Class Related/Fall2024-CPI111/scripts/scribble_super_clear
[26-11-2024 01:20:29] Checking scribble_rgb_to_bgr
[26-11-2024 01:20:29] Directory: D:/GitHub/Uni-Class Related/Fall2024-CPI111/scripts/scribble_rgb_to_bgr
[26-11-2024 01:20:29] Checking scribble_refresh_everything
[26-11-2024 01:20:29] Directory: D:/GitHub/Uni-Class Related/Fall2024-CPI111/scripts/scribble_refresh_everything
[26-11-2024 01:20:29] Checking scribble_msdf_thickness_offset
[26-11-2024 01:20:29] Directory: D:/GitHub/Uni-Class Related/Fall2024-CPI111/scripts/scribble_msdf_thickness_offset
[26-11-2024 01:20:29] Checking scribble_markdown_set_styles
[26-11-2024 01:20:29] Directory: D:/GitHub/Uni-Class Related/Fall2024-CPI111/scripts/scribble_markdown_set_styles
[26-11-2024 01:20:29] Checking scribble_markdown_format
[26-11-2024 01:20:29] Directory: D:/GitHub/Uni-Class Related/Fall2024-CPI111/scripts/scribble_markdown_format
[26-11-2024 01:20:29] Checking scribble_kerning_pair_set
[26-11-2024 01:20:29] Directory: D:/GitHub/Uni-Class Related/Fall2024-CPI111/scripts/scribble_kerning_pair_set
[26-11-2024 01:20:29] Checking scribble_kerning_pair_get
[26-11-2024 01:20:29] Directory: D:/GitHub/Uni-Class Related/Fall2024-CPI111/scripts/scribble_kerning_pair_get
[26-11-2024 01:20:29] Checking scribble_is_text_element
[26-11-2024 01:20:29] Directory: D:/GitHub/Uni-Class Related/Fall2024-CPI111/scripts/scribble_is_text_element
[26-11-2024 01:20:29] Checking scribble_glyph_set
[26-11-2024 01:20:29] Directory: D:/GitHub/Uni-Class Related/Fall2024-CPI111/scripts/scribble_glyph_set
[26-11-2024 01:20:29] Checking scribble_glyph_get
[26-11-2024 01:20:29] Directory: D:/GitHub/Uni-Class Related/Fall2024-CPI111/scripts/scribble_glyph_get
[26-11-2024 01:20:29] Checking scribble_font_set_valign_offset
[26-11-2024 01:20:29] Directory: D:/GitHub/Uni-Class Related/Fall2024-CPI111/scripts/scribble_font_set_valign_offset
[26-11-2024 01:20:29] Checking scribble_font_set_style_family
[26-11-2024 01:20:29] Directory: D:/GitHub/Uni-Class Related/Fall2024-CPI111/scripts/scribble_font_set_style_family
[26-11-2024 01:20:29] Checking scribble_font_set_halign_offset
[26-11-2024 01:20:29] Directory: D:/GitHub/Uni-Class Related/Fall2024-CPI111/scripts/scribble_font_set_halign_offset
[26-11-2024 01:20:29] Checking scribble_font_set_default
[26-11-2024 01:20:29] Directory: D:/GitHub/Uni-Class Related/Fall2024-CPI111/scripts/scribble_font_set_default
[26-11-2024 01:20:29] Checking scribble_font_scale
[26-11-2024 01:20:29] Directory: D:/GitHub/Uni-Class Related/Fall2024-CPI111/scripts/scribble_font_scale
[26-11-2024 01:20:29] Checking scribble_font_rename
[26-11-2024 01:20:29] Directory: D:/GitHub/Uni-Class Related/Fall2024-CPI111/scripts/scribble_font_rename
[26-11-2024 01:20:29] Checking scribble_font_has_character
[26-11-2024 01:20:29] Directory: D:/GitHub/Uni-Class Related/Fall2024-CPI111/scripts/scribble_font_has_character
[26-11-2024 01:20:29] Checking scribble_font_get_glyph_ranges
[26-11-2024 01:20:29] Directory: D:/GitHub/Uni-Class Related/Fall2024-CPI111/scripts/scribble_font_get_glyph_ranges
[26-11-2024 01:20:29] Checking scribble_font_get_default
[26-11-2024 01:20:29] Directory: D:/GitHub/Uni-Class Related/Fall2024-CPI111/scripts/scribble_font_get_default
[26-11-2024 01:20:29] Checking scribble_font_force_bilinear_filtering
[26-11-2024 01:20:29] Directory: D:/GitHub/Uni-Class Related/Fall2024-CPI111/scripts/scribble_font_force_bilinear_filtering
[26-11-2024 01:20:29] Checking scribble_font_exists
[26-11-2024 01:20:29] Directory: D:/GitHub/Uni-Class Related/Fall2024-CPI111/scripts/scribble_font_exists
[26-11-2024 01:20:29] Checking scribble_font_duplicate
[26-11-2024 01:20:29] Directory: D:/GitHub/Uni-Class Related/Fall2024-CPI111/scripts/scribble_font_duplicate
[26-11-2024 01:20:29] Checking scribble_font_delete
[26-11-2024 01:20:29] Directory: D:/GitHub/Uni-Class Related/Fall2024-CPI111/scripts/scribble_font_delete
[26-11-2024 01:20:29] Checking scribble_font_bake_shadow
[26-11-2024 01:20:29] Directory: D:/GitHub/Uni-Class Related/Fall2024-CPI111/scripts/scribble_font_bake_shadow
[26-11-2024 01:20:29] Checking scribble_font_bake_shader
[26-11-2024 01:20:29] Directory: D:/GitHub/Uni-Class Related/Fall2024-CPI111/scripts/scribble_font_bake_shader
[26-11-2024 01:20:29] Checking scribble_font_bake_outline_and_shadow
[26-11-2024 01:20:29] Directory: D:/GitHub/Uni-Class Related/Fall2024-CPI111/scripts/scribble_font_bake_outline_and_shadow
[26-11-2024 01:20:29] Checking scribble_font_bake_outline_8dir_2px
[26-11-2024 01:20:29] Directory: D:/GitHub/Uni-Class Related/Fall2024-CPI111/scripts/scribble_font_bake_outline_8dir_2px
[26-11-2024 01:20:29] Checking scribble_font_bake_outline_8dir
[26-11-2024 01:20:29] Directory: D:/GitHub/Uni-Class Related/Fall2024-CPI111/scripts/scribble_font_bake_outline_8dir
[26-11-2024 01:20:29] Checking scribble_font_bake_outline_4dir
[26-11-2024 01:20:29] Directory: D:/GitHub/Uni-Class Related/Fall2024-CPI111/scripts/scribble_font_bake_outline_4dir
[26-11-2024 01:20:29] Checking scribble_flush_everything
[26-11-2024 01:20:29] Directory: D:/GitHub/Uni-Class Related/Fall2024-CPI111/scripts/scribble_flush_everything
[26-11-2024 01:20:29] Checking scribble_external_sound_remove
[26-11-2024 01:20:29] Directory: D:/GitHub/Uni-Class Related/Fall2024-CPI111/scripts/scribble_external_sound_remove
[26-11-2024 01:20:29] Checking scribble_external_sound_exists
[26-11-2024 01:20:29] Directory: D:/GitHub/Uni-Class Related/Fall2024-CPI111/scripts/scribble_external_sound_exists
[26-11-2024 01:20:29] Checking scribble_external_sound_add
[26-11-2024 01:20:29] Directory: D:/GitHub/Uni-Class Related/Fall2024-CPI111/scripts/scribble_external_sound_add
[26-11-2024 01:20:29] Checking scribble_default_preprocessor_set
[26-11-2024 01:20:29] Directory: D:/GitHub/Uni-Class Related/Fall2024-CPI111/scripts/scribble_default_preprocessor_set
[26-11-2024 01:20:29] Checking scribble_default_preprocessor_get
[26-11-2024 01:20:29] Directory: D:/GitHub/Uni-Class Related/Fall2024-CPI111/scripts/scribble_default_preprocessor_get
[26-11-2024 01:20:29] Checking scribble_color_set
[26-11-2024 01:20:29] Directory: D:/GitHub/Uni-Class Related/Fall2024-CPI111/scripts/scribble_color_set
[26-11-2024 01:20:29] Checking scribble_color_get
[26-11-2024 01:20:29] Directory: D:/GitHub/Uni-Class Related/Fall2024-CPI111/scripts/scribble_color_get
[26-11-2024 01:20:29] Checking scribble_anim_wobble
[26-11-2024 01:20:29] Directory: D:/GitHub/Uni-Class Related/Fall2024-CPI111/scripts/scribble_anim_wobble
[26-11-2024 01:20:29] Checking scribble_anim_wheel
[26-11-2024 01:20:29] Directory: D:/GitHub/Uni-Class Related/Fall2024-CPI111/scripts/scribble_anim_wheel
[26-11-2024 01:20:29] Checking scribble_anim_wave
[26-11-2024 01:20:29] Directory: D:/GitHub/Uni-Class Related/Fall2024-CPI111/scripts/scribble_anim_wave
[26-11-2024 01:20:29] Checking scribble_anim_shake
[26-11-2024 01:20:29] Directory: D:/GitHub/Uni-Class Related/Fall2024-CPI111/scripts/scribble_anim_shake
[26-11-2024 01:20:29] Checking scribble_anim_reset
[26-11-2024 01:20:29] Directory: D:/GitHub/Uni-Class Related/Fall2024-CPI111/scripts/scribble_anim_reset
[26-11-2024 01:20:29] Checking scribble_anim_rainbow
[26-11-2024 01:20:29] Directory: D:/GitHub/Uni-Class Related/Fall2024-CPI111/scripts/scribble_anim_rainbow
[26-11-2024 01:20:29] Checking scribble_anim_pulse
[26-11-2024 01:20:29] Directory: D:/GitHub/Uni-Class Related/Fall2024-CPI111/scripts/scribble_anim_pulse
[26-11-2024 01:20:29] Checking scribble_anim_jitter
[26-11-2024 01:20:29] Directory: D:/GitHub/Uni-Class Related/Fall2024-CPI111/scripts/scribble_anim_jitter
[26-11-2024 01:20:29] Checking scribble_anim_get_disabled
[26-11-2024 01:20:29] Directory: D:/GitHub/Uni-Class Related/Fall2024-CPI111/scripts/scribble_anim_get_disabled
[26-11-2024 01:20:29] Checking scribble_anim_disabled
[26-11-2024 01:20:29] Directory: D:/GitHub/Uni-Class Related/Fall2024-CPI111/scripts/scribble_anim_disabled
[26-11-2024 01:20:29] Checking scribble_anim_cycle
[26-11-2024 01:20:29] Directory: D:/GitHub/Uni-Class Related/Fall2024-CPI111/scripts/scribble_anim_cycle
[26-11-2024 01:20:29] Checking scribble_anim_blink
[26-11-2024 01:20:29] Directory: D:/GitHub/Uni-Class Related/Fall2024-CPI111/scripts/scribble_anim_blink
[26-11-2024 01:20:29] Checking scribble_add_macro
[26-11-2024 01:20:29] Directory: D:/GitHub/Uni-Class Related/Fall2024-CPI111/scripts/scribble_add_macro
[26-11-2024 01:20:29] Checking scribble
[26-11-2024 01:20:29] Directory: D:/GitHub/Uni-Class Related/Fall2024-CPI111/scripts/scribble
[26-11-2024 01:20:29] Checking run_func_on_condition
[26-11-2024 01:20:29] Directory: D:/GitHub/Uni-Class Related/Fall2024-CPI111/scripts/run_func_on_condition
[26-11-2024 01:20:29] Checking run_func_after_delay
[26-11-2024 01:20:29] Directory: D:/GitHub/Uni-Class Related/Fall2024-CPI111/scripts/run_func_after_delay
[26-11-2024 01:20:29] Checking portrait_set_right_script
[26-11-2024 01:20:29] Directory: D:/GitHub/Uni-Class Related/Fall2024-CPI111/scripts/portrait_set_right_script
[26-11-2024 01:20:29] Checking portrait_set_left_script
[26-11-2024 01:20:29] Directory: D:/GitHub/Uni-Class Related/Fall2024-CPI111/scripts/portrait_set_left_script
[26-11-2024 01:20:29] Checking notification_system
[26-11-2024 01:20:29] Directory: D:/GitHub/Uni-Class Related/Fall2024-CPI111/scripts/notification_system
[26-11-2024 01:20:29] Checking notification_messages
[26-11-2024 01:20:29] Directory: D:/GitHub/Uni-Class Related/Fall2024-CPI111/scripts/notification_messages
[26-11-2024 01:20:29] Checking lock_skip_script
[26-11-2024 01:20:29] Directory: D:/GitHub/Uni-Class Related/Fall2024-CPI111/scripts/lock_skip_script
[26-11-2024 01:20:29] Checking Global_Variables
[26-11-2024 01:20:29] Directory: D:/GitHub/Uni-Class Related/Fall2024-CPI111/scripts/Global_Variables
[26-11-2024 01:20:29] Checking draw_text_scribble_ext
[26-11-2024 01:20:29] Directory: D:/GitHub/Uni-Class Related/Fall2024-CPI111/scripts/draw_text_scribble_ext
[26-11-2024 01:20:29] Checking draw_text_scribble
[26-11-2024 01:20:29] Directory: D:/GitHub/Uni-Class Related/Fall2024-CPI111/scripts/draw_text_scribble
[26-11-2024 01:20:29] Checking dialogue_enums
[26-11-2024 01:20:29] Directory: D:/GitHub/Uni-Class Related/Fall2024-CPI111/scripts/dialogue_enums
[26-11-2024 01:20:29] Checking change_character_script
[26-11-2024 01:20:29] Directory: D:/GitHub/Uni-Class Related/Fall2024-CPI111/scripts/change_character_script
[26-11-2024 01:20:29] Checking basic_vector
[26-11-2024 01:20:29] Directory: D:/GitHub/Uni-Class Related/Fall2024-CPI111/scripts/basic_vector
[26-11-2024 01:20:29] Checking AnimationSystem
[26-11-2024 01:20:29] Directory: D:/GitHub/Uni-Class Related/Fall2024-CPI111/scripts/AnimationSystem
[26-11-2024 01:20:29] Current parent directory: D:/GitHub/Uni-Class Related/Fall2024-CPI111/scripts/AnimationSystem
[26-11-2024 01:20:29] Checking AnimationSystem.yy
[26-11-2024 01:20:29] Parsing D:/GitHub/Uni-Class Related/Fall2024-CPI111/scripts/AnimationSystem/AnimationSystem.yy
[26-11-2024 01:20:29] Reading D:/GitHub/Uni-Class Related/Fall2024-CPI111/scripts/AnimationSystem/AnimationSystem.yy
[26-11-2024 01:20:29] Par: "folders/Scripts/Animation System" at dir: "D:/GitHub/Uni-Class Related/Fall2024-CPI111/scripts/AnimationSystem/AnimationSystem.yy"
[26-11-2024 01:20:29] Found Script: AnimationSystem
[26-11-2024 01:20:29] Checking AnimationSystem.gml
[26-11-2024 01:20:29] Current parent directory: D:/GitHub/Uni-Class Related/Fall2024-CPI111/scripts/basic_vector
[26-11-2024 01:20:29] Checking basic_vector.yy
[26-11-2024 01:20:29] Parsing D:/GitHub/Uni-Class Related/Fall2024-CPI111/scripts/basic_vector/basic_vector.yy
[26-11-2024 01:20:29] Reading D:/GitHub/Uni-Class Related/Fall2024-CPI111/scripts/basic_vector/basic_vector.yy
[26-11-2024 01:20:29] Par: "folders/Scripts/Utilities/2D Vector" at dir: "D:/GitHub/Uni-Class Related/Fall2024-CPI111/scripts/basic_vector/basic_vector.yy"
[26-11-2024 01:20:29] Found Script: basic_vector
[26-11-2024 01:20:29] Checking basic_vector.gml
[26-11-2024 01:20:29] Current parent directory: D:/GitHub/Uni-Class Related/Fall2024-CPI111/scripts/change_character_script
[26-11-2024 01:20:29] Checking change_character_script.yy
[26-11-2024 01:20:29] Parsing D:/GitHub/Uni-Class Related/Fall2024-CPI111/scripts/change_character_script/change_character_script.yy
[26-11-2024 01:20:29] Reading D:/GitHub/Uni-Class Related/Fall2024-CPI111/scripts/change_character_script/change_character_script.yy
[26-11-2024 01:20:29] Par: "folders/Scripts/Dialogue" at dir: "D:/GitHub/Uni-Class Related/Fall2024-CPI111/scripts/change_character_script/change_character_script.yy"
[26-11-2024 01:20:29] Found Script: change_character_script
[26-11-2024 01:20:29] Checking change_character_script.gml
[26-11-2024 01:20:29] Current parent directory: D:/GitHub/Uni-Class Related/Fall2024-CPI111/scripts/dialogue_enums
[26-11-2024 01:20:29] Checking dialogue_enums.yy
[26-11-2024 01:20:29] Parsing D:/GitHub/Uni-Class Related/Fall2024-CPI111/scripts/dialogue_enums/dialogue_enums.yy
[26-11-2024 01:20:29] Reading D:/GitHub/Uni-Class Related/Fall2024-CPI111/scripts/dialogue_enums/dialogue_enums.yy
[26-11-2024 01:20:29] Par: "folders/Scripts/Dialogue" at dir: "D:/GitHub/Uni-Class Related/Fall2024-CPI111/scripts/dialogue_enums/dialogue_enums.yy"
[26-11-2024 01:20:29] Found Script: dialogue_enums
[26-11-2024 01:20:29] Checking dialogue_enums.gml
[26-11-2024 01:20:29] Current parent directory: D:/GitHub/Uni-Class Related/Fall2024-CPI111/scripts/draw_text_scribble
[26-11-2024 01:20:29] Checking draw_text_scribble.yy
[26-11-2024 01:20:29] Parsing D:/GitHub/Uni-Class Related/Fall2024-CPI111/scripts/draw_text_scribble/draw_text_scribble.yy
[26-11-2024 01:20:29] Reading D:/GitHub/Uni-Class Related/Fall2024-CPI111/scripts/draw_text_scribble/draw_text_scribble.yy
[26-11-2024 01:20:29] Par: "folders/Scribble/Quick Functions" at dir: "D:/GitHub/Uni-Class Related/Fall2024-CPI111/scripts/draw_text_scribble/draw_text_scribble.yy"
[26-11-2024 01:20:29] Found Script: draw_text_scribble
[26-11-2024 01:20:29] Checking draw_text_scribble.gml
[26-11-2024 01:20:29] Current parent directory: D:/GitHub/Uni-Class Related/Fall2024-CPI111/scripts/draw_text_scribble_ext
[26-11-2024 01:20:29] Checking draw_text_scribble_ext.yy
[26-11-2024 01:20:29] Parsing D:/GitHub/Uni-Class Related/Fall2024-CPI111/scripts/draw_text_scribble_ext/draw_text_scribble_ext.yy
[26-11-2024 01:20:29] Reading D:/GitHub/Uni-Class Related/Fall2024-CPI111/scripts/draw_text_scribble_ext/draw_text_scribble_ext.yy
[26-11-2024 01:20:29] Par: "folders/Scribble/Quick Functions" at dir: "D:/GitHub/Uni-Class Related/Fall2024-CPI111/scripts/draw_text_scribble_ext/draw_text_scribble_ext.yy"
[26-11-2024 01:20:29] Found Script: draw_text_scribble_ext
[26-11-2024 01:20:29] Checking draw_text_scribble_ext.gml
[26-11-2024 01:20:29] Current parent directory: D:/GitHub/Uni-Class Related/Fall2024-CPI111/scripts/Global_Variables
[26-11-2024 01:20:29] Checking Global_Variables.yy
[26-11-2024 01:20:29] Parsing D:/GitHub/Uni-Class Related/Fall2024-CPI111/scripts/Global_Variables/Global_Variables.yy
[26-11-2024 01:20:29] Reading D:/GitHub/Uni-Class Related/Fall2024-CPI111/scripts/Global_Variables/Global_Variables.yy
[26-11-2024 01:20:29] Par: "folders/Scripts/Global" at dir: "D:/GitHub/Uni-Class Related/Fall2024-CPI111/scripts/Global_Variables/Global_Variables.yy"
[26-11-2024 01:20:29] Found Script: Global_Variables
[26-11-2024 01:20:29] Checking Global_Variables.gml
[26-11-2024 01:20:29] Current parent directory: D:/GitHub/Uni-Class Related/Fall2024-CPI111/scripts/lock_skip_script
[26-11-2024 01:20:29] Checking lock_skip_script.yy
[26-11-2024 01:20:29] Parsing D:/GitHub/Uni-Class Related/Fall2024-CPI111/scripts/lock_skip_script/lock_skip_script.yy
[26-11-2024 01:20:29] Reading D:/GitHub/Uni-Class Related/Fall2024-CPI111/scripts/lock_skip_script/lock_skip_script.yy
[26-11-2024 01:20:29] Par: "folders/Scripts/Dialogue" at dir: "D:/GitHub/Uni-Class Related/Fall2024-CPI111/scripts/lock_skip_script/lock_skip_script.yy"
[26-11-2024 01:20:29] Found Script: lock_skip_script
[26-11-2024 01:20:29] Checking lock_skip_script.gml
[26-11-2024 01:20:29] Current parent directory: D:/GitHub/Uni-Class Related/Fall2024-CPI111/scripts/notification_messages
[26-11-2024 01:20:29] Checking notification_messages.yy
[26-11-2024 01:20:29] Parsing D:/GitHub/Uni-Class Related/Fall2024-CPI111/scripts/notification_messages/notification_messages.yy
[26-11-2024 01:20:29] Reading D:/GitHub/Uni-Class Related/Fall2024-CPI111/scripts/notification_messages/notification_messages.yy
[26-11-2024 01:20:29] Par: "folders/Scripts/Utilities/Broadcast System" at dir: "D:/GitHub/Uni-Class Related/Fall2024-CPI111/scripts/notification_messages/notification_messages.yy"
[26-11-2024 01:20:29] Found Script: notification_messages
[26-11-2024 01:20:29] Checking notification_messages.gml
[26-11-2024 01:20:29] Current parent directory: D:/GitHub/Uni-Class Related/Fall2024-CPI111/scripts/notification_system
[26-11-2024 01:20:29] Checking notification_system.yy
[26-11-2024 01:20:29] Parsing D:/GitHub/Uni-Class Related/Fall2024-CPI111/scripts/notification_system/notification_system.yy
[26-11-2024 01:20:29] Reading D:/GitHub/Uni-Class Related/Fall2024-CPI111/scripts/notification_system/notification_system.yy
[26-11-2024 01:20:29] Par: "folders/Scripts/Utilities/Broadcast System" at dir: "D:/GitHub/Uni-Class Related/Fall2024-CPI111/scripts/notification_system/notification_system.yy"
[26-11-2024 01:20:29] Found Script: notification_system
[26-11-2024 01:20:29] Checking notification_system.gml
[26-11-2024 01:20:29] Current parent directory: D:/GitHub/Uni-Class Related/Fall2024-CPI111/scripts/portrait_set_left_script
[26-11-2024 01:20:29] Checking portrait_set_left_script.yy
[26-11-2024 01:20:29] Parsing D:/GitHub/Uni-Class Related/Fall2024-CPI111/scripts/portrait_set_left_script/portrait_set_left_script.yy
[26-11-2024 01:20:29] Reading D:/GitHub/Uni-Class Related/Fall2024-CPI111/scripts/portrait_set_left_script/portrait_set_left_script.yy
[26-11-2024 01:20:29] Par: "folders/Scripts/Dialogue" at dir: "D:/GitHub/Uni-Class Related/Fall2024-CPI111/scripts/portrait_set_left_script/portrait_set_left_script.yy"
[26-11-2024 01:20:29] Found Script: portrait_set_left_script
[26-11-2024 01:20:29] Checking portrait_set_left_script.gml
[26-11-2024 01:20:29] Current parent directory: D:/GitHub/Uni-Class Related/Fall2024-CPI111/scripts/portrait_set_right_script
[26-11-2024 01:20:29] Checking portrait_set_right_script.yy
[26-11-2024 01:20:29] Parsing D:/GitHub/Uni-Class Related/Fall2024-CPI111/scripts/portrait_set_right_script/portrait_set_right_script.yy
[26-11-2024 01:20:29] Reading D:/GitHub/Uni-Class Related/Fall2024-CPI111/scripts/portrait_set_right_script/portrait_set_right_script.yy
[26-11-2024 01:20:29] Par: "folders/Scripts/Dialogue" at dir: "D:/GitHub/Uni-Class Related/Fall2024-CPI111/scripts/portrait_set_right_script/portrait_set_right_script.yy"
[26-11-2024 01:20:29] Found Script: portrait_set_right_script
[26-11-2024 01:20:29] Checking portrait_set_right_script.gml
[26-11-2024 01:20:29] Current parent directory: D:/GitHub/Uni-Class Related/Fall2024-CPI111/scripts/run_func_after_delay
[26-11-2024 01:20:29] Checking run_func_after_delay.yy
[26-11-2024 01:20:29] Parsing D:/GitHub/Uni-Class Related/Fall2024-CPI111/scripts/run_func_after_delay/run_func_after_delay.yy
[26-11-2024 01:20:29] Reading D:/GitHub/Uni-Class Related/Fall2024-CPI111/scripts/run_func_after_delay/run_func_after_delay.yy
[26-11-2024 01:20:29] Par: "folders/Scripts/Utilities/Coroutine-Like" at dir: "D:/GitHub/Uni-Class Related/Fall2024-CPI111/scripts/run_func_after_delay/run_func_after_delay.yy"
[26-11-2024 01:20:29] Found Script: run_func_after_delay
[26-11-2024 01:20:29] Checking run_func_after_delay.gml
[26-11-2024 01:20:29] Current parent directory: D:/GitHub/Uni-Class Related/Fall2024-CPI111/scripts/run_func_on_condition
[26-11-2024 01:20:29] Checking run_func_on_condition.yy
[26-11-2024 01:20:29] Parsing D:/GitHub/Uni-Class Related/Fall2024-CPI111/scripts/run_func_on_condition/run_func_on_condition.yy
[26-11-2024 01:20:29] Reading D:/GitHub/Uni-Class Related/Fall2024-CPI111/scripts/run_func_on_condition/run_func_on_condition.yy
[26-11-2024 01:20:29] Par: "folders/Scripts/Utilities/Coroutine-Like" at dir: "D:/GitHub/Uni-Class Related/Fall2024-CPI111/scripts/run_func_on_condition/run_func_on_condition.yy"
[26-11-2024 01:20:29] Found Script: run_func_on_condition
[26-11-2024 01:20:29] Checking run_func_on_condition.gml
[26-11-2024 01:20:29] Current parent directory: D:/GitHub/Uni-Class Related/Fall2024-CPI111/scripts/scribble
[26-11-2024 01:20:29] Checking scribble.yy
[26-11-2024 01:20:29] Parsing D:/GitHub/Uni-Class Related/Fall2024-CPI111/scripts/scribble/scribble.yy
[26-11-2024 01:20:29] Reading D:/GitHub/Uni-Class Related/Fall2024-CPI111/scripts/scribble/scribble.yy
[26-11-2024 01:20:29] Par: "folders/Scribble" at dir: "D:/GitHub/Uni-Class Related/Fall2024-CPI111/scripts/scribble/scribble.yy"
[26-11-2024 01:20:29] Found Script: scribble
[26-11-2024 01:20:29] Checking scribble.gml
[26-11-2024 01:20:29] Current parent directory: D:/GitHub/Uni-Class Related/Fall2024-CPI111/scripts/scribble_add_macro
[26-11-2024 01:20:29] Checking scribble_add_macro.yy
[26-11-2024 01:20:29] Parsing D:/GitHub/Uni-Class Related/Fall2024-CPI111/scripts/scribble_add_macro/scribble_add_macro.yy
[26-11-2024 01:20:29] Reading D:/GitHub/Uni-Class Related/Fall2024-CPI111/scripts/scribble_add_macro/scribble_add_macro.yy
[26-11-2024 01:20:29] Par: "folders/Scribble/Miscellaneous" at dir: "D:/GitHub/Uni-Class Related/Fall2024-CPI111/scripts/scribble_add_macro/scribble_add_macro.yy"
[26-11-2024 01:20:29] Found Script: scribble_add_macro
[26-11-2024 01:20:29] Checking scribble_add_macro.gml
[26-11-2024 01:20:29] Current parent directory: D:/GitHub/Uni-Class Related/Fall2024-CPI111/scripts/scribble_anim_blink
[26-11-2024 01:20:29] Checking scribble_anim_blink.yy
[26-11-2024 01:20:29] Parsing D:/GitHub/Uni-Class Related/Fall2024-CPI111/scripts/scribble_anim_blink/scribble_anim_blink.yy
[26-11-2024 01:20:29] Reading D:/GitHub/Uni-Class Related/Fall2024-CPI111/scripts/scribble_anim_blink/scribble_anim_blink.yy
[26-11-2024 01:20:29] Par: "folders/Scribble/Animation" at dir: "D:/GitHub/Uni-Class Related/Fall2024-CPI111/scripts/scribble_anim_blink/scribble_anim_blink.yy"
[26-11-2024 01:20:29] Found Script: scribble_anim_blink
[26-11-2024 01:20:29] Checking scribble_anim_blink.gml
[26-11-2024 01:20:29] Current parent directory: D:/GitHub/Uni-Class Related/Fall2024-CPI111/scripts/scribble_anim_cycle
[26-11-2024 01:20:29] Checking scribble_anim_cycle.yy
[26-11-2024 01:20:29] Parsing D:/GitHub/Uni-Class Related/Fall2024-CPI111/scripts/scribble_anim_cycle/scribble_anim_cycle.yy
[26-11-2024 01:20:29] Reading D:/GitHub/Uni-Class Related/Fall2024-CPI111/scripts/scribble_anim_cycle/scribble_anim_cycle.yy
[26-11-2024 01:20:29] Par: "folders/Scribble/Animation" at dir: "D:/GitHub/Uni-Class Related/Fall2024-CPI111/scripts/scribble_anim_cycle/scribble_anim_cycle.yy"
[26-11-2024 01:20:29] Found Script: scribble_anim_cycle
[26-11-2024 01:20:29] Checking scribble_anim_cycle.gml
[26-11-2024 01:20:29] Current parent directory: D:/GitHub/Uni-Class Related/Fall2024-CPI111/scripts/scribble_anim_disabled
[26-11-2024 01:20:29] Checking scribble_anim_disabled.yy
[26-11-2024 01:20:29] Parsing D:/GitHub/Uni-Class Related/Fall2024-CPI111/scripts/scribble_anim_disabled/scribble_anim_disabled.yy
[26-11-2024 01:20:29] Reading D:/GitHub/Uni-Class Related/Fall2024-CPI111/scripts/scribble_anim_disabled/scribble_anim_disabled.yy
[26-11-2024 01:20:29] Par: "folders/Scribble/Animation" at dir: "D:/GitHub/Uni-Class Related/Fall2024-CPI111/scripts/scribble_anim_disabled/scribble_anim_disabled.yy"
[26-11-2024 01:20:29] Found Script: scribble_anim_disabled
[26-11-2024 01:20:29] Checking scribble_anim_disabled.gml
[26-11-2024 01:20:29] Current parent directory: D:/GitHub/Uni-Class Related/Fall2024-CPI111/scripts/scribble_anim_get_disabled
[26-11-2024 01:20:29] Checking scribble_anim_get_disabled.yy
[26-11-2024 01:20:29] Parsing D:/GitHub/Uni-Class Related/Fall2024-CPI111/scripts/scribble_anim_get_disabled/scribble_anim_get_disabled.yy
[26-11-2024 01:20:29] Reading D:/GitHub/Uni-Class Related/Fall2024-CPI111/scripts/scribble_anim_get_disabled/scribble_anim_get_disabled.yy
[26-11-2024 01:20:29] Par: "folders/Scribble/Animation" at dir: "D:/GitHub/Uni-Class Related/Fall2024-CPI111/scripts/scribble_anim_get_disabled/scribble_anim_get_disabled.yy"
[26-11-2024 01:20:29] Found Script: scribble_anim_get_disabled
[26-11-2024 01:20:29] Checking scribble_anim_get_disabled.gml
[26-11-2024 01:20:29] Current parent directory: D:/GitHub/Uni-Class Related/Fall2024-CPI111/scripts/scribble_anim_jitter
[26-11-2024 01:20:29] Checking scribble_anim_jitter.yy
[26-11-2024 01:20:29] Parsing D:/GitHub/Uni-Class Related/Fall2024-CPI111/scripts/scribble_anim_jitter/scribble_anim_jitter.yy
[26-11-2024 01:20:29] Reading D:/GitHub/Uni-Class Related/Fall2024-CPI111/scripts/scribble_anim_jitter/scribble_anim_jitter.yy
[26-11-2024 01:20:29] Par: "folders/Scribble/Animation" at dir: "D:/GitHub/Uni-Class Related/Fall2024-CPI111/scripts/scribble_anim_jitter/scribble_anim_jitter.yy"
[26-11-2024 01:20:29] Found Script: scribble_anim_jitter
[26-11-2024 01:20:29] Checking scribble_anim_jitter.gml
[26-11-2024 01:20:29] Current parent directory: D:/GitHub/Uni-Class Related/Fall2024-CPI111/scripts/scribble_anim_pulse
[26-11-2024 01:20:29] Checking scribble_anim_pulse.yy
[26-11-2024 01:20:29] Parsing D:/GitHub/Uni-Class Related/Fall2024-CPI111/scripts/scribble_anim_pulse/scribble_anim_pulse.yy
[26-11-2024 01:20:29] Reading D:/GitHub/Uni-Class Related/Fall2024-CPI111/scripts/scribble_anim_pulse/scribble_anim_pulse.yy
[26-11-2024 01:20:29] Par: "folders/Scribble/Animation" at dir: "D:/GitHub/Uni-Class Related/Fall2024-CPI111/scripts/scribble_anim_pulse/scribble_anim_pulse.yy"
[26-11-2024 01:20:29] Found Script: scribble_anim_pulse
[26-11-2024 01:20:29] Checking scribble_anim_pulse.gml
[26-11-2024 01:20:29] Current parent directory: D:/GitHub/Uni-Class Related/Fall2024-CPI111/scripts/scribble_anim_rainbow
[26-11-2024 01:20:29] Checking scribble_anim_rainbow.yy
[26-11-2024 01:20:29] Parsing D:/GitHub/Uni-Class Related/Fall2024-CPI111/scripts/scribble_anim_rainbow/scribble_anim_rainbow.yy
[26-11-2024 01:20:29] Reading D:/GitHub/Uni-Class Related/Fall2024-CPI111/scripts/scribble_anim_rainbow/scribble_anim_rainbow.yy
[26-11-2024 01:20:29] Par: "folders/Scribble/Animation" at dir: "D:/GitHub/Uni-Class Related/Fall2024-CPI111/scripts/scribble_anim_rainbow/scribble_anim_rainbow.yy"
[26-11-2024 01:20:29] Found Script: scribble_anim_rainbow
[26-11-2024 01:20:29] Checking scribble_anim_rainbow.gml
[26-11-2024 01:20:29] Current parent directory: D:/GitHub/Uni-Class Related/Fall2024-CPI111/scripts/scribble_anim_reset
[26-11-2024 01:20:29] Checking scribble_anim_reset.yy
[26-11-2024 01:20:29] Parsing D:/GitHub/Uni-Class Related/Fall2024-CPI111/scripts/scribble_anim_reset/scribble_anim_reset.yy
[26-11-2024 01:20:29] Reading D:/GitHub/Uni-Class Related/Fall2024-CPI111/scripts/scribble_anim_reset/scribble_anim_reset.yy
[26-11-2024 01:20:29] Par: "folders/Scribble/Animation" at dir: "D:/GitHub/Uni-Class Related/Fall2024-CPI111/scripts/scribble_anim_reset/scribble_anim_reset.yy"
[26-11-2024 01:20:29] Found Script: scribble_anim_reset
[26-11-2024 01:20:29] Checking scribble_anim_reset.gml
[26-11-2024 01:20:29] Current parent directory: D:/GitHub/Uni-Class Related/Fall2024-CPI111/scripts/scribble_anim_shake
[26-11-2024 01:20:29] Checking scribble_anim_shake.yy
[26-11-2024 01:20:29] Parsing D:/GitHub/Uni-Class Related/Fall2024-CPI111/scripts/scribble_anim_shake/scribble_anim_shake.yy
[26-11-2024 01:20:29] Reading D:/GitHub/Uni-Class Related/Fall2024-CPI111/scripts/scribble_anim_shake/scribble_anim_shake.yy
[26-11-2024 01:20:29] Par: "folders/Scribble/Animation" at dir: "D:/GitHub/Uni-Class Related/Fall2024-CPI111/scripts/scribble_anim_shake/scribble_anim_shake.yy"
[26-11-2024 01:20:29] Found Script: scribble_anim_shake
[26-11-2024 01:20:29] Checking scribble_anim_shake.gml
[26-11-2024 01:20:29] Current parent directory: D:/GitHub/Uni-Class Related/Fall2024-CPI111/scripts/scribble_anim_wave
[26-11-2024 01:20:29] Checking scribble_anim_wave.yy
[26-11-2024 01:20:29] Parsing D:/GitHub/Uni-Class Related/Fall2024-CPI111/scripts/scribble_anim_wave/scribble_anim_wave.yy
[26-11-2024 01:20:29] Reading D:/GitHub/Uni-Class Related/Fall2024-CPI111/scripts/scribble_anim_wave/scribble_anim_wave.yy
[26-11-2024 01:20:29] Par: "folders/Scribble/Animation" at dir: "D:/GitHub/Uni-Class Related/Fall2024-CPI111/scripts/scribble_anim_wave/scribble_anim_wave.yy"
[26-11-2024 01:20:29] Found Script: scribble_anim_wave
[26-11-2024 01:20:29] Checking scribble_anim_wave.gml
[26-11-2024 01:20:29] Current parent directory: D:/GitHub/Uni-Class Related/Fall2024-CPI111/scripts/scribble_anim_wheel
[26-11-2024 01:20:29] Checking scribble_anim_wheel.yy
[26-11-2024 01:20:29] Parsing D:/GitHub/Uni-Class Related/Fall2024-CPI111/scripts/scribble_anim_wheel/scribble_anim_wheel.yy
[26-11-2024 01:20:29] Reading D:/GitHub/Uni-Class Related/Fall2024-CPI111/scripts/scribble_anim_wheel/scribble_anim_wheel.yy
[26-11-2024 01:20:29] Par: "folders/Scribble/Animation" at dir: "D:/GitHub/Uni-Class Related/Fall2024-CPI111/scripts/scribble_anim_wheel/scribble_anim_wheel.yy"
[26-11-2024 01:20:29] Found Script: scribble_anim_wheel
[26-11-2024 01:20:29] Checking scribble_anim_wheel.gml
[26-11-2024 01:20:29] Current parent directory: D:/GitHub/Uni-Class Related/Fall2024-CPI111/scripts/scribble_anim_wobble
[26-11-2024 01:20:29] Checking scribble_anim_wobble.yy
[26-11-2024 01:20:29] Parsing D:/GitHub/Uni-Class Related/Fall2024-CPI111/scripts/scribble_anim_wobble/scribble_anim_wobble.yy
[26-11-2024 01:20:29] Reading D:/GitHub/Uni-Class Related/Fall2024-CPI111/scripts/scribble_anim_wobble/scribble_anim_wobble.yy
[26-11-2024 01:20:29] Par: "folders/Scribble/Animation" at dir: "D:/GitHub/Uni-Class Related/Fall2024-CPI111/scripts/scribble_anim_wobble/scribble_anim_wobble.yy"
[26-11-2024 01:20:29] Found Script: scribble_anim_wobble
[26-11-2024 01:20:29] Checking scribble_anim_wobble.gml
[26-11-2024 01:20:29] Current parent directory: D:/GitHub/Uni-Class Related/Fall2024-CPI111/scripts/scribble_color_get
[26-11-2024 01:20:29] Checking scribble_color_get.yy
[26-11-2024 01:20:29] Parsing D:/GitHub/Uni-Class Related/Fall2024-CPI111/scripts/scribble_color_get/scribble_color_get.yy
[26-11-2024 01:20:29] Reading D:/GitHub/Uni-Class Related/Fall2024-CPI111/scripts/scribble_color_get/scribble_color_get.yy
[26-11-2024 01:20:29] Par: "folders/Scribble/Colours" at dir: "D:/GitHub/Uni-Class Related/Fall2024-CPI111/scripts/scribble_color_get/scribble_color_get.yy"
[26-11-2024 01:20:29] Found Script: scribble_color_get
[26-11-2024 01:20:29] Checking scribble_color_get.gml
[26-11-2024 01:20:29] Current parent directory: D:/GitHub/Uni-Class Related/Fall2024-CPI111/scripts/scribble_color_set
[26-11-2024 01:20:29] Checking scribble_color_set.yy
[26-11-2024 01:20:29] Parsing D:/GitHub/Uni-Class Related/Fall2024-CPI111/scripts/scribble_color_set/scribble_color_set.yy
[26-11-2024 01:20:29] Reading D:/GitHub/Uni-Class Related/Fall2024-CPI111/scripts/scribble_color_set/scribble_color_set.yy
[26-11-2024 01:20:29] Par: "folders/Scribble/Colours" at dir: "D:/GitHub/Uni-Class Related/Fall2024-CPI111/scripts/scribble_color_set/scribble_color_set.yy"
[26-11-2024 01:20:29] Found Script: scribble_color_set
[26-11-2024 01:20:29] Checking scribble_color_set.gml
[26-11-2024 01:20:29] Current parent directory: D:/GitHub/Uni-Class Related/Fall2024-CPI111/scripts/scribble_default_preprocessor_get
[26-11-2024 01:20:29] Checking scribble_default_preprocessor_get.yy
[26-11-2024 01:20:29] Parsing D:/GitHub/Uni-Class Related/Fall2024-CPI111/scripts/scribble_default_preprocessor_get/scribble_default_preprocessor_get.yy
[26-11-2024 01:20:29] Reading D:/GitHub/Uni-Class Related/Fall2024-CPI111/scripts/scribble_default_preprocessor_get/scribble_default_preprocessor_get.yy
[26-11-2024 01:20:29] Par: "folders/Scribble/Miscellaneous" at dir: "D:/GitHub/Uni-Class Related/Fall2024-CPI111/scripts/scribble_default_preprocessor_get/scribble_default_preprocessor_get.yy"
[26-11-2024 01:20:29] Found Script: scribble_default_preprocessor_get
[26-11-2024 01:20:29] Checking scribble_default_preprocessor_get.gml
[26-11-2024 01:20:29] Current parent directory: D:/GitHub/Uni-Class Related/Fall2024-CPI111/scripts/scribble_default_preprocessor_set
[26-11-2024 01:20:29] Checking scribble_default_preprocessor_set.yy
[26-11-2024 01:20:29] Parsing D:/GitHub/Uni-Class Related/Fall2024-CPI111/scripts/scribble_default_preprocessor_set/scribble_default_preprocessor_set.yy
[26-11-2024 01:20:29] Reading D:/GitHub/Uni-Class Related/Fall2024-CPI111/scripts/scribble_default_preprocessor_set/scribble_default_preprocessor_set.yy
[26-11-2024 01:20:29] Par: "folders/Scribble/Miscellaneous" at dir: "D:/GitHub/Uni-Class Related/Fall2024-CPI111/scripts/scribble_default_preprocessor_set/scribble_default_preprocessor_set.yy"
[26-11-2024 01:20:29] Found Script: scribble_default_preprocessor_set
[26-11-2024 01:20:29] Checking scribble_default_preprocessor_set.gml
[26-11-2024 01:20:29] Current parent directory: D:/GitHub/Uni-Class Related/Fall2024-CPI111/scripts/scribble_external_sound_add
[26-11-2024 01:20:29] Checking scribble_external_sound_add.yy
[26-11-2024 01:20:29] Parsing D:/GitHub/Uni-Class Related/Fall2024-CPI111/scripts/scribble_external_sound_add/scribble_external_sound_add.yy
[26-11-2024 01:20:29] Reading D:/GitHub/Uni-Class Related/Fall2024-CPI111/scripts/scribble_external_sound_add/scribble_external_sound_add.yy
[26-11-2024 01:20:29] Par: "folders/Scribble/External Assets" at dir: "D:/GitHub/Uni-Class Related/Fall2024-CPI111/scripts/scribble_external_sound_add/scribble_external_sound_add.yy"
[26-11-2024 01:20:29] Found Script: scribble_external_sound_add
[26-11-2024 01:20:29] Checking scribble_external_sound_add.gml
[26-11-2024 01:20:29] Current parent directory: D:/GitHub/Uni-Class Related/Fall2024-CPI111/scripts/scribble_external_sound_exists
[26-11-2024 01:20:29] Checking scribble_external_sound_exists.yy
[26-11-2024 01:20:29] Parsing D:/GitHub/Uni-Class Related/Fall2024-CPI111/scripts/scribble_external_sound_exists/scribble_external_sound_exists.yy
[26-11-2024 01:20:29] Reading D:/GitHub/Uni-Class Related/Fall2024-CPI111/scripts/scribble_external_sound_exists/scribble_external_sound_exists.yy
[26-11-2024 01:20:29] Par: "folders/Scribble/External Assets" at dir: "D:/GitHub/Uni-Class Related/Fall2024-CPI111/scripts/scribble_external_sound_exists/scribble_external_sound_exists.yy"
[26-11-2024 01:20:29] Found Script: scribble_external_sound_exists
[26-11-2024 01:20:29] Checking scribble_external_sound_exists.gml
[26-11-2024 01:20:29] Current parent directory: D:/GitHub/Uni-Class Related/Fall2024-CPI111/scripts/scribble_external_sound_remove
[26-11-2024 01:20:29] Checking scribble_external_sound_remove.yy
[26-11-2024 01:20:29] Parsing D:/GitHub/Uni-Class Related/Fall2024-CPI111/scripts/scribble_external_sound_remove/scribble_external_sound_remove.yy
[26-11-2024 01:20:29] Reading D:/GitHub/Uni-Class Related/Fall2024-CPI111/scripts/scribble_external_sound_remove/scribble_external_sound_remove.yy
[26-11-2024 01:20:29] Par: "folders/Scribble/External Assets" at dir: "D:/GitHub/Uni-Class Related/Fall2024-CPI111/scripts/scribble_external_sound_remove/scribble_external_sound_remove.yy"
[26-11-2024 01:20:29] Found Script: scribble_external_sound_remove
[26-11-2024 01:20:29] Checking scribble_external_sound_remove.gml
[26-11-2024 01:20:29] Current parent directory: D:/GitHub/Uni-Class Related/Fall2024-CPI111/scripts/scribble_flush_everything
[26-11-2024 01:20:29] Checking scribble_flush_everything.yy
[26-11-2024 01:20:29] Parsing D:/GitHub/Uni-Class Related/Fall2024-CPI111/scripts/scribble_flush_everything/scribble_flush_everything.yy
[26-11-2024 01:20:29] Reading D:/GitHub/Uni-Class Related/Fall2024-CPI111/scripts/scribble_flush_everything/scribble_flush_everything.yy
[26-11-2024 01:20:29] Par: "folders/Scribble/Miscellaneous" at dir: "D:/GitHub/Uni-Class Related/Fall2024-CPI111/scripts/scribble_flush_everything/scribble_flush_everything.yy"
[26-11-2024 01:20:29] Found Script: scribble_flush_everything
[26-11-2024 01:20:29] Checking scribble_flush_everything.gml
[26-11-2024 01:20:29] Current parent directory: D:/GitHub/Uni-Class Related/Fall2024-CPI111/scripts/scribble_font_bake_outline_4dir
[26-11-2024 01:20:29] Checking scribble_font_bake_outline_4dir.yy
[26-11-2024 01:20:29] Parsing D:/GitHub/Uni-Class Related/Fall2024-CPI111/scripts/scribble_font_bake_outline_4dir/scribble_font_bake_outline_4dir.yy
[26-11-2024 01:20:29] Reading D:/GitHub/Uni-Class Related/Fall2024-CPI111/scripts/scribble_font_bake_outline_4dir/scribble_font_bake_outline_4dir.yy
[26-11-2024 01:20:29] Par: "folders/Scribble/Legacy" at dir: "D:/GitHub/Uni-Class Related/Fall2024-CPI111/scripts/scribble_font_bake_outline_4dir/scribble_font_bake_outline_4dir.yy"
[26-11-2024 01:20:29] Found Script: scribble_font_bake_outline_4dir
[26-11-2024 01:20:29] Checking scribble_font_bake_outline_4dir.gml
[26-11-2024 01:20:29] Current parent directory: D:/GitHub/Uni-Class Related/Fall2024-CPI111/scripts/scribble_font_bake_outline_8dir
[26-11-2024 01:20:29] Checking scribble_font_bake_outline_8dir.yy
[26-11-2024 01:20:29] Parsing D:/GitHub/Uni-Class Related/Fall2024-CPI111/scripts/scribble_font_bake_outline_8dir/scribble_font_bake_outline_8dir.yy
[26-11-2024 01:20:29] Reading D:/GitHub/Uni-Class Related/Fall2024-CPI111/scripts/scribble_font_bake_outline_8dir/scribble_font_bake_outline_8dir.yy
[26-11-2024 01:20:29] Par: "folders/Scribble/Legacy" at dir: "D:/GitHub/Uni-Class Related/Fall2024-CPI111/scripts/scribble_font_bake_outline_8dir/scribble_font_bake_outline_8dir.yy"
[26-11-2024 01:20:29] Found Script: scribble_font_bake_outline_8dir
[26-11-2024 01:20:29] Checking scribble_font_bake_outline_8dir.gml
[26-11-2024 01:20:29] Current parent directory: D:/GitHub/Uni-Class Related/Fall2024-CPI111/scripts/scribble_font_bake_outline_8dir_2px
[26-11-2024 01:20:29] Checking scribble_font_bake_outline_8dir_2px.yy
[26-11-2024 01:20:29] Parsing D:/GitHub/Uni-Class Related/Fall2024-CPI111/scripts/scribble_font_bake_outline_8dir_2px/scribble_font_bake_outline_8dir_2px.yy
[26-11-2024 01:20:29] Reading D:/GitHub/Uni-Class Related/Fall2024-CPI111/scripts/scribble_font_bake_outline_8dir_2px/scribble_font_bake_outline_8dir_2px.yy
[26-11-2024 01:20:29] Par: "folders/Scribble/Legacy" at dir: "D:/GitHub/Uni-Class Related/Fall2024-CPI111/scripts/scribble_font_bake_outline_8dir_2px/scribble_font_bake_outline_8dir_2px.yy"
[26-11-2024 01:20:29] Found Script: scribble_font_bake_outline_8dir_2px
[26-11-2024 01:20:29] Checking scribble_font_bake_outline_8dir_2px.gml
[26-11-2024 01:20:29] Current parent directory: D:/GitHub/Uni-Class Related/Fall2024-CPI111/scripts/scribble_font_bake_outline_and_shadow
[26-11-2024 01:20:29] Checking scribble_font_bake_outline_and_shadow.yy
[26-11-2024 01:20:29] Parsing D:/GitHub/Uni-Class Related/Fall2024-CPI111/scripts/scribble_font_bake_outline_and_shadow/scribble_font_bake_outline_and_shadow.yy
[26-11-2024 01:20:29] Reading D:/GitHub/Uni-Class Related/Fall2024-CPI111/scripts/scribble_font_bake_outline_and_shadow/scribble_font_bake_outline_and_shadow.yy
[26-11-2024 01:20:29] Par: "folders/Scribble/Fonts" at dir: "D:/GitHub/Uni-Class Related/Fall2024-CPI111/scripts/scribble_font_bake_outline_and_shadow/scribble_font_bake_outline_and_shadow.yy"
[26-11-2024 01:20:29] Found Script: scribble_font_bake_outline_and_shadow
[26-11-2024 01:20:29] Checking scribble_font_bake_outline_and_shadow.gml
[26-11-2024 01:20:29] Current parent directory: D:/GitHub/Uni-Class Related/Fall2024-CPI111/scripts/scribble_font_bake_shader
[26-11-2024 01:20:29] Checking scribble_font_bake_shader.yy
[26-11-2024 01:20:29] Parsing D:/GitHub/Uni-Class Related/Fall2024-CPI111/scripts/scribble_font_bake_shader/scribble_font_bake_shader.yy
[26-11-2024 01:20:29] Reading D:/GitHub/Uni-Class Related/Fall2024-CPI111/scripts/scribble_font_bake_shader/scribble_font_bake_shader.yy
[26-11-2024 01:20:29] Par: "folders/Scribble/Fonts" at dir: "D:/GitHub/Uni-Class Related/Fall2024-CPI111/scripts/scribble_font_bake_shader/scribble_font_bake_shader.yy"
[26-11-2024 01:20:29] Found Script: scribble_font_bake_shader
[26-11-2024 01:20:29] Checking scribble_font_bake_shader.gml
[26-11-2024 01:20:29] Current parent directory: D:/GitHub/Uni-Class Related/Fall2024-CPI111/scripts/scribble_font_bake_shadow
[26-11-2024 01:20:29] Checking scribble_font_bake_shadow.yy
[26-11-2024 01:20:29] Parsing D:/GitHub/Uni-Class Related/Fall2024-CPI111/scripts/scribble_font_bake_shadow/scribble_font_bake_shadow.yy
[26-11-2024 01:20:29] Reading D:/GitHub/Uni-Class Related/Fall2024-CPI111/scripts/scribble_font_bake_shadow/scribble_font_bake_shadow.yy
[26-11-2024 01:20:29] Par: "folders/Scribble/Legacy" at dir: "D:/GitHub/Uni-Class Related/Fall2024-CPI111/scripts/scribble_font_bake_shadow/scribble_font_bake_shadow.yy"
[26-11-2024 01:20:29] Found Script: scribble_font_bake_shadow
[26-11-2024 01:20:29] Checking scribble_font_bake_shadow.gml
[26-11-2024 01:20:29] Current parent directory: D:/GitHub/Uni-Class Related/Fall2024-CPI111/scripts/scribble_font_delete
[26-11-2024 01:20:29] Checking scribble_font_delete.yy
[26-11-2024 01:20:29] Parsing D:/GitHub/Uni-Class Related/Fall2024-CPI111/scripts/scribble_font_delete/scribble_font_delete.yy
[26-11-2024 01:20:29] Reading D:/GitHub/Uni-Class Related/Fall2024-CPI111/scripts/scribble_font_delete/scribble_font_delete.yy
[26-11-2024 01:20:29] Par: "folders/Scribble/Fonts" at dir: "D:/GitHub/Uni-Class Related/Fall2024-CPI111/scripts/scribble_font_delete/scribble_font_delete.yy"
[26-11-2024 01:20:29] Found Script: scribble_font_delete
[26-11-2024 01:20:29] Checking scribble_font_delete.gml
[26-11-2024 01:20:29] Current parent directory: D:/GitHub/Uni-Class Related/Fall2024-CPI111/scripts/scribble_font_duplicate
[26-11-2024 01:20:29] Checking scribble_font_duplicate.yy
[26-11-2024 01:20:29] Parsing D:/GitHub/Uni-Class Related/Fall2024-CPI111/scripts/scribble_font_duplicate/scribble_font_duplicate.yy
[26-11-2024 01:20:29] Reading D:/GitHub/Uni-Class Related/Fall2024-CPI111/scripts/scribble_font_duplicate/scribble_font_duplicate.yy
[26-11-2024 01:20:29] Par: "folders/Scribble/Fonts" at dir: "D:/GitHub/Uni-Class Related/Fall2024-CPI111/scripts/scribble_font_duplicate/scribble_font_duplicate.yy"
[26-11-2024 01:20:29] Found Script: scribble_font_duplicate
[26-11-2024 01:20:29] Checking scribble_font_duplicate.gml
[26-11-2024 01:20:29] Current parent directory: D:/GitHub/Uni-Class Related/Fall2024-CPI111/scripts/scribble_font_exists
[26-11-2024 01:20:29] Checking scribble_font_exists.yy
[26-11-2024 01:20:29] Parsing D:/GitHub/Uni-Class Related/Fall2024-CPI111/scripts/scribble_font_exists/scribble_font_exists.yy
[26-11-2024 01:20:29] Reading D:/GitHub/Uni-Class Related/Fall2024-CPI111/scripts/scribble_font_exists/scribble_font_exists.yy
[26-11-2024 01:20:29] Par: "folders/Scribble/Fonts" at dir: "D:/GitHub/Uni-Class Related/Fall2024-CPI111/scripts/scribble_font_exists/scribble_font_exists.yy"
[26-11-2024 01:20:29] Found Script: scribble_font_exists
[26-11-2024 01:20:29] Checking scribble_font_exists.gml
[26-11-2024 01:20:29] Current parent directory: D:/GitHub/Uni-Class Related/Fall2024-CPI111/scripts/scribble_font_force_bilinear_filtering
[26-11-2024 01:20:29] Checking scribble_font_force_bilinear_filtering.yy
[26-11-2024 01:20:29] Parsing D:/GitHub/Uni-Class Related/Fall2024-CPI111/scripts/scribble_font_force_bilinear_filtering/scribble_font_force_bilinear_filtering.yy
[26-11-2024 01:20:29] Reading D:/GitHub/Uni-Class Related/Fall2024-CPI111/scripts/scribble_font_force_bilinear_filtering/scribble_font_force_bilinear_filtering.yy
[26-11-2024 01:20:29] Par: "folders/Scribble/Fonts" at dir: "D:/GitHub/Uni-Class Related/Fall2024-CPI111/scripts/scribble_font_force_bilinear_filtering/scribble_font_force_bilinear_filtering.yy"
[26-11-2024 01:20:29] Found Script: scribble_font_force_bilinear_filtering
[26-11-2024 01:20:29] Checking scribble_font_force_bilinear_filtering.gml
[26-11-2024 01:20:29] Current parent directory: D:/GitHub/Uni-Class Related/Fall2024-CPI111/scripts/scribble_font_get_default
[26-11-2024 01:20:29] Checking scribble_font_get_default.yy
[26-11-2024 01:20:29] Parsing D:/GitHub/Uni-Class Related/Fall2024-CPI111/scripts/scribble_font_get_default/scribble_font_get_default.yy
[26-11-2024 01:20:29] Reading D:/GitHub/Uni-Class Related/Fall2024-CPI111/scripts/scribble_font_get_default/scribble_font_get_default.yy
[26-11-2024 01:20:29] Par: "folders/Scribble/Fonts" at dir: "D:/GitHub/Uni-Class Related/Fall2024-CPI111/scripts/scribble_font_get_default/scribble_font_get_default.yy"
[26-11-2024 01:20:29] Found Script: scribble_font_get_default
[26-11-2024 01:20:29] Checking scribble_font_get_default.gml
[26-11-2024 01:20:29] Current parent directory: D:/GitHub/Uni-Class Related/Fall2024-CPI111/scripts/scribble_font_get_glyph_ranges
[26-11-2024 01:20:29] Checking scribble_font_get_glyph_ranges.yy
[26-11-2024 01:20:29] Parsing D:/GitHub/Uni-Class Related/Fall2024-CPI111/scripts/scribble_font_get_glyph_ranges/scribble_font_get_glyph_ranges.yy
[26-11-2024 01:20:29] Reading D:/GitHub/Uni-Class Related/Fall2024-CPI111/scripts/scribble_font_get_glyph_ranges/scribble_font_get_glyph_ranges.yy
[26-11-2024 01:20:29] Par: "folders/Scribble/Fonts" at dir: "D:/GitHub/Uni-Class Related/Fall2024-CPI111/scripts/scribble_font_get_glyph_ranges/scribble_font_get_glyph_ranges.yy"
[26-11-2024 01:20:29] Found Script: scribble_font_get_glyph_ranges
[26-11-2024 01:20:29] Checking scribble_font_get_glyph_ranges.gml
[26-11-2024 01:20:29] Current parent directory: D:/GitHub/Uni-Class Related/Fall2024-CPI111/scripts/scribble_font_has_character
[26-11-2024 01:20:29] Checking scribble_font_has_character.yy
[26-11-2024 01:20:29] Parsing D:/GitHub/Uni-Class Related/Fall2024-CPI111/scripts/scribble_font_has_character/scribble_font_has_character.yy
[26-11-2024 01:20:29] Reading D:/GitHub/Uni-Class Related/Fall2024-CPI111/scripts/scribble_font_has_character/scribble_font_has_character.yy
[26-11-2024 01:20:29] Par: "folders/Scribble/Fonts" at dir: "D:/GitHub/Uni-Class Related/Fall2024-CPI111/scripts/scribble_font_has_character/scribble_font_has_character.yy"
[26-11-2024 01:20:29] Found Script: scribble_font_has_character
[26-11-2024 01:20:29] Checking scribble_font_has_character.gml
[26-11-2024 01:20:29] Current parent directory: D:/GitHub/Uni-Class Related/Fall2024-CPI111/scripts/scribble_font_rename
[26-11-2024 01:20:29] Checking scribble_font_rename.yy
[26-11-2024 01:20:29] Parsing D:/GitHub/Uni-Class Related/Fall2024-CPI111/scripts/scribble_font_rename/scribble_font_rename.yy
[26-11-2024 01:20:29] Reading D:/GitHub/Uni-Class Related/Fall2024-CPI111/scripts/scribble_font_rename/scribble_font_rename.yy
[26-11-2024 01:20:29] Par: "folders/Scribble/Fonts" at dir: "D:/GitHub/Uni-Class Related/Fall2024-CPI111/scripts/scribble_font_rename/scribble_font_rename.yy"
[26-11-2024 01:20:29] Found Script: scribble_font_rename
[26-11-2024 01:20:29] Checking scribble_font_rename.gml
[26-11-2024 01:20:29] Current parent directory: D:/GitHub/Uni-Class Related/Fall2024-CPI111/scripts/scribble_font_scale
[26-11-2024 01:20:29] Checking scribble_font_scale.yy
[26-11-2024 01:20:29] Parsing D:/GitHub/Uni-Class Related/Fall2024-CPI111/scripts/scribble_font_scale/scribble_font_scale.yy
[26-11-2024 01:20:29] Reading D:/GitHub/Uni-Class Related/Fall2024-CPI111/scripts/scribble_font_scale/scribble_font_scale.yy
[26-11-2024 01:20:29] Par: "folders/Scribble/Fonts" at dir: "D:/GitHub/Uni-Class Related/Fall2024-CPI111/scripts/scribble_font_scale/scribble_font_scale.yy"
[26-11-2024 01:20:29] Found Script: scribble_font_scale
[26-11-2024 01:20:29] Checking scribble_font_scale.gml
[26-11-2024 01:20:29] Current parent directory: D:/GitHub/Uni-Class Related/Fall2024-CPI111/scripts/scribble_font_set_default
[26-11-2024 01:20:29] Checking scribble_font_set_default.yy
[26-11-2024 01:20:29] Parsing D:/GitHub/Uni-Class Related/Fall2024-CPI111/scripts/scribble_font_set_default/scribble_font_set_default.yy
[26-11-2024 01:20:29] Reading D:/GitHub/Uni-Class Related/Fall2024-CPI111/scripts/scribble_font_set_default/scribble_font_set_default.yy
[26-11-2024 01:20:29] Par: "folders/Scribble/Fonts" at dir: "D:/GitHub/Uni-Class Related/Fall2024-CPI111/scripts/scribble_font_set_default/scribble_font_set_default.yy"
[26-11-2024 01:20:29] Found Script: scribble_font_set_default
[26-11-2024 01:20:29] Checking scribble_font_set_default.gml
[26-11-2024 01:20:29] Current parent directory: D:/GitHub/Uni-Class Related/Fall2024-CPI111/scripts/scribble_font_set_halign_offset
[26-11-2024 01:20:29] Checking scribble_font_set_halign_offset.yy
[26-11-2024 01:20:29] Parsing D:/GitHub/Uni-Class Related/Fall2024-CPI111/scripts/scribble_font_set_halign_offset/scribble_font_set_halign_offset.yy
[26-11-2024 01:20:29] Reading D:/GitHub/Uni-Class Related/Fall2024-CPI111/scripts/scribble_font_set_halign_offset/scribble_font_set_halign_offset.yy
[26-11-2024 01:20:29] Par: "folders/Scribble/Fonts" at dir: "D:/GitHub/Uni-Class Related/Fall2024-CPI111/scripts/scribble_font_set_halign_offset/scribble_font_set_halign_offset.yy"
[26-11-2024 01:20:29] Found Script: scribble_font_set_halign_offset
[26-11-2024 01:20:29] Checking scribble_font_set_halign_offset.gml
[26-11-2024 01:20:29] Current parent directory: D:/GitHub/Uni-Class Related/Fall2024-CPI111/scripts/scribble_font_set_style_family
[26-11-2024 01:20:29] Checking scribble_font_set_style_family.yy
[26-11-2024 01:20:29] Parsing D:/GitHub/Uni-Class Related/Fall2024-CPI111/scripts/scribble_font_set_style_family/scribble_font_set_style_family.yy
[26-11-2024 01:20:29] Reading D:/GitHub/Uni-Class Related/Fall2024-CPI111/scripts/scribble_font_set_style_family/scribble_font_set_style_family.yy
[26-11-2024 01:20:29] Par: "folders/Scribble/Fonts" at dir: "D:/GitHub/Uni-Class Related/Fall2024-CPI111/scripts/scribble_font_set_style_family/scribble_font_set_style_family.yy"
[26-11-2024 01:20:29] Found Script: scribble_font_set_style_family
[26-11-2024 01:20:29] Checking scribble_font_set_style_family.gml
[26-11-2024 01:20:29] Current parent directory: D:/GitHub/Uni-Class Related/Fall2024-CPI111/scripts/scribble_font_set_valign_offset
[26-11-2024 01:20:29] Checking scribble_font_set_valign_offset.yy
[26-11-2024 01:20:29] Parsing D:/GitHub/Uni-Class Related/Fall2024-CPI111/scripts/scribble_font_set_valign_offset/scribble_font_set_valign_offset.yy
[26-11-2024 01:20:29] Reading D:/GitHub/Uni-Class Related/Fall2024-CPI111/scripts/scribble_font_set_valign_offset/scribble_font_set_valign_offset.yy
[26-11-2024 01:20:29] Par: "folders/Scribble/Fonts" at dir: "D:/GitHub/Uni-Class Related/Fall2024-CPI111/scripts/scribble_font_set_valign_offset/scribble_font_set_valign_offset.yy"
[26-11-2024 01:20:29] Found Script: scribble_font_set_valign_offset
[26-11-2024 01:20:29] Checking scribble_font_set_valign_offset.gml
[26-11-2024 01:20:29] Current parent directory: D:/GitHub/Uni-Class Related/Fall2024-CPI111/scripts/scribble_glyph_get
[26-11-2024 01:20:29] Checking scribble_glyph_get.yy
[26-11-2024 01:20:29] Parsing D:/GitHub/Uni-Class Related/Fall2024-CPI111/scripts/scribble_glyph_get/scribble_glyph_get.yy
[26-11-2024 01:20:29] Reading D:/GitHub/Uni-Class Related/Fall2024-CPI111/scripts/scribble_glyph_get/scribble_glyph_get.yy
[26-11-2024 01:20:29] Par: "folders/Scribble/Fonts" at dir: "D:/GitHub/Uni-Class Related/Fall2024-CPI111/scripts/scribble_glyph_get/scribble_glyph_get.yy"
[26-11-2024 01:20:29] Found Script: scribble_glyph_get
[26-11-2024 01:20:29] Checking scribble_glyph_get.gml
[26-11-2024 01:20:29] Current parent directory: D:/GitHub/Uni-Class Related/Fall2024-CPI111/scripts/scribble_glyph_set
[26-11-2024 01:20:29] Checking scribble_glyph_set.yy
[26-11-2024 01:20:29] Parsing D:/GitHub/Uni-Class Related/Fall2024-CPI111/scripts/scribble_glyph_set/scribble_glyph_set.yy
[26-11-2024 01:20:29] Reading D:/GitHub/Uni-Class Related/Fall2024-CPI111/scripts/scribble_glyph_set/scribble_glyph_set.yy
[26-11-2024 01:20:29] Par: "folders/Scribble/Fonts" at dir: "D:/GitHub/Uni-Class Related/Fall2024-CPI111/scripts/scribble_glyph_set/scribble_glyph_set.yy"
[26-11-2024 01:20:29] Found Script: scribble_glyph_set
[26-11-2024 01:20:29] Checking scribble_glyph_set.gml
[26-11-2024 01:20:29] Current parent directory: D:/GitHub/Uni-Class Related/Fall2024-CPI111/scripts/scribble_is_text_element
[26-11-2024 01:20:29] Checking scribble_is_text_element.yy
[26-11-2024 01:20:29] Parsing D:/GitHub/Uni-Class Related/Fall2024-CPI111/scripts/scribble_is_text_element/scribble_is_text_element.yy
[26-11-2024 01:20:29] Reading D:/GitHub/Uni-Class Related/Fall2024-CPI111/scripts/scribble_is_text_element/scribble_is_text_element.yy
[26-11-2024 01:20:29] Par: "folders/Scribble/Miscellaneous" at dir: "D:/GitHub/Uni-Class Related/Fall2024-CPI111/scripts/scribble_is_text_element/scribble_is_text_element.yy"
[26-11-2024 01:20:29] Found Script: scribble_is_text_element
[26-11-2024 01:20:29] Checking scribble_is_text_element.gml
[26-11-2024 01:20:29] Current parent directory: D:/GitHub/Uni-Class Related/Fall2024-CPI111/scripts/scribble_kerning_pair_get
[26-11-2024 01:20:29] Checking scribble_kerning_pair_get.yy
[26-11-2024 01:20:29] Parsing D:/GitHub/Uni-Class Related/Fall2024-CPI111/scripts/scribble_kerning_pair_get/scribble_kerning_pair_get.yy
[26-11-2024 01:20:29] Reading D:/GitHub/Uni-Class Related/Fall2024-CPI111/scripts/scribble_kerning_pair_get/scribble_kerning_pair_get.yy
[26-11-2024 01:20:29] Par: "folders/Scribble/Fonts" at dir: "D:/GitHub/Uni-Class Related/Fall2024-CPI111/scripts/scribble_kerning_pair_get/scribble_kerning_pair_get.yy"
[26-11-2024 01:20:29] Found Script: scribble_kerning_pair_get
[26-11-2024 01:20:29] Checking scribble_kerning_pair_get.gml
[26-11-2024 01:20:29] Current parent directory: D:/GitHub/Uni-Class Related/Fall2024-CPI111/scripts/scribble_kerning_pair_set
[26-11-2024 01:20:29] Checking scribble_kerning_pair_set.yy
[26-11-2024 01:20:29] Parsing D:/GitHub/Uni-Class Related/Fall2024-CPI111/scripts/scribble_kerning_pair_set/scribble_kerning_pair_set.yy
[26-11-2024 01:20:29] Reading D:/GitHub/Uni-Class Related/Fall2024-CPI111/scripts/scribble_kerning_pair_set/scribble_kerning_pair_set.yy
[26-11-2024 01:20:29] Par: "folders/Scribble/Fonts" at dir: "D:/GitHub/Uni-Class Related/Fall2024-CPI111/scripts/scribble_kerning_pair_set/scribble_kerning_pair_set.yy"
[26-11-2024 01:20:29] Found Script: scribble_kerning_pair_set
[26-11-2024 01:20:29] Checking scribble_kerning_pair_set.gml
[26-11-2024 01:20:29] Current parent directory: D:/GitHub/Uni-Class Related/Fall2024-CPI111/scripts/scribble_markdown_format
[26-11-2024 01:20:29] Checking scribble_markdown_format.yy
[26-11-2024 01:20:29] Parsing D:/GitHub/Uni-Class Related/Fall2024-CPI111/scripts/scribble_markdown_format/scribble_markdown_format.yy
[26-11-2024 01:20:29] Reading D:/GitHub/Uni-Class Related/Fall2024-CPI111/scripts/scribble_markdown_format/scribble_markdown_format.yy
[26-11-2024 01:20:29] Par: "folders/Scribble/Miscellaneous" at dir: "D:/GitHub/Uni-Class Related/Fall2024-CPI111/scripts/scribble_markdown_format/scribble_markdown_format.yy"
[26-11-2024 01:20:29] Found Script: scribble_markdown_format
[26-11-2024 01:20:29] Checking scribble_markdown_format.gml
[26-11-2024 01:20:29] Current parent directory: D:/GitHub/Uni-Class Related/Fall2024-CPI111/scripts/scribble_markdown_set_styles
[26-11-2024 01:20:29] Checking scribble_markdown_set_styles.yy
[26-11-2024 01:20:29] Parsing D:/GitHub/Uni-Class Related/Fall2024-CPI111/scripts/scribble_markdown_set_styles/scribble_markdown_set_styles.yy
[26-11-2024 01:20:29] Reading D:/GitHub/Uni-Class Related/Fall2024-CPI111/scripts/scribble_markdown_set_styles/scribble_markdown_set_styles.yy
[26-11-2024 01:20:29] Par: "folders/Scribble/Miscellaneous" at dir: "D:/GitHub/Uni-Class Related/Fall2024-CPI111/scripts/scribble_markdown_set_styles/scribble_markdown_set_styles.yy"
[26-11-2024 01:20:29] Found Script: scribble_markdown_set_styles
[26-11-2024 01:20:29] Checking scribble_markdown_set_styles.gml
[26-11-2024 01:20:29] Current parent directory: D:/GitHub/Uni-Class Related/Fall2024-CPI111/scripts/scribble_msdf_thickness_offset
[26-11-2024 01:20:29] Checking scribble_msdf_thickness_offset.yy
[26-11-2024 01:20:29] Parsing D:/GitHub/Uni-Class Related/Fall2024-CPI111/scripts/scribble_msdf_thickness_offset/scribble_msdf_thickness_offset.yy
[26-11-2024 01:20:29] Reading D:/GitHub/Uni-Class Related/Fall2024-CPI111/scripts/scribble_msdf_thickness_offset/scribble_msdf_thickness_offset.yy
[26-11-2024 01:20:29] Par: "folders/Scribble/(System - don't call these functions)/Deprecated" at dir: "D:/GitHub/Uni-Class Related/Fall2024-CPI111/scripts/scribble_msdf_thickness_offset/scribble_msdf_thickness_offset.yy"
[26-11-2024 01:20:29] Found Script: scribble_msdf_thickness_offset
[26-11-2024 01:20:29] Checking scribble_msdf_thickness_offset.gml
[26-11-2024 01:20:29] Current parent directory: D:/GitHub/Uni-Class Related/Fall2024-CPI111/scripts/scribble_refresh_everything
[26-11-2024 01:20:29] Checking scribble_refresh_everything.yy
[26-11-2024 01:20:29] Parsing D:/GitHub/Uni-Class Related/Fall2024-CPI111/scripts/scribble_refresh_everything/scribble_refresh_everything.yy
[26-11-2024 01:20:29] Reading D:/GitHub/Uni-Class Related/Fall2024-CPI111/scripts/scribble_refresh_everything/scribble_refresh_everything.yy
[26-11-2024 01:20:29] Par: "folders/Scribble/Miscellaneous" at dir: "D:/GitHub/Uni-Class Related/Fall2024-CPI111/scripts/scribble_refresh_everything/scribble_refresh_everything.yy"
[26-11-2024 01:20:29] Found Script: scribble_refresh_everything
[26-11-2024 01:20:29] Checking scribble_refresh_everything.gml
[26-11-2024 01:20:29] Current parent directory: D:/GitHub/Uni-Class Related/Fall2024-CPI111/scripts/scribble_rgb_to_bgr
[26-11-2024 01:20:29] Checking scribble_rgb_to_bgr.yy
[26-11-2024 01:20:29] Parsing D:/GitHub/Uni-Class Related/Fall2024-CPI111/scripts/scribble_rgb_to_bgr/scribble_rgb_to_bgr.yy
[26-11-2024 01:20:29] Reading D:/GitHub/Uni-Class Related/Fall2024-CPI111/scripts/scribble_rgb_to_bgr/scribble_rgb_to_bgr.yy
[26-11-2024 01:20:29] Par: "folders/Scribble/Legacy" at dir: "D:/GitHub/Uni-Class Related/Fall2024-CPI111/scripts/scribble_rgb_to_bgr/scribble_rgb_to_bgr.yy"
[26-11-2024 01:20:29] Found Script: scribble_rgb_to_bgr
[26-11-2024 01:20:29] Checking scribble_rgb_to_bgr.gml
[26-11-2024 01:20:29] Current parent directory: D:/GitHub/Uni-Class Related/Fall2024-CPI111/scripts/scribble_super_clear
[26-11-2024 01:20:29] Checking scribble_super_clear.yy
[26-11-2024 01:20:29] Parsing D:/GitHub/Uni-Class Related/Fall2024-CPI111/scripts/scribble_super_clear/scribble_super_clear.yy
[26-11-2024 01:20:29] Reading D:/GitHub/Uni-Class Related/Fall2024-CPI111/scripts/scribble_super_clear/scribble_super_clear.yy
[26-11-2024 01:20:29] Par: "folders/Scribble/Superfonts" at dir: "D:/GitHub/Uni-Class Related/Fall2024-CPI111/scripts/scribble_super_clear/scribble_super_clear.yy"
[26-11-2024 01:20:29] Found Script: scribble_super_clear
[26-11-2024 01:20:29] Checking scribble_super_clear.gml
[26-11-2024 01:20:29] Current parent directory: D:/GitHub/Uni-Class Related/Fall2024-CPI111/scripts/scribble_super_create
[26-11-2024 01:20:29] Checking scribble_super_create.yy
[26-11-2024 01:20:29] Parsing D:/GitHub/Uni-Class Related/Fall2024-CPI111/scripts/scribble_super_create/scribble_super_create.yy
[26-11-2024 01:20:29] Reading D:/GitHub/Uni-Class Related/Fall2024-CPI111/scripts/scribble_super_create/scribble_super_create.yy
[26-11-2024 01:20:29] Par: "folders/Scribble/Superfonts" at dir: "D:/GitHub/Uni-Class Related/Fall2024-CPI111/scripts/scribble_super_create/scribble_super_create.yy"
[26-11-2024 01:20:29] Found Script: scribble_super_create
[26-11-2024 01:20:29] Checking scribble_super_create.gml
[26-11-2024 01:20:29] Current parent directory: D:/GitHub/Uni-Class Related/Fall2024-CPI111/scripts/scribble_super_glyph_copy
[26-11-2024 01:20:29] Checking scribble_super_glyph_copy.yy
[26-11-2024 01:20:29] Parsing D:/GitHub/Uni-Class Related/Fall2024-CPI111/scripts/scribble_super_glyph_copy/scribble_super_glyph_copy.yy
[26-11-2024 01:20:29] Reading D:/GitHub/Uni-Class Related/Fall2024-CPI111/scripts/scribble_super_glyph_copy/scribble_super_glyph_copy.yy
[26-11-2024 01:20:29] Par: "folders/Scribble/Superfonts" at dir: "D:/GitHub/Uni-Class Related/Fall2024-CPI111/scripts/scribble_super_glyph_copy/scribble_super_glyph_copy.yy"
[26-11-2024 01:20:29] Found Script: scribble_super_glyph_copy
[26-11-2024 01:20:29] Checking scribble_super_glyph_copy.gml
[26-11-2024 01:20:29] Current parent directory: D:/GitHub/Uni-Class Related/Fall2024-CPI111/scripts/scribble_super_glyph_copy_all
[26-11-2024 01:20:29] Checking scribble_super_glyph_copy_all.yy
[26-11-2024 01:20:29] Parsing D:/GitHub/Uni-Class Related/Fall2024-CPI111/scripts/scribble_super_glyph_copy_all/scribble_super_glyph_copy_all.yy
[26-11-2024 01:20:29] Reading D:/GitHub/Uni-Class Related/Fall2024-CPI111/scripts/scribble_super_glyph_copy_all/scribble_super_glyph_copy_all.yy
[26-11-2024 01:20:29] Par: "folders/Scribble/Superfonts" at dir: "D:/GitHub/Uni-Class Related/Fall2024-CPI111/scripts/scribble_super_glyph_copy_all/scribble_super_glyph_copy_all.yy"
[26-11-2024 01:20:29] Found Script: scribble_super_glyph_copy_all
[26-11-2024 01:20:29] Checking scribble_super_glyph_copy_all.gml
[26-11-2024 01:20:29] Current parent directory: D:/GitHub/Uni-Class Related/Fall2024-CPI111/scripts/scribble_super_glyph_delete
[26-11-2024 01:20:29] Checking scribble_super_glyph_delete.yy
[26-11-2024 01:20:29] Parsing D:/GitHub/Uni-Class Related/Fall2024-CPI111/scripts/scribble_super_glyph_delete/scribble_super_glyph_delete.yy
[26-11-2024 01:20:29] Reading D:/GitHub/Uni-Class Related/Fall2024-CPI111/scripts/scribble_super_glyph_delete/scribble_super_glyph_delete.yy
[26-11-2024 01:20:29] Par: "folders/Scribble/Superfonts" at dir: "D:/GitHub/Uni-Class Related/Fall2024-CPI111/scripts/scribble_super_glyph_delete/scribble_super_glyph_delete.yy"
[26-11-2024 01:20:29] Found Script: scribble_super_glyph_delete
[26-11-2024 01:20:29] Checking scribble_super_glyph_delete.gml
[26-11-2024 01:20:29] Current parent directory: D:/GitHub/Uni-Class Related/Fall2024-CPI111/scripts/scribble_typist
[26-11-2024 01:20:29] Checking scribble_typist.yy
[26-11-2024 01:20:29] Parsing D:/GitHub/Uni-Class Related/Fall2024-CPI111/scripts/scribble_typist/scribble_typist.yy
[26-11-2024 01:20:29] Reading D:/GitHub/Uni-Class Related/Fall2024-CPI111/scripts/scribble_typist/scribble_typist.yy
[26-11-2024 01:20:29] Par: "folders/Scribble" at dir: "D:/GitHub/Uni-Class Related/Fall2024-CPI111/scripts/scribble_typist/scribble_typist.yy"
[26-11-2024 01:20:29] Found Script: scribble_typist
[26-11-2024 01:20:29] Checking scribble_typist.gml
[26-11-2024 01:20:29] Current parent directory: D:/GitHub/Uni-Class Related/Fall2024-CPI111/scripts/scribble_typists_add_event
[26-11-2024 01:20:29] Checking scribble_typists_add_event.yy
[26-11-2024 01:20:29] Parsing D:/GitHub/Uni-Class Related/Fall2024-CPI111/scripts/scribble_typists_add_event/scribble_typists_add_event.yy
[26-11-2024 01:20:29] Reading D:/GitHub/Uni-Class Related/Fall2024-CPI111/scripts/scribble_typists_add_event/scribble_typists_add_event.yy
[26-11-2024 01:20:29] Par: "folders/Scribble/Miscellaneous" at dir: "D:/GitHub/Uni-Class Related/Fall2024-CPI111/scripts/scribble_typists_add_event/scribble_typists_add_event.yy"
[26-11-2024 01:20:29] Found Script: scribble_typists_add_event
[26-11-2024 01:20:29] Checking scribble_typists_add_event.gml
[26-11-2024 01:20:29] Current parent directory: D:/GitHub/Uni-Class Related/Fall2024-CPI111/scripts/scribble_whitelist_sound
[26-11-2024 01:20:29] Checking scribble_whitelist_sound.yy
[26-11-2024 01:20:29] Parsing D:/GitHub/Uni-Class Related/Fall2024-CPI111/scripts/scribble_whitelist_sound/scribble_whitelist_sound.yy
[26-11-2024 01:20:29] Reading D:/GitHub/Uni-Class Related/Fall2024-CPI111/scripts/scribble_whitelist_sound/scribble_whitelist_sound.yy
[26-11-2024 01:20:29] Par: "folders/Scribble/Miscellaneous" at dir: "D:/GitHub/Uni-Class Related/Fall2024-CPI111/scripts/scribble_whitelist_sound/scribble_whitelist_sound.yy"
[26-11-2024 01:20:29] Found Script: scribble_whitelist_sound
[26-11-2024 01:20:29] Checking scribble_whitelist_sound.gml
[26-11-2024 01:20:29] Current parent directory: D:/GitHub/Uni-Class Related/Fall2024-CPI111/scripts/scribble_whitelist_sprite
[26-11-2024 01:20:29] Checking scribble_whitelist_sprite.yy
[26-11-2024 01:20:29] Parsing D:/GitHub/Uni-Class Related/Fall2024-CPI111/scripts/scribble_whitelist_sprite/scribble_whitelist_sprite.yy
[26-11-2024 01:20:29] Reading D:/GitHub/Uni-Class Related/Fall2024-CPI111/scripts/scribble_whitelist_sprite/scribble_whitelist_sprite.yy
[26-11-2024 01:20:29] Par: "folders/Scribble/Miscellaneous" at dir: "D:/GitHub/Uni-Class Related/Fall2024-CPI111/scripts/scribble_whitelist_sprite/scribble_whitelist_sprite.yy"
[26-11-2024 01:20:29] Found Script: scribble_whitelist_sprite
[26-11-2024 01:20:29] Checking scribble_whitelist_sprite.gml
[26-11-2024 01:20:29] Current parent directory: D:/GitHub/Uni-Class Related/Fall2024-CPI111/scripts/Script124
[26-11-2024 01:20:29] Checking Script124.yy
[26-11-2024 01:20:29] Parsing D:/GitHub/Uni-Class Related/Fall2024-CPI111/scripts/Script124/Script124.yy
[26-11-2024 01:20:29] Reading D:/GitHub/Uni-Class Related/Fall2024-CPI111/scripts/Script124/Script124.yy
[26-11-2024 01:20:29] Par: "folders/Scripts/Utilities" at dir: "D:/GitHub/Uni-Class Related/Fall2024-CPI111/scripts/Script124/Script124.yy"
[26-11-2024 01:20:29] Found Script: Script124
[26-11-2024 01:20:29] Checking Script124.gml
[26-11-2024 01:20:29] Current parent directory: D:/GitHub/Uni-Class Related/Fall2024-CPI111/scripts/set_only_text_script
[26-11-2024 01:20:29] Checking set_only_text_script.yy
[26-11-2024 01:20:29] Parsing D:/GitHub/Uni-Class Related/Fall2024-CPI111/scripts/set_only_text_script/set_only_text_script.yy
[26-11-2024 01:20:29] Reading D:/GitHub/Uni-Class Related/Fall2024-CPI111/scripts/set_only_text_script/set_only_text_script.yy
[26-11-2024 01:20:29] Par: "folders/Scripts/Dialogue" at dir: "D:/GitHub/Uni-Class Related/Fall2024-CPI111/scripts/set_only_text_script/set_only_text_script.yy"
[26-11-2024 01:20:29] Found Script: set_only_text_script
[26-11-2024 01:20:29] Checking set_only_text_script.gml
[26-11-2024 01:20:29] Current parent directory: D:/GitHub/Uni-Class Related/Fall2024-CPI111/scripts/shake_dialog_box_script
[26-11-2024 01:20:29] Checking shake_dialog_box_script.yy
[26-11-2024 01:20:29] Parsing D:/GitHub/Uni-Class Related/Fall2024-CPI111/scripts/shake_dialog_box_script/shake_dialog_box_script.yy
[26-11-2024 01:20:29] Reading D:/GitHub/Uni-Class Related/Fall2024-CPI111/scripts/shake_dialog_box_script/shake_dialog_box_script.yy
[26-11-2024 01:20:29] Par: "folders/Scripts/Dialogue" at dir: "D:/GitHub/Uni-Class Related/Fall2024-CPI111/scripts/shake_dialog_box_script/shake_dialog_box_script.yy"
[26-11-2024 01:20:29] Found Script: shake_dialog_box_script
[26-11-2024 01:20:29] Checking shake_dialog_box_script.gml
[26-11-2024 01:20:29] Current parent directory: D:/GitHub/Uni-Class Related/Fall2024-CPI111/scripts/skip_to_next_page_script
[26-11-2024 01:20:29] Checking skip_to_next_page_script.yy
[26-11-2024 01:20:29] Parsing D:/GitHub/Uni-Class Related/Fall2024-CPI111/scripts/skip_to_next_page_script/skip_to_next_page_script.yy
[26-11-2024 01:20:29] Reading D:/GitHub/Uni-Class Related/Fall2024-CPI111/scripts/skip_to_next_page_script/skip_to_next_page_script.yy
[26-11-2024 01:20:29] Par: "folders/Scripts/Dialogue" at dir: "D:/GitHub/Uni-Class Related/Fall2024-CPI111/scripts/skip_to_next_page_script/skip_to_next_page_script.yy"
[26-11-2024 01:20:29] Found Script: skip_to_next_page_script
[26-11-2024 01:20:29] Checking skip_to_next_page_script.gml
[26-11-2024 01:20:29] Current parent directory: D:/GitHub/Uni-Class Related/Fall2024-CPI111/scripts/string_height_scribble
[26-11-2024 01:20:29] Checking string_height_scribble.yy
[26-11-2024 01:20:29] Parsing D:/GitHub/Uni-Class Related/Fall2024-CPI111/scripts/string_height_scribble/string_height_scribble.yy
[26-11-2024 01:20:29] Reading D:/GitHub/Uni-Class Related/Fall2024-CPI111/scripts/string_height_scribble/string_height_scribble.yy
[26-11-2024 01:20:29] Par: "folders/Scribble/Quick Functions" at dir: "D:/GitHub/Uni-Class Related/Fall2024-CPI111/scripts/string_height_scribble/string_height_scribble.yy"
[26-11-2024 01:20:29] Found Script: string_height_scribble
[26-11-2024 01:20:29] Checking string_height_scribble.gml
[26-11-2024 01:20:29] Current parent directory: D:/GitHub/Uni-Class Related/Fall2024-CPI111/scripts/string_height_scribble_ext
[26-11-2024 01:20:29] Checking string_height_scribble_ext.yy
[26-11-2024 01:20:29] Parsing D:/GitHub/Uni-Class Related/Fall2024-CPI111/scripts/string_height_scribble_ext/string_height_scribble_ext.yy
[26-11-2024 01:20:29] Reading D:/GitHub/Uni-Class Related/Fall2024-CPI111/scripts/string_height_scribble_ext/string_height_scribble_ext.yy
[26-11-2024 01:20:29] Par: "folders/Scribble/Quick Functions" at dir: "D:/GitHub/Uni-Class Related/Fall2024-CPI111/scripts/string_height_scribble_ext/string_height_scribble_ext.yy"
[26-11-2024 01:20:29] Found Script: string_height_scribble_ext
[26-11-2024 01:20:29] Checking string_height_scribble_ext.gml
[26-11-2024 01:20:29] Current parent directory: D:/GitHub/Uni-Class Related/Fall2024-CPI111/scripts/string_length_scribble
[26-11-2024 01:20:29] Checking string_length_scribble.yy
[26-11-2024 01:20:29] Parsing D:/GitHub/Uni-Class Related/Fall2024-CPI111/scripts/string_length_scribble/string_length_scribble.yy
[26-11-2024 01:20:29] Reading D:/GitHub/Uni-Class Related/Fall2024-CPI111/scripts/string_length_scribble/string_length_scribble.yy
[26-11-2024 01:20:29] Par: "folders/Scribble/Quick Functions" at dir: "D:/GitHub/Uni-Class Related/Fall2024-CPI111/scripts/string_length_scribble/string_length_scribble.yy"
[26-11-2024 01:20:29] Found Script: string_length_scribble
[26-11-2024 01:20:29] Checking string_length_scribble.gml
[26-11-2024 01:20:29] Current parent directory: D:/GitHub/Uni-Class Related/Fall2024-CPI111/scripts/string_width_scribble
[26-11-2024 01:20:29] Checking string_width_scribble.yy
[26-11-2024 01:20:29] Parsing D:/GitHub/Uni-Class Related/Fall2024-CPI111/scripts/string_width_scribble/string_width_scribble.yy
[26-11-2024 01:20:29] Reading D:/GitHub/Uni-Class Related/Fall2024-CPI111/scripts/string_width_scribble/string_width_scribble.yy
[26-11-2024 01:20:29] Par: "folders/Scribble/Quick Functions" at dir: "D:/GitHub/Uni-Class Related/Fall2024-CPI111/scripts/string_width_scribble/string_width_scribble.yy"
[26-11-2024 01:20:29] Found Script: string_width_scribble
[26-11-2024 01:20:29] Checking string_width_scribble.gml
[26-11-2024 01:20:29] Current parent directory: D:/GitHub/Uni-Class Related/Fall2024-CPI111/scripts/string_width_scribble_ext
[26-11-2024 01:20:29] Checking string_width_scribble_ext.yy
[26-11-2024 01:20:29] Parsing D:/GitHub/Uni-Class Related/Fall2024-CPI111/scripts/string_width_scribble_ext/string_width_scribble_ext.yy
[26-11-2024 01:20:29] Reading D:/GitHub/Uni-Class Related/Fall2024-CPI111/scripts/string_width_scribble_ext/string_width_scribble_ext.yy
[26-11-2024 01:20:29] Par: "folders/Scribble/Quick Functions" at dir: "D:/GitHub/Uni-Class Related/Fall2024-CPI111/scripts/string_width_scribble_ext/string_width_scribble_ext.yy"
[26-11-2024 01:20:29] Found Script: string_width_scribble_ext
[26-11-2024 01:20:29] Checking string_width_scribble_ext.gml
[26-11-2024 01:20:29] Current parent directory: D:/GitHub/Uni-Class Related/Fall2024-CPI111/scripts/TGMX_0_MainTweens
[26-11-2024 01:20:29] Checking TGMX_0_MainTweens.yy
[26-11-2024 01:20:29] Parsing D:/GitHub/Uni-Class Related/Fall2024-CPI111/scripts/TGMX_0_MainTweens/TGMX_0_MainTweens.yy
[26-11-2024 01:20:29] Reading D:/GitHub/Uni-Class Related/Fall2024-CPI111/scripts/TGMX_0_MainTweens/TGMX_0_MainTweens.yy
[26-11-2024 01:20:29] Par: "folders/TweenGMX/User" at dir: "D:/GitHub/Uni-Class Related/Fall2024-CPI111/scripts/TGMX_0_MainTweens/TGMX_0_MainTweens.yy"
[26-11-2024 01:20:29] Found Script: TGMX_0_MainTweens
[26-11-2024 01:20:29] Checking TGMX_0_MainTweens.gml
[26-11-2024 01:20:29] Current parent directory: D:/GitHub/Uni-Class Related/Fall2024-CPI111/scripts/TGMX_1_EasyTweens
[26-11-2024 01:20:29] Checking TGMX_1_EasyTweens.yy
[26-11-2024 01:20:29] Parsing D:/GitHub/Uni-Class Related/Fall2024-CPI111/scripts/TGMX_1_EasyTweens/TGMX_1_EasyTweens.yy
[26-11-2024 01:20:29] Reading D:/GitHub/Uni-Class Related/Fall2024-CPI111/scripts/TGMX_1_EasyTweens/TGMX_1_EasyTweens.yy
[26-11-2024 01:20:29] Par: "folders/TweenGMX/User" at dir: "D:/GitHub/Uni-Class Related/Fall2024-CPI111/scripts/TGMX_1_EasyTweens/TGMX_1_EasyTweens.yy"
[26-11-2024 01:20:29] Found Script: TGMX_1_EasyTweens
[26-11-2024 01:20:29] Checking TGMX_1_EasyTweens.gml
[26-11-2024 01:20:29] Current parent directory: D:/GitHub/Uni-Class Related/Fall2024-CPI111/scripts/TGMX_2_EaseFunctions
[26-11-2024 01:20:29] Checking TGMX_2_EaseFunctions.yy
[26-11-2024 01:20:29] Parsing D:/GitHub/Uni-Class Related/Fall2024-CPI111/scripts/TGMX_2_EaseFunctions/TGMX_2_EaseFunctions.yy
[26-11-2024 01:20:29] Reading D:/GitHub/Uni-Class Related/Fall2024-CPI111/scripts/TGMX_2_EaseFunctions/TGMX_2_EaseFunctions.yy
[26-11-2024 01:20:29] Par: "folders/TweenGMX/User" at dir: "D:/GitHub/Uni-Class Related/Fall2024-CPI111/scripts/TGMX_2_EaseFunctions/TGMX_2_EaseFunctions.yy"
[26-11-2024 01:20:29] Found Script: TGMX_2_EaseFunctions
[26-11-2024 01:20:29] Checking TGMX_2_EaseFunctions.gml
[26-11-2024 01:20:29] Current parent directory: D:/GitHub/Uni-Class Related/Fall2024-CPI111/scripts/TGMX_3_EventCallbacks
[26-11-2024 01:20:29] Checking TGMX_3_EventCallbacks.yy
[26-11-2024 01:20:29] Parsing D:/GitHub/Uni-Class Related/Fall2024-CPI111/scripts/TGMX_3_EventCallbacks/TGMX_3_EventCallbacks.yy
[26-11-2024 01:20:29] Reading D:/GitHub/Uni-Class Related/Fall2024-CPI111/scripts/TGMX_3_EventCallbacks/TGMX_3_EventCallbacks.yy
[26-11-2024 01:20:29] Par: "folders/TweenGMX/User" at dir: "D:/GitHub/Uni-Class Related/Fall2024-CPI111/scripts/TGMX_3_EventCallbacks/TGMX_3_EventCallbacks.yy"
[26-11-2024 01:20:29] Found Script: TGMX_3_EventCallbacks
[26-11-2024 01:20:29] Checking TGMX_3_EventCallbacks.gml
[26-11-2024 01:20:29] Current parent directory: D:/GitHub/Uni-Class Related/Fall2024-CPI111/scripts/TGMX_4_TweenState
[26-11-2024 01:20:29] Checking TGMX_4_TweenState.yy
[26-11-2024 01:20:29] Parsing D:/GitHub/Uni-Class Related/Fall2024-CPI111/scripts/TGMX_4_TweenState/TGMX_4_TweenState.yy
[26-11-2024 01:20:29] Reading D:/GitHub/Uni-Class Related/Fall2024-CPI111/scripts/TGMX_4_TweenState/TGMX_4_TweenState.yy
[26-11-2024 01:20:29] Par: "folders/TweenGMX/User" at dir: "D:/GitHub/Uni-Class Related/Fall2024-CPI111/scripts/TGMX_4_TweenState/TGMX_4_TweenState.yy"
[26-11-2024 01:20:29] Found Script: TGMX_4_TweenState
[26-11-2024 01:20:29] Checking TGMX_4_TweenState.gml
[26-11-2024 01:20:29] Current parent directory: D:/GitHub/Uni-Class Related/Fall2024-CPI111/scripts/TGMX_5_TweenGetSet
[26-11-2024 01:20:29] Checking TGMX_5_TweenGetSet.yy
[26-11-2024 01:20:29] Parsing D:/GitHub/Uni-Class Related/Fall2024-CPI111/scripts/TGMX_5_TweenGetSet/TGMX_5_TweenGetSet.yy
[26-11-2024 01:20:29] Reading D:/GitHub/Uni-Class Related/Fall2024-CPI111/scripts/TGMX_5_TweenGetSet/TGMX_5_TweenGetSet.yy
[26-11-2024 01:20:29] Par: "folders/TweenGMX/User" at dir: "D:/GitHub/Uni-Class Related/Fall2024-CPI111/scripts/TGMX_5_TweenGetSet/TGMX_5_TweenGetSet.yy"
[26-11-2024 01:20:29] Found Script: TGMX_5_TweenGetSet
[26-11-2024 01:20:29] Checking TGMX_5_TweenGetSet.gml
[26-11-2024 01:20:29] Current parent directory: D:/GitHub/Uni-Class Related/Fall2024-CPI111/scripts/TGMX_6_TweenTools
[26-11-2024 01:20:29] Checking TGMX_6_TweenTools.yy
[26-11-2024 01:20:29] Parsing D:/GitHub/Uni-Class Related/Fall2024-CPI111/scripts/TGMX_6_TweenTools/TGMX_6_TweenTools.yy
[26-11-2024 01:20:29] Reading D:/GitHub/Uni-Class Related/Fall2024-CPI111/scripts/TGMX_6_TweenTools/TGMX_6_TweenTools.yy
[26-11-2024 01:20:29] Par: "folders/TweenGMX/User" at dir: "D:/GitHub/Uni-Class Related/Fall2024-CPI111/scripts/TGMX_6_TweenTools/TGMX_6_TweenTools.yy"
[26-11-2024 01:20:29] Found Script: TGMX_6_TweenTools
[26-11-2024 01:20:29] Checking TGMX_6_TweenTools.gml
[26-11-2024 01:20:29] Current parent directory: D:/GitHub/Uni-Class Related/Fall2024-CPI111/scripts/TGMX_7_Properties
[26-11-2024 01:20:29] Checking TGMX_7_Properties.yy
[26-11-2024 01:20:29] Parsing D:/GitHub/Uni-Class Related/Fall2024-CPI111/scripts/TGMX_7_Properties/TGMX_7_Properties.yy
[26-11-2024 01:20:29] Reading D:/GitHub/Uni-Class Related/Fall2024-CPI111/scripts/TGMX_7_Properties/TGMX_7_Properties.yy
[26-11-2024 01:20:29] Par: "folders/TweenGMX/User" at dir: "D:/GitHub/Uni-Class Related/Fall2024-CPI111/scripts/TGMX_7_Properties/TGMX_7_Properties.yy"
[26-11-2024 01:20:29] Found Script: TGMX_7_Properties
[26-11-2024 01:20:29] Checking TGMX_7_Properties.gml
[26-11-2024 01:20:29] Current parent directory: D:/GitHub/Uni-Class Related/Fall2024-CPI111/scripts/TGMX_8_SystemUtilities
[26-11-2024 01:20:29] Checking TGMX_8_SystemUtilities.yy
[26-11-2024 01:20:29] Parsing D:/GitHub/Uni-Class Related/Fall2024-CPI111/scripts/TGMX_8_SystemUtilities/TGMX_8_SystemUtilities.yy
[26-11-2024 01:20:29] Reading D:/GitHub/Uni-Class Related/Fall2024-CPI111/scripts/TGMX_8_SystemUtilities/TGMX_8_SystemUtilities.yy
[26-11-2024 01:20:29] Par: "folders/TweenGMX/User" at dir: "D:/GitHub/Uni-Class Related/Fall2024-CPI111/scripts/TGMX_8_SystemUtilities/TGMX_8_SystemUtilities.yy"
[26-11-2024 01:20:29] Found Script: TGMX_8_SystemUtilities
[26-11-2024 01:20:29] Checking TGMX_8_SystemUtilities.gml
[26-11-2024 01:20:29] Current parent directory: D:/GitHub/Uni-Class Related/Fall2024-CPI111/scripts/TGMX_9_Settings
[26-11-2024 01:20:29] Checking TGMX_9_Settings.yy
[26-11-2024 01:20:29] Parsing D:/GitHub/Uni-Class Related/Fall2024-CPI111/scripts/TGMX_9_Settings/TGMX_9_Settings.yy
[26-11-2024 01:20:29] Reading D:/GitHub/Uni-Class Related/Fall2024-CPI111/scripts/TGMX_9_Settings/TGMX_9_Settings.yy
[26-11-2024 01:20:29] Par: "folders/TweenGMX/User" at dir: "D:/GitHub/Uni-Class Related/Fall2024-CPI111/scripts/TGMX_9_Settings/TGMX_9_Settings.yy"
[26-11-2024 01:20:29] Found Script: TGMX_9_Settings
[26-11-2024 01:20:29] Checking TGMX_9_Settings.gml
[26-11-2024 01:20:29] Current parent directory: D:/GitHub/Uni-Class Related/Fall2024-CPI111/scripts/TGMX_Experimental
[26-11-2024 01:20:29] Checking TGMX_Experimental.yy
[26-11-2024 01:20:29] Parsing D:/GitHub/Uni-Class Related/Fall2024-CPI111/scripts/TGMX_Experimental/TGMX_Experimental.yy
[26-11-2024 01:20:29] Reading D:/GitHub/Uni-Class Related/Fall2024-CPI111/scripts/TGMX_Experimental/TGMX_Experimental.yy
[26-11-2024 01:20:29] Par: "folders/TweenGMX/User" at dir: "D:/GitHub/Uni-Class Related/Fall2024-CPI111/scripts/TGMX_Experimental/TGMX_Experimental.yy"
[26-11-2024 01:20:29] Found Script: TGMX_Experimental
[26-11-2024 01:20:29] Checking TGMX_Experimental.gml
[26-11-2024 01:20:29] Current parent directory: D:/GitHub/Uni-Class Related/Fall2024-CPI111/scripts/TGMX_System
[26-11-2024 01:20:29] Checking TGMX_System.yy
[26-11-2024 01:20:29] Parsing D:/GitHub/Uni-Class Related/Fall2024-CPI111/scripts/TGMX_System/TGMX_System.yy
[26-11-2024 01:20:29] Reading D:/GitHub/Uni-Class Related/Fall2024-CPI111/scripts/TGMX_System/TGMX_System.yy
[26-11-2024 01:20:29] Par: "folders/TweenGMX/Admin" at dir: "D:/GitHub/Uni-Class Related/Fall2024-CPI111/scripts/TGMX_System/TGMX_System.yy"
[26-11-2024 01:20:29] Found Script: TGMX_System
[26-11-2024 01:20:29] Checking TGMX_System.gml
[26-11-2024 01:20:29] Current parent directory: D:/GitHub/Uni-Class Related/Fall2024-CPI111/scripts/unity_equivalents
[26-11-2024 01:20:29] Checking unity_equivalents.yy
[26-11-2024 01:20:29] Parsing D:/GitHub/Uni-Class Related/Fall2024-CPI111/scripts/unity_equivalents/unity_equivalents.yy
[26-11-2024 01:20:29] Reading D:/GitHub/Uni-Class Related/Fall2024-CPI111/scripts/unity_equivalents/unity_equivalents.yy
[26-11-2024 01:20:29] Par: "folders/Scripts/Utilities/Other" at dir: "D:/GitHub/Uni-Class Related/Fall2024-CPI111/scripts/unity_equivalents/unity_equivalents.yy"
[26-11-2024 01:20:29] Found Script: unity_equivalents
[26-11-2024 01:20:29] Checking unity_equivalents.gml
[26-11-2024 01:20:29] Current parent directory: D:/GitHub/Uni-Class Related/Fall2024-CPI111/scripts/unlock_skip_script
[26-11-2024 01:20:29] Checking unlock_skip_script.yy
[26-11-2024 01:20:29] Parsing D:/GitHub/Uni-Class Related/Fall2024-CPI111/scripts/unlock_skip_script/unlock_skip_script.yy
[26-11-2024 01:20:29] Reading D:/GitHub/Uni-Class Related/Fall2024-CPI111/scripts/unlock_skip_script/unlock_skip_script.yy
[26-11-2024 01:20:29] Par: "folders/Scripts/Dialogue" at dir: "D:/GitHub/Uni-Class Related/Fall2024-CPI111/scripts/unlock_skip_script/unlock_skip_script.yy"
[26-11-2024 01:20:29] Found Script: unlock_skip_script
[26-11-2024 01:20:29] Checking unlock_skip_script.gml
[26-11-2024 01:20:29] Current parent directory: D:/GitHub/Uni-Class Related/Fall2024-CPI111/scripts/__scribble_class_element
[26-11-2024 01:20:29] Checking __scribble_class_element.yy
[26-11-2024 01:20:29] Parsing D:/GitHub/Uni-Class Related/Fall2024-CPI111/scripts/__scribble_class_element/__scribble_class_element.yy
[26-11-2024 01:20:29] Reading D:/GitHub/Uni-Class Related/Fall2024-CPI111/scripts/__scribble_class_element/__scribble_class_element.yy
[26-11-2024 01:20:29] Par: "folders/Scribble/(System - don't call these functions)/Classes" at dir: "D:/GitHub/Uni-Class Related/Fall2024-CPI111/scripts/__scribble_class_element/__scribble_class_element.yy"
[26-11-2024 01:20:29] Found Script: __scribble_class_element
[26-11-2024 01:20:29] Checking __scribble_class_element.gml
[26-11-2024 01:20:29] Current parent directory: D:/GitHub/Uni-Class Related/Fall2024-CPI111/scripts/__scribble_class_event
[26-11-2024 01:20:29] Checking __scribble_class_event.yy
[26-11-2024 01:20:29] Parsing D:/GitHub/Uni-Class Related/Fall2024-CPI111/scripts/__scribble_class_event/__scribble_class_event.yy
[26-11-2024 01:20:29] Reading D:/GitHub/Uni-Class Related/Fall2024-CPI111/scripts/__scribble_class_event/__scribble_class_event.yy
[26-11-2024 01:20:29] Par: "folders/Scribble/(System - don't call these functions)/Classes" at dir: "D:/GitHub/Uni-Class Related/Fall2024-CPI111/scripts/__scribble_class_event/__scribble_class_event.yy"
[26-11-2024 01:20:29] Found Script: __scribble_class_event
[26-11-2024 01:20:29] Checking __scribble_class_event.gml
[26-11-2024 01:20:29] Current parent directory: D:/GitHub/Uni-Class Related/Fall2024-CPI111/scripts/__scribble_class_font
[26-11-2024 01:20:29] Checking __scribble_class_font.yy
[26-11-2024 01:20:29] Parsing D:/GitHub/Uni-Class Related/Fall2024-CPI111/scripts/__scribble_class_font/__scribble_class_font.yy
[26-11-2024 01:20:29] Reading D:/GitHub/Uni-Class Related/Fall2024-CPI111/scripts/__scribble_class_font/__scribble_class_font.yy
[26-11-2024 01:20:29] Par: "folders/Scribble/(System - don't call these functions)/Classes" at dir: "D:/GitHub/Uni-Class Related/Fall2024-CPI111/scripts/__scribble_class_font/__scribble_class_font.yy"
[26-11-2024 01:20:29] Found Script: __scribble_class_font
[26-11-2024 01:20:29] Checking __scribble_class_font.gml
[26-11-2024 01:20:29] Current parent directory: D:/GitHub/Uni-Class Related/Fall2024-CPI111/scripts/__scribble_class_generator_state
[26-11-2024 01:20:29] Checking __scribble_class_generator_state.yy
[26-11-2024 01:20:29] Parsing D:/GitHub/Uni-Class Related/Fall2024-CPI111/scripts/__scribble_class_generator_state/__scribble_class_generator_state.yy
[26-11-2024 01:20:29] Reading D:/GitHub/Uni-Class Related/Fall2024-CPI111/scripts/__scribble_class_generator_state/__scribble_class_generator_state.yy
[26-11-2024 01:20:29] Par: "folders/Scribble/(System - don't call these functions)/Initialization" at dir: "D:/GitHub/Uni-Class Related/Fall2024-CPI111/scripts/__scribble_class_generator_state/__scribble_class_generator_state.yy"
[26-11-2024 01:20:29] Found Script: __scribble_class_generator_state
[26-11-2024 01:20:29] Checking __scribble_class_generator_state.gml
[26-11-2024 01:20:29] Current parent directory: D:/GitHub/Uni-Class Related/Fall2024-CPI111/scripts/__scribble_class_model
[26-11-2024 01:20:29] Checking __scribble_class_model.yy
[26-11-2024 01:20:29] Parsing D:/GitHub/Uni-Class Related/Fall2024-CPI111/scripts/__scribble_class_model/__scribble_class_model.yy
[26-11-2024 01:20:29] Reading D:/GitHub/Uni-Class Related/Fall2024-CPI111/scripts/__scribble_class_model/__scribble_class_model.yy
[26-11-2024 01:20:29] Par: "folders/Scribble/(System - don't call these functions)/Classes" at dir: "D:/GitHub/Uni-Class Related/Fall2024-CPI111/scripts/__scribble_class_model/__scribble_class_model.yy"
[26-11-2024 01:20:29] Found Script: __scribble_class_model
[26-11-2024 01:20:29] Checking __scribble_class_model.gml
[26-11-2024 01:20:29] Current parent directory: D:/GitHub/Uni-Class Related/Fall2024-CPI111/scripts/__scribble_class_null_element
[26-11-2024 01:20:29] Checking __scribble_class_null_element.yy
[26-11-2024 01:20:29] Parsing D:/GitHub/Uni-Class Related/Fall2024-CPI111/scripts/__scribble_class_null_element/__scribble_class_null_element.yy
[26-11-2024 01:20:29] Reading D:/GitHub/Uni-Class Related/Fall2024-CPI111/scripts/__scribble_class_null_element/__scribble_class_null_element.yy
[26-11-2024 01:20:29] Par: "folders/Scribble/(System - don't call these functions)/Classes" at dir: "D:/GitHub/Uni-Class Related/Fall2024-CPI111/scripts/__scribble_class_null_element/__scribble_class_null_element.yy"
[26-11-2024 01:20:29] Found Script: __scribble_class_null_element
[26-11-2024 01:20:29] Checking __scribble_class_null_element.gml
[26-11-2024 01:20:29] Current parent directory: D:/GitHub/Uni-Class Related/Fall2024-CPI111/scripts/__scribble_class_page
[26-11-2024 01:20:29] Checking __scribble_class_page.yy
[26-11-2024 01:20:29] Parsing D:/GitHub/Uni-Class Related/Fall2024-CPI111/scripts/__scribble_class_page/__scribble_class_page.yy
[26-11-2024 01:20:29] Reading D:/GitHub/Uni-Class Related/Fall2024-CPI111/scripts/__scribble_class_page/__scribble_class_page.yy
[26-11-2024 01:20:29] Par: "folders/Scribble/(System - don't call these functions)/Classes" at dir: "D:/GitHub/Uni-Class Related/Fall2024-CPI111/scripts/__scribble_class_page/__scribble_class_page.yy"
[26-11-2024 01:20:29] Found Script: __scribble_class_page
[26-11-2024 01:20:29] Checking __scribble_class_page.gml
[26-11-2024 01:20:29] Current parent directory: D:/GitHub/Uni-Class Related/Fall2024-CPI111/scripts/__scribble_class_typist
[26-11-2024 01:20:29] Checking __scribble_class_typist.yy
[26-11-2024 01:20:29] Parsing D:/GitHub/Uni-Class Related/Fall2024-CPI111/scripts/__scribble_class_typist/__scribble_class_typist.yy
[26-11-2024 01:20:29] Reading D:/GitHub/Uni-Class Related/Fall2024-CPI111/scripts/__scribble_class_typist/__scribble_class_typist.yy
[26-11-2024 01:20:29] Par: "folders/Scribble/(System - don't call these functions)/Classes" at dir: "D:/GitHub/Uni-Class Related/Fall2024-CPI111/scripts/__scribble_class_typist/__scribble_class_typist.yy"
[26-11-2024 01:20:29] Found Script: __scribble_class_typist
[26-11-2024 01:20:29] Checking __scribble_class_typist.gml
[26-11-2024 01:20:29] Current parent directory: D:/GitHub/Uni-Class Related/Fall2024-CPI111/scripts/__scribble_config_behaviours
[26-11-2024 01:20:29] Checking __scribble_config_behaviours.yy
[26-11-2024 01:20:29] Parsing D:/GitHub/Uni-Class Related/Fall2024-CPI111/scripts/__scribble_config_behaviours/__scribble_config_behaviours.yy
[26-11-2024 01:20:29] Reading D:/GitHub/Uni-Class Related/Fall2024-CPI111/scripts/__scribble_config_behaviours/__scribble_config_behaviours.yy
[26-11-2024 01:20:29] Par: "folders/Scribble/Configuration - Please edit these!" at dir: "D:/GitHub/Uni-Class Related/Fall2024-CPI111/scripts/__scribble_config_behaviours/__scribble_config_behaviours.yy"
[26-11-2024 01:20:29] Found Script: __scribble_config_behaviours
[26-11-2024 01:20:29] Checking __scribble_config_behaviours.gml
[26-11-2024 01:20:29] Current parent directory: D:/GitHub/Uni-Class Related/Fall2024-CPI111/scripts/__scribble_config_colours
[26-11-2024 01:20:29] Checking __scribble_config_colours.yy
[26-11-2024 01:20:29] Parsing D:/GitHub/Uni-Class Related/Fall2024-CPI111/scripts/__scribble_config_colours/__scribble_config_colours.yy
[26-11-2024 01:20:29] Reading D:/GitHub/Uni-Class Related/Fall2024-CPI111/scripts/__scribble_config_colours/__scribble_config_colours.yy
[26-11-2024 01:20:29] Par: "folders/Scribble/Configuration - Please edit these!" at dir: "D:/GitHub/Uni-Class Related/Fall2024-CPI111/scripts/__scribble_config_colours/__scribble_config_colours.yy"
[26-11-2024 01:20:29] Found Script: __scribble_config_colours
[26-11-2024 01:20:29] Checking __scribble_config_colours.gml
[26-11-2024 01:20:29] Current parent directory: D:/GitHub/Uni-Class Related/Fall2024-CPI111/scripts/__scribble_config_defaults
[26-11-2024 01:20:29] Checking __scribble_config_defaults.yy
[26-11-2024 01:20:29] Parsing D:/GitHub/Uni-Class Related/Fall2024-CPI111/scripts/__scribble_config_defaults/__scribble_config_defaults.yy
[26-11-2024 01:20:29] Reading D:/GitHub/Uni-Class Related/Fall2024-CPI111/scripts/__scribble_config_defaults/__scribble_config_defaults.yy
[26-11-2024 01:20:29] Par: "folders/Scribble/Configuration - Please edit these!" at dir: "D:/GitHub/Uni-Class Related/Fall2024-CPI111/scripts/__scribble_config_defaults/__scribble_config_defaults.yy"
[26-11-2024 01:20:29] Found Script: __scribble_config_defaults
[26-11-2024 01:20:29] Checking __scribble_config_defaults.gml
[26-11-2024 01:20:29] Current parent directory: D:/GitHub/Uni-Class Related/Fall2024-CPI111/scripts/__scribble_constants
[26-11-2024 01:20:29] Checking __scribble_constants.yy
[26-11-2024 01:20:29] Parsing D:/GitHub/Uni-Class Related/Fall2024-CPI111/scripts/__scribble_constants/__scribble_constants.yy
[26-11-2024 01:20:29] Reading D:/GitHub/Uni-Class Related/Fall2024-CPI111/scripts/__scribble_constants/__scribble_constants.yy
[26-11-2024 01:20:29] Par: "folders/Scribble" at dir: "D:/GitHub/Uni-Class Related/Fall2024-CPI111/scripts/__scribble_constants/__scribble_constants.yy"
[26-11-2024 01:20:29] Found Script: __scribble_constants
[26-11-2024 01:20:29] Checking __scribble_constants.gml
[26-11-2024 01:20:29] Current parent directory: D:/GitHub/Uni-Class Related/Fall2024-CPI111/scripts/__scribble_font_add_all_from_project
[26-11-2024 01:20:29] Checking __scribble_font_add_all_from_project.yy
[26-11-2024 01:20:29] Parsing D:/GitHub/Uni-Class Related/Fall2024-CPI111/scripts/__scribble_font_add_all_from_project/__scribble_font_add_all_from_project.yy
[26-11-2024 01:20:29] Reading D:/GitHub/Uni-Class Related/Fall2024-CPI111/scripts/__scribble_font_add_all_from_project/__scribble_font_add_all_from_project.yy
[26-11-2024 01:20:29] Par: "folders/Scribble/(System - don't call these functions)" at dir: "D:/GitHub/Uni-Class Related/Fall2024-CPI111/scripts/__scribble_font_add_all_from_project/__scribble_font_add_all_from_project.yy"
[26-11-2024 01:20:29] Found Script: __scribble_font_add_all_from_project
[26-11-2024 01:20:29] Checking __scribble_font_add_all_from_project.gml
[26-11-2024 01:20:29] Current parent directory: D:/GitHub/Uni-Class Related/Fall2024-CPI111/scripts/__scribble_font_add_from_project
[26-11-2024 01:20:29] Checking __scribble_font_add_from_project.yy
[26-11-2024 01:20:29] Parsing D:/GitHub/Uni-Class Related/Fall2024-CPI111/scripts/__scribble_font_add_from_project/__scribble_font_add_from_project.yy
[26-11-2024 01:20:29] Reading D:/GitHub/Uni-Class Related/Fall2024-CPI111/scripts/__scribble_font_add_from_project/__scribble_font_add_from_project.yy
[26-11-2024 01:20:29] Par: "folders/Scribble/(System - don't call these functions)" at dir: "D:/GitHub/Uni-Class Related/Fall2024-CPI111/scripts/__scribble_font_add_from_project/__scribble_font_add_from_project.yy"
[26-11-2024 01:20:29] Found Script: __scribble_font_add_from_project
[26-11-2024 01:20:29] Checking __scribble_font_add_from_project.gml
[26-11-2024 01:20:29] Current parent directory: D:/GitHub/Uni-Class Related/Fall2024-CPI111/scripts/__scribble_font_add_sprite
[26-11-2024 01:20:29] Checking __scribble_font_add_sprite.yy
[26-11-2024 01:20:29] Parsing D:/GitHub/Uni-Class Related/Fall2024-CPI111/scripts/__scribble_font_add_sprite/__scribble_font_add_sprite.yy
[26-11-2024 01:20:29] Reading D:/GitHub/Uni-Class Related/Fall2024-CPI111/scripts/__scribble_font_add_sprite/__scribble_font_add_sprite.yy
[26-11-2024 01:20:29] Par: "folders/Scribble/(System - don't call these functions)" at dir: "D:/GitHub/Uni-Class Related/Fall2024-CPI111/scripts/__scribble_font_add_sprite/__scribble_font_add_sprite.yy"
[26-11-2024 01:20:29] Found Script: __scribble_font_add_sprite
[26-11-2024 01:20:29] Checking __scribble_font_add_sprite.gml
[26-11-2024 01:20:29] Current parent directory: D:/GitHub/Uni-Class Related/Fall2024-CPI111/scripts/__scribble_gen_10_set_padding_flags
[26-11-2024 01:20:29] Checking __scribble_gen_10_set_padding_flags.yy
[26-11-2024 01:20:29] Parsing D:/GitHub/Uni-Class Related/Fall2024-CPI111/scripts/__scribble_gen_10_set_padding_flags/__scribble_gen_10_set_padding_flags.yy
[26-11-2024 01:20:29] Reading D:/GitHub/Uni-Class Related/Fall2024-CPI111/scripts/__scribble_gen_10_set_padding_flags/__scribble_gen_10_set_padding_flags.yy
[26-11-2024 01:20:29] Par: "folders/Scribble/(System - don't call these functions)/Generator" at dir: "D:/GitHub/Uni-Class Related/Fall2024-CPI111/scripts/__scribble_gen_10_set_padding_flags/__scribble_gen_10_set_padding_flags.yy"
[26-11-2024 01:20:29] Found Script: __scribble_gen_10_set_padding_flags
[26-11-2024 01:20:29] Checking __scribble_gen_10_set_padding_flags.gml
[26-11-2024 01:20:29] Current parent directory: D:/GitHub/Uni-Class Related/Fall2024-CPI111/scripts/__scribble_gen_1_model_limits_and_bezier_curves
[26-11-2024 01:20:29] Checking __scribble_gen_1_model_limits_and_bezier_curves.yy
[26-11-2024 01:20:29] Parsing D:/GitHub/Uni-Class Related/Fall2024-CPI111/scripts/__scribble_gen_1_model_limits_and_bezier_curves/__scribble_gen_1_model_limits_and_bezier_curves.yy
[26-11-2024 01:20:29] Reading D:/GitHub/Uni-Class Related/Fall2024-CPI111/scripts/__scribble_gen_1_model_limits_and_bezier_curves/__scribble_gen_1_model_limits_and_bezier_curves.yy
[26-11-2024 01:20:29] Par: "folders/Scribble/(System - don't call these functions)/Generator" at dir: "D:/GitHub/Uni-Class Related/Fall2024-CPI111/scripts/__scribble_gen_1_model_limits_and_bezier_curves/__scribble_gen_1_model_limits_and_bezier_curves.yy"
[26-11-2024 01:20:29] Found Script: __scribble_gen_1_model_limits_and_bezier_curves
[26-11-2024 01:20:29] Checking __scribble_gen_1_model_limits_and_bezier_curves.gml
[26-11-2024 01:20:29] Current parent directory: D:/GitHub/Uni-Class Related/Fall2024-CPI111/scripts/__scribble_gen_2_parser
[26-11-2024 01:20:29] Checking __scribble_gen_2_parser.yy
[26-11-2024 01:20:29] Parsing D:/GitHub/Uni-Class Related/Fall2024-CPI111/scripts/__scribble_gen_2_parser/__scribble_gen_2_parser.yy
[26-11-2024 01:20:29] Reading D:/GitHub/Uni-Class Related/Fall2024-CPI111/scripts/__scribble_gen_2_parser/__scribble_gen_2_parser.yy
[26-11-2024 01:20:29] Par: "folders/Scribble/(System - don't call these functions)/Generator" at dir: "D:/GitHub/Uni-Class Related/Fall2024-CPI111/scripts/__scribble_gen_2_parser/__scribble_gen_2_parser.yy"
[26-11-2024 01:20:29] Found Script: __scribble_gen_2_parser
[26-11-2024 01:20:29] Checking __scribble_gen_2_parser.gml
[26-11-2024 01:20:29] Current parent directory: D:/GitHub/Uni-Class Related/Fall2024-CPI111/scripts/__scribble_gen_3_devanagari
[26-11-2024 01:20:29] Checking __scribble_gen_3_devanagari.yy
[26-11-2024 01:20:29] Parsing D:/GitHub/Uni-Class Related/Fall2024-CPI111/scripts/__scribble_gen_3_devanagari/__scribble_gen_3_devanagari.yy
[26-11-2024 01:20:29] Reading D:/GitHub/Uni-Class Related/Fall2024-CPI111/scripts/__scribble_gen_3_devanagari/__scribble_gen_3_devanagari.yy
[26-11-2024 01:20:29] Par: "folders/Scribble/(System - don't call these functions)/Generator" at dir: "D:/GitHub/Uni-Class Related/Fall2024-CPI111/scripts/__scribble_gen_3_devanagari/__scribble_gen_3_devanagari.yy"
[26-11-2024 01:20:29] Found Script: __scribble_gen_3_devanagari
[26-11-2024 01:20:29] Checking __scribble_gen_3_devanagari.gml
[26-11-2024 01:20:29] Current parent directory: D:/GitHub/Uni-Class Related/Fall2024-CPI111/scripts/__scribble_gen_4_build_words
[26-11-2024 01:20:29] Checking __scribble_gen_4_build_words.yy
[26-11-2024 01:20:29] Parsing D:/GitHub/Uni-Class Related/Fall2024-CPI111/scripts/__scribble_gen_4_build_words/__scribble_gen_4_build_words.yy
[26-11-2024 01:20:29] Reading D:/GitHub/Uni-Class Related/Fall2024-CPI111/scripts/__scribble_gen_4_build_words/__scribble_gen_4_build_words.yy
[26-11-2024 01:20:29] Par: "folders/Scribble/(System - don't call these functions)/Generator" at dir: "D:/GitHub/Uni-Class Related/Fall2024-CPI111/scripts/__scribble_gen_4_build_words/__scribble_gen_4_build_words.yy"
[26-11-2024 01:20:29] Found Script: __scribble_gen_4_build_words
[26-11-2024 01:20:29] Checking __scribble_gen_4_build_words.gml
[26-11-2024 01:20:29] Current parent directory: D:/GitHub/Uni-Class Related/Fall2024-CPI111/scripts/__scribble_gen_5_finalize_bidi
[26-11-2024 01:20:29] Checking __scribble_gen_5_finalize_bidi.yy
[26-11-2024 01:20:29] Parsing D:/GitHub/Uni-Class Related/Fall2024-CPI111/scripts/__scribble_gen_5_finalize_bidi/__scribble_gen_5_finalize_bidi.yy
[26-11-2024 01:20:29] Reading D:/GitHub/Uni-Class Related/Fall2024-CPI111/scripts/__scribble_gen_5_finalize_bidi/__scribble_gen_5_finalize_bidi.yy
[26-11-2024 01:20:29] Par: "folders/Scribble/(System - don't call these functions)/Generator" at dir: "D:/GitHub/Uni-Class Related/Fall2024-CPI111/scripts/__scribble_gen_5_finalize_bidi/__scribble_gen_5_finalize_bidi.yy"
[26-11-2024 01:20:29] Found Script: __scribble_gen_5_finalize_bidi
[26-11-2024 01:20:29] Checking __scribble_gen_5_finalize_bidi.gml
[26-11-2024 01:20:29] Current parent directory: D:/GitHub/Uni-Class Related/Fall2024-CPI111/scripts/__scribble_gen_6_build_lines
[26-11-2024 01:20:29] Checking __scribble_gen_6_build_lines.yy
[26-11-2024 01:20:29] Parsing D:/GitHub/Uni-Class Related/Fall2024-CPI111/scripts/__scribble_gen_6_build_lines/__scribble_gen_6_build_lines.yy
[26-11-2024 01:20:29] Reading D:/GitHub/Uni-Class Related/Fall2024-CPI111/scripts/__scribble_gen_6_build_lines/__scribble_gen_6_build_lines.yy
[26-11-2024 01:20:29] Par: "folders/Scribble/(System - don't call these functions)/Generator" at dir: "D:/GitHub/Uni-Class Related/Fall2024-CPI111/scripts/__scribble_gen_6_build_lines/__scribble_gen_6_build_lines.yy"
[26-11-2024 01:20:29] Found Script: __scribble_gen_6_build_lines
[26-11-2024 01:20:29] Checking __scribble_gen_6_build_lines.gml
[26-11-2024 01:20:29] Current parent directory: D:/GitHub/Uni-Class Related/Fall2024-CPI111/scripts/__scribble_gen_7_build_pages
[26-11-2024 01:20:29] Checking __scribble_gen_7_build_pages.yy
[26-11-2024 01:20:29] Parsing D:/GitHub/Uni-Class Related/Fall2024-CPI111/scripts/__scribble_gen_7_build_pages/__scribble_gen_7_build_pages.yy
[26-11-2024 01:20:29] Reading D:/GitHub/Uni-Class Related/Fall2024-CPI111/scripts/__scribble_gen_7_build_pages/__scribble_gen_7_build_pages.yy
[26-11-2024 01:20:29] Par: "folders/Scribble/(System - don't call these functions)/Generator" at dir: "D:/GitHub/Uni-Class Related/Fall2024-CPI111/scripts/__scribble_gen_7_build_pages/__scribble_gen_7_build_pages.yy"
[26-11-2024 01:20:29] Found Script: __scribble_gen_7_build_pages
[26-11-2024 01:20:29] Checking __scribble_gen_7_build_pages.gml
[26-11-2024 01:20:29] Current parent directory: D:/GitHub/Uni-Class Related/Fall2024-CPI111/scripts/__scribble_gen_8_position_glyphs
[26-11-2024 01:20:29] Checking __scribble_gen_8_position_glyphs.yy
[26-11-2024 01:20:29] Parsing D:/GitHub/Uni-Class Related/Fall2024-CPI111/scripts/__scribble_gen_8_position_glyphs/__scribble_gen_8_position_glyphs.yy
[26-11-2024 01:20:29] Reading D:/GitHub/Uni-Class Related/Fall2024-CPI111/scripts/__scribble_gen_8_position_glyphs/__scribble_gen_8_position_glyphs.yy
[26-11-2024 01:20:29] Par: "folders/Scribble/(System - don't call these functions)/Generator" at dir: "D:/GitHub/Uni-Class Related/Fall2024-CPI111/scripts/__scribble_gen_8_position_glyphs/__scribble_gen_8_position_glyphs.yy"
[26-11-2024 01:20:29] Found Script: __scribble_gen_8_position_glyphs
[26-11-2024 01:20:29] Checking __scribble_gen_8_position_glyphs.gml
[26-11-2024 01:20:29] Current parent directory: D:/GitHub/Uni-Class Related/Fall2024-CPI111/scripts/__scribble_gen_9_write_vbuffs
[26-11-2024 01:20:29] Checking __scribble_gen_9_write_vbuffs.yy
[26-11-2024 01:20:29] Parsing D:/GitHub/Uni-Class Related/Fall2024-CPI111/scripts/__scribble_gen_9_write_vbuffs/__scribble_gen_9_write_vbuffs.yy
[26-11-2024 01:20:29] Reading D:/GitHub/Uni-Class Related/Fall2024-CPI111/scripts/__scribble_gen_9_write_vbuffs/__scribble_gen_9_write_vbuffs.yy
[26-11-2024 01:20:29] Par: "folders/Scribble/(System - don't call these functions)/Generator" at dir: "D:/GitHub/Uni-Class Related/Fall2024-CPI111/scripts/__scribble_gen_9_write_vbuffs/__scribble_gen_9_write_vbuffs.yy"
[26-11-2024 01:20:29] Found Script: __scribble_gen_9_write_vbuffs
[26-11-2024 01:20:29] Checking __scribble_gen_9_write_vbuffs.gml
[26-11-2024 01:20:29] Current parent directory: D:/GitHub/Uni-Class Related/Fall2024-CPI111/scripts/__scribble_glyph_data_initialize
[26-11-2024 01:20:29] Checking __scribble_glyph_data_initialize.yy
[26-11-2024 01:20:29] Parsing D:/GitHub/Uni-Class Related/Fall2024-CPI111/scripts/__scribble_glyph_data_initialize/__scribble_glyph_data_initialize.yy
[26-11-2024 01:20:29] Reading D:/GitHub/Uni-Class Related/Fall2024-CPI111/scripts/__scribble_glyph_data_initialize/__scribble_glyph_data_initialize.yy
[26-11-2024 01:20:29] Par: "folders/Scribble/(System - don't call these functions)/Initialization" at dir: "D:/GitHub/Uni-Class Related/Fall2024-CPI111/scripts/__scribble_glyph_data_initialize/__scribble_glyph_data_initialize.yy"
[26-11-2024 01:20:29] Found Script: __scribble_glyph_data_initialize
[26-11-2024 01:20:29] Checking __scribble_glyph_data_initialize.gml
[26-11-2024 01:20:29] Current parent directory: D:/GitHub/Uni-Class Related/Fall2024-CPI111/scripts/__scribble_krutidev_lookup_map_initialize
[26-11-2024 01:20:29] Checking __scribble_krutidev_lookup_map_initialize.yy
[26-11-2024 01:20:29] Parsing D:/GitHub/Uni-Class Related/Fall2024-CPI111/scripts/__scribble_krutidev_lookup_map_initialize/__scribble_krutidev_lookup_map_initialize.yy
[26-11-2024 01:20:29] Reading D:/GitHub/Uni-Class Related/Fall2024-CPI111/scripts/__scribble_krutidev_lookup_map_initialize/__scribble_krutidev_lookup_map_initialize.yy
[26-11-2024 01:20:29] Par: "folders/Scribble/(System - don't call these functions)/Initialization" at dir: "D:/GitHub/Uni-Class Related/Fall2024-CPI111/scripts/__scribble_krutidev_lookup_map_initialize/__scribble_krutidev_lookup_map_initialize.yy"
[26-11-2024 01:20:29] Found Script: __scribble_krutidev_lookup_map_initialize
[26-11-2024 01:20:29] Checking __scribble_krutidev_lookup_map_initialize.gml
[26-11-2024 01:20:29] Current parent directory: D:/GitHub/Uni-Class Related/Fall2024-CPI111/scripts/__scribble_krutidev_matra_lookup_map_initialize
[26-11-2024 01:20:29] Checking __scribble_krutidev_matra_lookup_map_initialize.yy
[26-11-2024 01:20:29] Parsing D:/GitHub/Uni-Class Related/Fall2024-CPI111/scripts/__scribble_krutidev_matra_lookup_map_initialize/__scribble_krutidev_matra_lookup_map_initialize.yy
[26-11-2024 01:20:29] Reading D:/GitHub/Uni-Class Related/Fall2024-CPI111/scripts/__scribble_krutidev_matra_lookup_map_initialize/__scribble_krutidev_matra_lookup_map_initialize.yy
[26-11-2024 01:20:29] Par: "folders/Scribble/(System - don't call these functions)/Initialization" at dir: "D:/GitHub/Uni-Class Related/Fall2024-CPI111/scripts/__scribble_krutidev_matra_lookup_map_initialize/__scribble_krutidev_matra_lookup_map_initialize.yy"
[26-11-2024 01:20:29] Found Script: __scribble_krutidev_matra_lookup_map_initialize
[26-11-2024 01:20:29] Checking __scribble_krutidev_matra_lookup_map_initialize.gml
[26-11-2024 01:20:29] Current parent directory: D:/GitHub/Uni-Class Related/Fall2024-CPI111/scripts/__scribble_misc_functions
[26-11-2024 01:20:29] Checking __scribble_misc_functions.yy
[26-11-2024 01:20:29] Parsing D:/GitHub/Uni-Class Related/Fall2024-CPI111/scripts/__scribble_misc_functions/__scribble_misc_functions.yy
[26-11-2024 01:20:29] Reading D:/GitHub/Uni-Class Related/Fall2024-CPI111/scripts/__scribble_misc_functions/__scribble_misc_functions.yy
[26-11-2024 01:20:29] Par: "folders/Scribble/(System - don't call these functions)" at dir: "D:/GitHub/Uni-Class Related/Fall2024-CPI111/scripts/__scribble_misc_functions/__scribble_misc_functions.yy"
[26-11-2024 01:20:29] Found Script: __scribble_misc_functions
[26-11-2024 01:20:29] Checking __scribble_misc_functions.gml
[26-11-2024 01:20:29] Current parent directory: D:/GitHub/Uni-Class Related/Fall2024-CPI111/scripts/__scribble_play_sound
[26-11-2024 01:20:29] Checking __scribble_play_sound.yy
[26-11-2024 01:20:29] Parsing D:/GitHub/Uni-Class Related/Fall2024-CPI111/scripts/__scribble_play_sound/__scribble_play_sound.yy
[26-11-2024 01:20:29] Reading D:/GitHub/Uni-Class Related/Fall2024-CPI111/scripts/__scribble_play_sound/__scribble_play_sound.yy
[26-11-2024 01:20:29] Par: "folders/Scribble/(System - don't call these functions)" at dir: "D:/GitHub/Uni-Class Related/Fall2024-CPI111/scripts/__scribble_play_sound/__scribble_play_sound.yy"
[26-11-2024 01:20:29] Found Script: __scribble_play_sound
[26-11-2024 01:20:29] Checking __scribble_play_sound.gml
[26-11-2024 01:20:29] Current parent directory: D:/GitHub/Uni-Class Related/Fall2024-CPI111/scripts/__scribble_system
[26-11-2024 01:20:29] Checking __scribble_system.yy
[26-11-2024 01:20:29] Parsing D:/GitHub/Uni-Class Related/Fall2024-CPI111/scripts/__scribble_system/__scribble_system.yy
[26-11-2024 01:20:29] Reading D:/GitHub/Uni-Class Related/Fall2024-CPI111/scripts/__scribble_system/__scribble_system.yy
[26-11-2024 01:20:29] Par: "folders/Scribble/(System - don't call these functions)" at dir: "D:/GitHub/Uni-Class Related/Fall2024-CPI111/scripts/__scribble_system/__scribble_system.yy"
[26-11-2024 01:20:29] Found Script: __scribble_system
[26-11-2024 01:20:29] Checking __scribble_system.gml
[26-11-2024 01:20:29] Current parent directory: D:/GitHub/Uni-Class Related/Fall2024-CPI111/scripts/__scribble_tick
[26-11-2024 01:20:29] Checking __scribble_tick.yy
[26-11-2024 01:20:29] Parsing D:/GitHub/Uni-Class Related/Fall2024-CPI111/scripts/__scribble_tick/__scribble_tick.yy
[26-11-2024 01:20:29] Reading D:/GitHub/Uni-Class Related/Fall2024-CPI111/scripts/__scribble_tick/__scribble_tick.yy
[26-11-2024 01:20:29] Par: "folders/Scribble/(System - don't call these functions)" at dir: "D:/GitHub/Uni-Class Related/Fall2024-CPI111/scripts/__scribble_tick/__scribble_tick.yy"
[26-11-2024 01:20:29] Found Script: __scribble_tick
[26-11-2024 01:20:29] Checking __scribble_tick.gml
[26-11-2024 01:20:29] Current parent directory: D:/GitHub/Uni-Class Related/Fall2024-CPI111/sequences
[26-11-2024 01:20:29] Current parent directory: D:/GitHub/Uni-Class Related/Fall2024-CPI111/shaders
[26-11-2024 01:20:29] Checking __shd_scribble_bake_shadow
[26-11-2024 01:20:29] Directory: D:/GitHub/Uni-Class Related/Fall2024-CPI111/shaders/__shd_scribble_bake_shadow
[26-11-2024 01:20:29] Checking __shd_scribble_bake_outline_8dir_2px
[26-11-2024 01:20:29] Directory: D:/GitHub/Uni-Class Related/Fall2024-CPI111/shaders/__shd_scribble_bake_outline_8dir_2px
[26-11-2024 01:20:29] Checking __shd_scribble_bake_outline_8dir
[26-11-2024 01:20:29] Directory: D:/GitHub/Uni-Class Related/Fall2024-CPI111/shaders/__shd_scribble_bake_outline_8dir
[26-11-2024 01:20:29] Checking __shd_scribble_bake_outline_4dir
[26-11-2024 01:20:29] Directory: D:/GitHub/Uni-Class Related/Fall2024-CPI111/shaders/__shd_scribble_bake_outline_4dir
[26-11-2024 01:20:29] Checking __shd_scribble_bake_effect_no_outline
[26-11-2024 01:20:29] Directory: D:/GitHub/Uni-Class Related/Fall2024-CPI111/shaders/__shd_scribble_bake_effect_no_outline
[26-11-2024 01:20:29] Checking __shd_scribble_bake_effect_8dir_2px
[26-11-2024 01:20:29] Directory: D:/GitHub/Uni-Class Related/Fall2024-CPI111/shaders/__shd_scribble_bake_effect_8dir_2px
[26-11-2024 01:20:29] Checking __shd_scribble_bake_effect_8dir
[26-11-2024 01:20:29] Directory: D:/GitHub/Uni-Class Related/Fall2024-CPI111/shaders/__shd_scribble_bake_effect_8dir
[26-11-2024 01:20:29] Checking __shd_scribble_bake_effect_4dir
[26-11-2024 01:20:29] Directory: D:/GitHub/Uni-Class Related/Fall2024-CPI111/shaders/__shd_scribble_bake_effect_4dir
[26-11-2024 01:20:29] Checking __shd_scribble
[26-11-2024 01:20:29] Directory: D:/GitHub/Uni-Class Related/Fall2024-CPI111/shaders/__shd_scribble
[26-11-2024 01:20:29] Current parent directory: D:/GitHub/Uni-Class Related/Fall2024-CPI111/shaders/__shd_scribble
[26-11-2024 01:20:29] Checking __shd_scribble.yy
[26-11-2024 01:20:29] Parsing D:/GitHub/Uni-Class Related/Fall2024-CPI111/shaders/__shd_scribble/__shd_scribble.yy
[26-11-2024 01:20:29] Reading D:/GitHub/Uni-Class Related/Fall2024-CPI111/shaders/__shd_scribble/__shd_scribble.yy
[26-11-2024 01:20:29] Par: "folders/Scribble/(System - don't call these functions)/Shaders" at dir: "D:/GitHub/Uni-Class Related/Fall2024-CPI111/shaders/__shd_scribble/__shd_scribble.yy"
[26-11-2024 01:20:29] Found Shader: __shd_scribble
[26-11-2024 01:20:29] Checking __shd_scribble.vsh
[26-11-2024 01:20:29] Checking __shd_scribble.fsh
[26-11-2024 01:20:29] Current parent directory: D:/GitHub/Uni-Class Related/Fall2024-CPI111/shaders/__shd_scribble_bake_effect_4dir
[26-11-2024 01:20:29] Checking __shd_scribble_bake_effect_4dir.yy
[26-11-2024 01:20:29] Parsing D:/GitHub/Uni-Class Related/Fall2024-CPI111/shaders/__shd_scribble_bake_effect_4dir/__shd_scribble_bake_effect_4dir.yy
[26-11-2024 01:20:29] Reading D:/GitHub/Uni-Class Related/Fall2024-CPI111/shaders/__shd_scribble_bake_effect_4dir/__shd_scribble_bake_effect_4dir.yy
[26-11-2024 01:20:29] Par: "folders/Scribble/(System - don't call these functions)/Shaders" at dir: "D:/GitHub/Uni-Class Related/Fall2024-CPI111/shaders/__shd_scribble_bake_effect_4dir/__shd_scribble_bake_effect_4dir.yy"
[26-11-2024 01:20:29] Found Shader: __shd_scribble_bake_effect_4dir
[26-11-2024 01:20:29] Checking __shd_scribble_bake_effect_4dir.vsh
[26-11-2024 01:20:29] Checking __shd_scribble_bake_effect_4dir.fsh
[26-11-2024 01:20:29] Current parent directory: D:/GitHub/Uni-Class Related/Fall2024-CPI111/shaders/__shd_scribble_bake_effect_8dir
[26-11-2024 01:20:29] Checking __shd_scribble_bake_effect_8dir.yy
[26-11-2024 01:20:29] Parsing D:/GitHub/Uni-Class Related/Fall2024-CPI111/shaders/__shd_scribble_bake_effect_8dir/__shd_scribble_bake_effect_8dir.yy
[26-11-2024 01:20:29] Reading D:/GitHub/Uni-Class Related/Fall2024-CPI111/shaders/__shd_scribble_bake_effect_8dir/__shd_scribble_bake_effect_8dir.yy
[26-11-2024 01:20:29] Par: "folders/Scribble/(System - don't call these functions)/Shaders" at dir: "D:/GitHub/Uni-Class Related/Fall2024-CPI111/shaders/__shd_scribble_bake_effect_8dir/__shd_scribble_bake_effect_8dir.yy"
[26-11-2024 01:20:29] Found Shader: __shd_scribble_bake_effect_8dir
[26-11-2024 01:20:29] Checking __shd_scribble_bake_effect_8dir.vsh
[26-11-2024 01:20:29] Checking __shd_scribble_bake_effect_8dir.fsh
[26-11-2024 01:20:29] Current parent directory: D:/GitHub/Uni-Class Related/Fall2024-CPI111/shaders/__shd_scribble_bake_effect_8dir_2px
[26-11-2024 01:20:29] Checking __shd_scribble_bake_effect_8dir_2px.yy
[26-11-2024 01:20:29] Parsing D:/GitHub/Uni-Class Related/Fall2024-CPI111/shaders/__shd_scribble_bake_effect_8dir_2px/__shd_scribble_bake_effect_8dir_2px.yy
[26-11-2024 01:20:29] Reading D:/GitHub/Uni-Class Related/Fall2024-CPI111/shaders/__shd_scribble_bake_effect_8dir_2px/__shd_scribble_bake_effect_8dir_2px.yy
[26-11-2024 01:20:29] Par: "folders/Scribble/(System - don't call these functions)/Shaders" at dir: "D:/GitHub/Uni-Class Related/Fall2024-CPI111/shaders/__shd_scribble_bake_effect_8dir_2px/__shd_scribble_bake_effect_8dir_2px.yy"
[26-11-2024 01:20:29] Found Shader: __shd_scribble_bake_effect_8dir_2px
[26-11-2024 01:20:29] Checking __shd_scribble_bake_effect_8dir_2px.vsh
[26-11-2024 01:20:29] Checking __shd_scribble_bake_effect_8dir_2px.fsh
[26-11-2024 01:20:29] Current parent directory: D:/GitHub/Uni-Class Related/Fall2024-CPI111/shaders/__shd_scribble_bake_effect_no_outline
[26-11-2024 01:20:29] Checking __shd_scribble_bake_effect_no_outline.yy
[26-11-2024 01:20:29] Parsing D:/GitHub/Uni-Class Related/Fall2024-CPI111/shaders/__shd_scribble_bake_effect_no_outline/__shd_scribble_bake_effect_no_outline.yy
[26-11-2024 01:20:29] Reading D:/GitHub/Uni-Class Related/Fall2024-CPI111/shaders/__shd_scribble_bake_effect_no_outline/__shd_scribble_bake_effect_no_outline.yy
[26-11-2024 01:20:29] Par: "folders/Scribble/(System - don't call these functions)/Shaders" at dir: "D:/GitHub/Uni-Class Related/Fall2024-CPI111/shaders/__shd_scribble_bake_effect_no_outline/__shd_scribble_bake_effect_no_outline.yy"
[26-11-2024 01:20:29] Found Shader: __shd_scribble_bake_effect_no_outline
[26-11-2024 01:20:29] Checking __shd_scribble_bake_effect_no_outline.vsh
[26-11-2024 01:20:29] Checking __shd_scribble_bake_effect_no_outline.fsh
[26-11-2024 01:20:29] Current parent directory: D:/GitHub/Uni-Class Related/Fall2024-CPI111/shaders/__shd_scribble_bake_outline_4dir
[26-11-2024 01:20:29] Checking __shd_scribble_bake_outline_4dir.yy
[26-11-2024 01:20:29] Parsing D:/GitHub/Uni-Class Related/Fall2024-CPI111/shaders/__shd_scribble_bake_outline_4dir/__shd_scribble_bake_outline_4dir.yy
[26-11-2024 01:20:29] Reading D:/GitHub/Uni-Class Related/Fall2024-CPI111/shaders/__shd_scribble_bake_outline_4dir/__shd_scribble_bake_outline_4dir.yy
[26-11-2024 01:20:29] Par: "folders/Scribble/(System - don't call these functions)/Deprecated/Outline" at dir: "D:/GitHub/Uni-Class Related/Fall2024-CPI111/shaders/__shd_scribble_bake_outline_4dir/__shd_scribble_bake_outline_4dir.yy"
[26-11-2024 01:20:29] Found Shader: __shd_scribble_bake_outline_4dir
[26-11-2024 01:20:29] Checking __shd_scribble_bake_outline_4dir.vsh
[26-11-2024 01:20:29] Checking __shd_scribble_bake_outline_4dir.fsh
[26-11-2024 01:20:29] Current parent directory: D:/GitHub/Uni-Class Related/Fall2024-CPI111/shaders/__shd_scribble_bake_outline_8dir
[26-11-2024 01:20:29] Checking __shd_scribble_bake_outline_8dir.yy
[26-11-2024 01:20:29] Parsing D:/GitHub/Uni-Class Related/Fall2024-CPI111/shaders/__shd_scribble_bake_outline_8dir/__shd_scribble_bake_outline_8dir.yy
[26-11-2024 01:20:29] Reading D:/GitHub/Uni-Class Related/Fall2024-CPI111/shaders/__shd_scribble_bake_outline_8dir/__shd_scribble_bake_outline_8dir.yy
[26-11-2024 01:20:29] Par: "folders/Scribble/(System - don't call these functions)/Deprecated/Outline" at dir: "D:/GitHub/Uni-Class Related/Fall2024-CPI111/shaders/__shd_scribble_bake_outline_8dir/__shd_scribble_bake_outline_8dir.yy"
[26-11-2024 01:20:29] Found Shader: __shd_scribble_bake_outline_8dir
[26-11-2024 01:20:29] Checking __shd_scribble_bake_outline_8dir.vsh
[26-11-2024 01:20:29] Checking __shd_scribble_bake_outline_8dir.fsh
[26-11-2024 01:20:29] Current parent directory: D:/GitHub/Uni-Class Related/Fall2024-CPI111/shaders/__shd_scribble_bake_outline_8dir_2px
[26-11-2024 01:20:29] Checking __shd_scribble_bake_outline_8dir_2px.yy
[26-11-2024 01:20:29] Parsing D:/GitHub/Uni-Class Related/Fall2024-CPI111/shaders/__shd_scribble_bake_outline_8dir_2px/__shd_scribble_bake_outline_8dir_2px.yy
[26-11-2024 01:20:29] Reading D:/GitHub/Uni-Class Related/Fall2024-CPI111/shaders/__shd_scribble_bake_outline_8dir_2px/__shd_scribble_bake_outline_8dir_2px.yy
[26-11-2024 01:20:29] Par: "folders/Scribble/(System - don't call these functions)/Deprecated/Outline" at dir: "D:/GitHub/Uni-Class Related/Fall2024-CPI111/shaders/__shd_scribble_bake_outline_8dir_2px/__shd_scribble_bake_outline_8dir_2px.yy"
[26-11-2024 01:20:29] Found Shader: __shd_scribble_bake_outline_8dir_2px
[26-11-2024 01:20:29] Checking __shd_scribble_bake_outline_8dir_2px.vsh
[26-11-2024 01:20:29] Checking __shd_scribble_bake_outline_8dir_2px.fsh
[26-11-2024 01:20:29] Current parent directory: D:/GitHub/Uni-Class Related/Fall2024-CPI111/shaders/__shd_scribble_bake_shadow
[26-11-2024 01:20:29] Checking __shd_scribble_bake_shadow.yy
[26-11-2024 01:20:29] Parsing D:/GitHub/Uni-Class Related/Fall2024-CPI111/shaders/__shd_scribble_bake_shadow/__shd_scribble_bake_shadow.yy
[26-11-2024 01:20:29] Reading D:/GitHub/Uni-Class Related/Fall2024-CPI111/shaders/__shd_scribble_bake_shadow/__shd_scribble_bake_shadow.yy
[26-11-2024 01:20:29] Par: "folders/Scribble/(System - don't call these functions)/Deprecated/Outline" at dir: "D:/GitHub/Uni-Class Related/Fall2024-CPI111/shaders/__shd_scribble_bake_shadow/__shd_scribble_bake_shadow.yy"
[26-11-2024 01:20:29] Found Shader: __shd_scribble_bake_shadow
[26-11-2024 01:20:29] Checking __shd_scribble_bake_shadow.vsh
[26-11-2024 01:20:29] Checking __shd_scribble_bake_shadow.fsh
[26-11-2024 01:20:29] Current parent directory: D:/GitHub/Uni-Class Related/Fall2024-CPI111/sounds
[26-11-2024 01:20:29] Checking snd_player_dialogue
[26-11-2024 01:20:29] Directory: D:/GitHub/Uni-Class Related/Fall2024-CPI111/sounds/snd_player_dialogue
[26-11-2024 01:20:29] Checking snd_mus_mongrel_dance
[26-11-2024 01:20:29] Directory: D:/GitHub/Uni-Class Related/Fall2024-CPI111/sounds/snd_mus_mongrel_dance
[26-11-2024 01:20:29] Checking snd_mus_minstrel_guild
[26-11-2024 01:20:29] Directory: D:/GitHub/Uni-Class Related/Fall2024-CPI111/sounds/snd_mus_minstrel_guild
[26-11-2024 01:20:29] Checking snd_menu_music
[26-11-2024 01:20:29] Directory: D:/GitHub/Uni-Class Related/Fall2024-CPI111/sounds/snd_menu_music
[26-11-2024 01:20:29] Checking snd_king_dialogue
[26-11-2024 01:20:29] Directory: D:/GitHub/Uni-Class Related/Fall2024-CPI111/sounds/snd_king_dialogue
[26-11-2024 01:20:29] Checking snd_general_dialogue
[26-11-2024 01:20:29] Directory: D:/GitHub/Uni-Class Related/Fall2024-CPI111/sounds/snd_general_dialogue
[26-11-2024 01:20:29] Checking snd_dialogue_next_page
[26-11-2024 01:20:29] Directory: D:/GitHub/Uni-Class Related/Fall2024-CPI111/sounds/snd_dialogue_next_page
[26-11-2024 01:20:29] Checking snd_crowd_audio
[26-11-2024 01:20:29] Directory: D:/GitHub/Uni-Class Related/Fall2024-CPI111/sounds/snd_crowd_audio
[26-11-2024 01:20:29] Checking snd_coin_found_test
[26-11-2024 01:20:29] Directory: D:/GitHub/Uni-Class Related/Fall2024-CPI111/sounds/snd_coin_found_test
[26-11-2024 01:20:29] Checking snd_coin_falling_test
[26-11-2024 01:20:29] Directory: D:/GitHub/Uni-Class Related/Fall2024-CPI111/sounds/snd_coin_falling_test
[26-11-2024 01:20:29] Checking snd_button_clicked
[26-11-2024 01:20:29] Directory: D:/GitHub/Uni-Class Related/Fall2024-CPI111/sounds/snd_button_clicked
[26-11-2024 01:20:29] Checking Menu Selection Click.wav
[26-11-2024 01:20:29] Current parent directory: D:/GitHub/Uni-Class Related/Fall2024-CPI111/sounds/snd_button_clicked
[26-11-2024 01:20:29] Checking snd_button_clicked.yy
[26-11-2024 01:20:29] Parsing D:/GitHub/Uni-Class Related/Fall2024-CPI111/sounds/snd_button_clicked/snd_button_clicked.yy
[26-11-2024 01:20:29] Reading D:/GitHub/Uni-Class Related/Fall2024-CPI111/sounds/snd_button_clicked/snd_button_clicked.yy
[26-11-2024 01:20:29] Par: "folders/Sounds" at dir: "D:/GitHub/Uni-Class Related/Fall2024-CPI111/sounds/snd_button_clicked/snd_button_clicked.yy"
[26-11-2024 01:20:29] Found Sound: snd_button_clicked
[26-11-2024 01:20:29] Checking snd_button_clicked.wav
[26-11-2024 01:20:29] Current parent directory: D:/GitHub/Uni-Class Related/Fall2024-CPI111/sounds/snd_coin_falling_test
[26-11-2024 01:20:29] Checking snd_coin_falling_test.yy
[26-11-2024 01:20:29] Parsing D:/GitHub/Uni-Class Related/Fall2024-CPI111/sounds/snd_coin_falling_test/snd_coin_falling_test.yy
[26-11-2024 01:20:29] Reading D:/GitHub/Uni-Class Related/Fall2024-CPI111/sounds/snd_coin_falling_test/snd_coin_falling_test.yy
[26-11-2024 01:20:29] Par: "folders/Sounds" at dir: "D:/GitHub/Uni-Class Related/Fall2024-CPI111/sounds/snd_coin_falling_test/snd_coin_falling_test.yy"
[26-11-2024 01:20:29] Found Sound: snd_coin_falling_test
[26-11-2024 01:20:29] Checking snd_coin_falling_test.wav
[26-11-2024 01:20:29] Current parent directory: D:/GitHub/Uni-Class Related/Fall2024-CPI111/sounds/snd_coin_found_test
[26-11-2024 01:20:29] Checking snd_coin_found_test.yy
[26-11-2024 01:20:29] Parsing D:/GitHub/Uni-Class Related/Fall2024-CPI111/sounds/snd_coin_found_test/snd_coin_found_test.yy
[26-11-2024 01:20:29] Reading D:/GitHub/Uni-Class Related/Fall2024-CPI111/sounds/snd_coin_found_test/snd_coin_found_test.yy
[26-11-2024 01:20:29] Par: "folders/Sounds" at dir: "D:/GitHub/Uni-Class Related/Fall2024-CPI111/sounds/snd_coin_found_test/snd_coin_found_test.yy"
[26-11-2024 01:20:29] Found Sound: snd_coin_found_test
[26-11-2024 01:20:29] Checking snd_coin_found_test.ogg
[26-11-2024 01:20:29] Current parent directory: D:/GitHub/Uni-Class Related/Fall2024-CPI111/sounds/snd_crowd_audio
[26-11-2024 01:20:29] Checking snd_crowd_audio.yy
[26-11-2024 01:20:29] Parsing D:/GitHub/Uni-Class Related/Fall2024-CPI111/sounds/snd_crowd_audio/snd_crowd_audio.yy
[26-11-2024 01:20:29] Reading D:/GitHub/Uni-Class Related/Fall2024-CPI111/sounds/snd_crowd_audio/snd_crowd_audio.yy
[26-11-2024 01:20:29] Par: "folders/Sounds" at dir: "D:/GitHub/Uni-Class Related/Fall2024-CPI111/sounds/snd_crowd_audio/snd_crowd_audio.yy"
[26-11-2024 01:20:29] Found Sound: snd_crowd_audio
[26-11-2024 01:20:29] Checking snd_crowd_audio.wav
[26-11-2024 01:20:29] Current parent directory: D:/GitHub/Uni-Class Related/Fall2024-CPI111/sounds/snd_dialogue_next_page
[26-11-2024 01:20:29] Checking snd_dialogue_next_page.yy
[26-11-2024 01:20:29] Parsing D:/GitHub/Uni-Class Related/Fall2024-CPI111/sounds/snd_dialogue_next_page/snd_dialogue_next_page.yy
[26-11-2024 01:20:29] Reading D:/GitHub/Uni-Class Related/Fall2024-CPI111/sounds/snd_dialogue_next_page/snd_dialogue_next_page.yy
[26-11-2024 01:20:29] Par: "folders/Sounds/dialogue" at dir: "D:/GitHub/Uni-Class Related/Fall2024-CPI111/sounds/snd_dialogue_next_page/snd_dialogue_next_page.yy"
[26-11-2024 01:20:29] Found Sound: snd_dialogue_next_page
[26-11-2024 01:20:29] Checking snd_dialogue_next_page.ogg
[26-11-2024 01:20:29] Current parent directory: D:/GitHub/Uni-Class Related/Fall2024-CPI111/sounds/snd_general_dialogue
[26-11-2024 01:20:29] Checking snd_general_dialogue.yy
[26-11-2024 01:20:29] Parsing D:/GitHub/Uni-Class Related/Fall2024-CPI111/sounds/snd_general_dialogue/snd_general_dialogue.yy
[26-11-2024 01:20:29] Reading D:/GitHub/Uni-Class Related/Fall2024-CPI111/sounds/snd_general_dialogue/snd_general_dialogue.yy
[26-11-2024 01:20:29] Par: "folders/Sounds/dialogue" at dir: "D:/GitHub/Uni-Class Related/Fall2024-CPI111/sounds/snd_general_dialogue/snd_general_dialogue.yy"
[26-11-2024 01:20:29] Found Sound: snd_general_dialogue
[26-11-2024 01:20:29] Checking snd_general_dialogue.mp3
[26-11-2024 01:20:29] Current parent directory: D:/GitHub/Uni-Class Related/Fall2024-CPI111/sounds/snd_king_dialogue
[26-11-2024 01:20:29] Checking snd_king_dialogue.yy
[26-11-2024 01:20:29] Parsing D:/GitHub/Uni-Class Related/Fall2024-CPI111/sounds/snd_king_dialogue/snd_king_dialogue.yy
[26-11-2024 01:20:29] Reading D:/GitHub/Uni-Class Related/Fall2024-CPI111/sounds/snd_king_dialogue/snd_king_dialogue.yy
[26-11-2024 01:20:29] Par: "folders/Sounds/dialogue" at dir: "D:/GitHub/Uni-Class Related/Fall2024-CPI111/sounds/snd_king_dialogue/snd_king_dialogue.yy"
[26-11-2024 01:20:29] Found Sound: snd_king_dialogue
[26-11-2024 01:20:29] Checking snd_king_dialogue.mp3
[26-11-2024 01:20:29] Current parent directory: D:/GitHub/Uni-Class Related/Fall2024-CPI111/sounds/snd_menu_music
[26-11-2024 01:20:29] Checking snd_menu_music.yy
[26-11-2024 01:20:29] Parsing D:/GitHub/Uni-Class Related/Fall2024-CPI111/sounds/snd_menu_music/snd_menu_music.yy
[26-11-2024 01:20:29] Reading D:/GitHub/Uni-Class Related/Fall2024-CPI111/sounds/snd_menu_music/snd_menu_music.yy
[26-11-2024 01:20:29] Par: "folders/Sounds/songs" at dir: "D:/GitHub/Uni-Class Related/Fall2024-CPI111/sounds/snd_menu_music/snd_menu_music.yy"
[26-11-2024 01:20:29] Found Sound: snd_menu_music
[26-11-2024 01:20:29] Checking snd_menu_music.mp3
[26-11-2024 01:20:29] Current parent directory: D:/GitHub/Uni-Class Related/Fall2024-CPI111/sounds/snd_mus_minstrel_guild
[26-11-2024 01:20:29] Checking snd_mus_minstrel_guild.yy
[26-11-2024 01:20:29] Parsing D:/GitHub/Uni-Class Related/Fall2024-CPI111/sounds/snd_mus_minstrel_guild/snd_mus_minstrel_guild.yy
[26-11-2024 01:20:29] Reading D:/GitHub/Uni-Class Related/Fall2024-CPI111/sounds/snd_mus_minstrel_guild/snd_mus_minstrel_guild.yy
[26-11-2024 01:20:29] Par: "folders/Sounds/songs" at dir: "D:/GitHub/Uni-Class Related/Fall2024-CPI111/sounds/snd_mus_minstrel_guild/snd_mus_minstrel_guild.yy"
[26-11-2024 01:20:29] Found Sound: snd_mus_minstrel_guild
[26-11-2024 01:20:29] Checking snd_mus_minstrel_guild.mp3
[26-11-2024 01:20:29] Current parent directory: D:/GitHub/Uni-Class Related/Fall2024-CPI111/sounds/snd_mus_mongrel_dance
[26-11-2024 01:20:29] Checking snd_mus_mongrel_dance.yy
[26-11-2024 01:20:29] Parsing D:/GitHub/Uni-Class Related/Fall2024-CPI111/sounds/snd_mus_mongrel_dance/snd_mus_mongrel_dance.yy
[26-11-2024 01:20:29] Reading D:/GitHub/Uni-Class Related/Fall2024-CPI111/sounds/snd_mus_mongrel_dance/snd_mus_mongrel_dance.yy
[26-11-2024 01:20:29] Par: "folders/Sounds/songs" at dir: "D:/GitHub/Uni-Class Related/Fall2024-CPI111/sounds/snd_mus_mongrel_dance/snd_mus_mongrel_dance.yy"
[26-11-2024 01:20:29] Found Sound: snd_mus_mongrel_dance
[26-11-2024 01:20:29] Checking snd_mus_mongrel_dance.mp3
[26-11-2024 01:20:29] Current parent directory: D:/GitHub/Uni-Class Related/Fall2024-CPI111/sounds/snd_player_dialogue
[26-11-2024 01:20:29] Checking snd_player_dialogue.yy
[26-11-2024 01:20:29] Parsing D:/GitHub/Uni-Class Related/Fall2024-CPI111/sounds/snd_player_dialogue/snd_player_dialogue.yy
[26-11-2024 01:20:29] Reading D:/GitHub/Uni-Class Related/Fall2024-CPI111/sounds/snd_player_dialogue/snd_player_dialogue.yy
[26-11-2024 01:20:29] Par: "folders/Sounds/dialogue" at dir: "D:/GitHub/Uni-Class Related/Fall2024-CPI111/sounds/snd_player_dialogue/snd_player_dialogue.yy"
[26-11-2024 01:20:29] Found Sound: snd_player_dialogue
[26-11-2024 01:20:29] Checking snd_player_dialogue.wav
[26-11-2024 01:20:29] Current parent directory: D:/GitHub/Uni-Class Related/Fall2024-CPI111/sprites
[26-11-2024 01:20:29] Checking temp_enemy
[26-11-2024 01:20:29] Directory: D:/GitHub/Uni-Class Related/Fall2024-CPI111/sprites/temp_enemy
[26-11-2024 01:20:29] Checking temp_bg_results
[26-11-2024 01:20:29] Directory: D:/GitHub/Uni-Class Related/Fall2024-CPI111/sprites/temp_bg_results
[26-11-2024 01:20:29] Checking temp_bg_menu
[26-11-2024 01:20:29] Directory: D:/GitHub/Uni-Class Related/Fall2024-CPI111/sprites/temp_bg_menu
[26-11-2024 01:20:29] Checking temp_bg
[26-11-2024 01:20:29] Directory: D:/GitHub/Uni-Class Related/Fall2024-CPI111/sprites/temp_bg
[26-11-2024 01:20:29] Checking spr_wiz_shocked
[26-11-2024 01:20:29] Directory: D:/GitHub/Uni-Class Related/Fall2024-CPI111/sprites/spr_wiz_shocked
[26-11-2024 01:20:29] Checking spr_wiz_neutral
[26-11-2024 01:20:29] Directory: D:/GitHub/Uni-Class Related/Fall2024-CPI111/sprites/spr_wiz_neutral
[26-11-2024 01:20:29] Checking spr_wiz_angry
[26-11-2024 01:20:29] Directory: D:/GitHub/Uni-Class Related/Fall2024-CPI111/sprites/spr_wiz_angry
[26-11-2024 01:20:29] Checking spr_up_arrow_slot
[26-11-2024 01:20:29] Directory: D:/GitHub/Uni-Class Related/Fall2024-CPI111/sprites/spr_up_arrow_slot
[26-11-2024 01:20:29] Checking spr_up_arrow_icon
[26-11-2024 01:20:29] Directory: D:/GitHub/Uni-Class Related/Fall2024-CPI111/sprites/spr_up_arrow_icon
[26-11-2024 01:20:29] Checking spr_up_arrow
[26-11-2024 01:20:29] Directory: D:/GitHub/Uni-Class Related/Fall2024-CPI111/sprites/spr_up_arrow
[26-11-2024 01:20:29] Checking spr_tut_miss
[26-11-2024 01:20:29] Directory: D:/GitHub/Uni-Class Related/Fall2024-CPI111/sprites/spr_tut_miss
[26-11-2024 01:20:29] Checking spr_tut_hit
[26-11-2024 01:20:29] Directory: D:/GitHub/Uni-Class Related/Fall2024-CPI111/sprites/spr_tut_hit
[26-11-2024 01:20:29] Checking spr_tut_go_right
[26-11-2024 01:20:29] Directory: D:/GitHub/Uni-Class Related/Fall2024-CPI111/sprites/spr_tut_go_right
[26-11-2024 01:20:29] Checking spr_tut_go_left
[26-11-2024 01:20:29] Directory: D:/GitHub/Uni-Class Related/Fall2024-CPI111/sprites/spr_tut_go_left
[26-11-2024 01:20:29] Checking spr_tut_bombarrow
[26-11-2024 01:20:29] Directory: D:/GitHub/Uni-Class Related/Fall2024-CPI111/sprites/spr_tut_bombarrow
[26-11-2024 01:20:29] Checking spr_tutorial_button_pressed
[26-11-2024 01:20:29] Directory: D:/GitHub/Uni-Class Related/Fall2024-CPI111/sprites/spr_tutorial_button_pressed
[26-11-2024 01:20:29] Checking spr_tutorial_button
[26-11-2024 01:20:29] Directory: D:/GitHub/Uni-Class Related/Fall2024-CPI111/sprites/spr_tutorial_button
[26-11-2024 01:20:29] Checking spr_title
[26-11-2024 01:20:29] Directory: D:/GitHub/Uni-Class Related/Fall2024-CPI111/sprites/spr_title
[26-11-2024 01:20:29] Checking spr_stage_background
[26-11-2024 01:20:29] Directory: D:/GitHub/Uni-Class Related/Fall2024-CPI111/sprites/spr_stage_background
[26-11-2024 01:20:29] Checking spr_stage
[26-11-2024 01:20:29] Directory: D:/GitHub/Uni-Class Related/Fall2024-CPI111/sprites/spr_stage
[26-11-2024 01:20:29] Checking spr_slider_button
[26-11-2024 01:20:29] Directory: D:/GitHub/Uni-Class Related/Fall2024-CPI111/sprites/spr_slider_button
[26-11-2024 01:20:29] Checking spr_slider_bar
[26-11-2024 01:20:29] Directory: D:/GitHub/Uni-Class Related/Fall2024-CPI111/sprites/spr_slider_bar
[26-11-2024 01:20:29] Checking spr_right_arrow_slot
[26-11-2024 01:20:29] Directory: D:/GitHub/Uni-Class Related/Fall2024-CPI111/sprites/spr_right_arrow_slot
[26-11-2024 01:20:29] Checking spr_right_arrow_icon
[26-11-2024 01:20:29] Directory: D:/GitHub/Uni-Class Related/Fall2024-CPI111/sprites/spr_right_arrow_icon
[26-11-2024 01:20:29] Checking spr_right_arrow
[26-11-2024 01:20:29] Directory: D:/GitHub/Uni-Class Related/Fall2024-CPI111/sprites/spr_right_arrow
[26-11-2024 01:20:29] Checking spr_retry_button
[26-11-2024 01:20:29] Directory: D:/GitHub/Uni-Class Related/Fall2024-CPI111/sprites/spr_retry_button
[26-11-2024 01:20:29] Checking spr_results_two_starUI_assets
[26-11-2024 01:20:29] Directory: D:/GitHub/Uni-Class Related/Fall2024-CPI111/sprites/spr_results_two_starUI_assets
[26-11-2024 01:20:29] Checking spr_results_three_starUI_assets
[26-11-2024 01:20:29] Directory: D:/GitHub/Uni-Class Related/Fall2024-CPI111/sprites/spr_results_three_starUI_assets
[26-11-2024 01:20:29] Checking spr_results_shield_victoryUI_assets
[26-11-2024 01:20:29] Directory: D:/GitHub/Uni-Class Related/Fall2024-CPI111/sprites/spr_results_shield_victoryUI_assets
[26-11-2024 01:20:29] Checking spr_results_shield_try_againUI_assets
[26-11-2024 01:20:29] Directory: D:/GitHub/Uni-Class Related/Fall2024-CPI111/sprites/spr_results_shield_try_againUI_assets
[26-11-2024 01:20:29] Checking spr_results_scrollUI_assets
[26-11-2024 01:20:29] Directory: D:/GitHub/Uni-Class Related/Fall2024-CPI111/sprites/spr_results_scrollUI_assets
[26-11-2024 01:20:29] Checking spr_results_score_healthUI_assets
[26-11-2024 01:20:29] Directory: D:/GitHub/Uni-Class Related/Fall2024-CPI111/sprites/spr_results_score_healthUI_assets
[26-11-2024 01:20:29] Checking spr_results_one_starUI_assets
[26-11-2024 01:20:29] Directory: D:/GitHub/Uni-Class Related/Fall2024-CPI111/sprites/spr_results_one_starUI_assets
[26-11-2024 01:20:29] Checking spr_results_no_starUI_assets
[26-11-2024 01:20:29] Directory: D:/GitHub/Uni-Class Related/Fall2024-CPI111/sprites/spr_results_no_starUI_assets
[26-11-2024 01:20:29] Checking spr_player_up
[26-11-2024 01:20:29] Directory: D:/GitHub/Uni-Class Related/Fall2024-CPI111/sprites/spr_player_up
[26-11-2024 01:20:29] Checking spr_player_right
[26-11-2024 01:20:29] Directory: D:/GitHub/Uni-Class Related/Fall2024-CPI111/sprites/spr_player_right
[26-11-2024 01:20:29] Checking spr_player_miss
[26-11-2024 01:20:29] Directory: D:/GitHub/Uni-Class Related/Fall2024-CPI111/sprites/spr_player_miss
[26-11-2024 01:20:29] Checking spr_player_left
[26-11-2024 01:20:29] Directory: D:/GitHub/Uni-Class Related/Fall2024-CPI111/sprites/spr_player_left
[26-11-2024 01:20:29] Checking spr_player_anim
[26-11-2024 01:20:29] Directory: D:/GitHub/Uni-Class Related/Fall2024-CPI111/sprites/spr_player_anim
[26-11-2024 01:20:29] Checking spr_player
[26-11-2024 01:20:29] Directory: D:/GitHub/Uni-Class Related/Fall2024-CPI111/sprites/spr_player
[26-11-2024 01:20:29] Checking spr_pause_scrollUI_assets
[26-11-2024 01:20:29] Directory: D:/GitHub/Uni-Class Related/Fall2024-CPI111/sprites/spr_pause_scrollUI_assets
[26-11-2024 01:20:29] Checking spr_next_button
[26-11-2024 01:20:29] Directory: D:/GitHub/Uni-Class Related/Fall2024-CPI111/sprites/spr_next_button
[26-11-2024 01:20:29] Checking spr_next_arrow
[26-11-2024 01:20:29] Directory: D:/GitHub/Uni-Class Related/Fall2024-CPI111/sprites/spr_next_arrow
[26-11-2024 01:20:29] Checking spr_level_scoreUI_assets
[26-11-2024 01:20:29] Directory: D:/GitHub/Uni-Class Related/Fall2024-CPI111/sprites/spr_level_scoreUI_assets
[26-11-2024 01:20:29] Checking spr_level_progress_barUI_assets
[26-11-2024 01:20:29] Directory: D:/GitHub/Uni-Class Related/Fall2024-CPI111/sprites/spr_level_progress_barUI_assets
[26-11-2024 01:20:29] Checking spr_level_health_barUI_assets
[26-11-2024 01:20:29] Directory: D:/GitHub/Uni-Class Related/Fall2024-CPI111/sprites/spr_level_health_barUI_assets
[26-11-2024 01:20:29] Checking spr_left_arrow_slot
[26-11-2024 01:20:29] Directory: D:/GitHub/Uni-Class Related/Fall2024-CPI111/sprites/spr_left_arrow_slot
[26-11-2024 01:20:29] Checking spr_left_arrow_icon
[26-11-2024 01:20:29] Directory: D:/GitHub/Uni-Class Related/Fall2024-CPI111/sprites/spr_left_arrow_icon
[26-11-2024 01:20:29] Checking spr_left_arrow
[26-11-2024 01:20:29] Directory: D:/GitHub/Uni-Class Related/Fall2024-CPI111/sprites/spr_left_arrow
[26-11-2024 01:20:29] Checking spr_king_upset_angry_icon
[26-11-2024 01:20:29] Directory: D:/GitHub/Uni-Class Related/Fall2024-CPI111/sprites/spr_king_upset_angry_icon
[26-11-2024 01:20:29] Checking spr_king_upset_angry
[26-11-2024 01:20:29] Directory: D:/GitHub/Uni-Class Related/Fall2024-CPI111/sprites/spr_king_upset_angry
[26-11-2024 01:20:29] Checking spr_king_neutral_icon
[26-11-2024 01:20:29] Directory: D:/GitHub/Uni-Class Related/Fall2024-CPI111/sprites/spr_king_neutral_icon
[26-11-2024 01:20:29] Checking spr_king_neutral
[26-11-2024 01:20:29] Directory: D:/GitHub/Uni-Class Related/Fall2024-CPI111/sprites/spr_king_neutral
[26-11-2024 01:20:29] Checking spr_king_happy_icon
[26-11-2024 01:20:29] Directory: D:/GitHub/Uni-Class Related/Fall2024-CPI111/sprites/spr_king_happy_icon
[26-11-2024 01:20:29] Checking spr_king_happy
[26-11-2024 01:20:29] Directory: D:/GitHub/Uni-Class Related/Fall2024-CPI111/sprites/spr_king_happy
[26-11-2024 01:20:29] Checking spr_king
[26-11-2024 01:20:29] Directory: D:/GitHub/Uni-Class Related/Fall2024-CPI111/sprites/spr_king
[26-11-2024 01:20:29] Checking spr_feedback_miss
[26-11-2024 01:20:29] Directory: D:/GitHub/Uni-Class Related/Fall2024-CPI111/sprites/spr_feedback_miss
[26-11-2024 01:20:29] Checking spr_feedback_huzzah
[26-11-2024 01:20:29] Directory: D:/GitHub/Uni-Class Related/Fall2024-CPI111/sprites/spr_feedback_huzzah
[26-11-2024 01:20:29] Checking spr_feedback_great
[26-11-2024 01:20:29] Directory: D:/GitHub/Uni-Class Related/Fall2024-CPI111/sprites/spr_feedback_great
[26-11-2024 01:20:29] Checking spr_feedback_good
[26-11-2024 01:20:29] Directory: D:/GitHub/Uni-Class Related/Fall2024-CPI111/sprites/spr_feedback_good
[26-11-2024 01:20:29] Checking spr_feedback_bad
[26-11-2024 01:20:29] Directory: D:/GitHub/Uni-Class Related/Fall2024-CPI111/sprites/spr_feedback_bad
[26-11-2024 01:20:29] Checking spr_dialogue_box
[26-11-2024 01:20:29] Directory: D:/GitHub/Uni-Class Related/Fall2024-CPI111/sprites/spr_dialogue_box
[26-11-2024 01:20:29] Checking spr_curtains_closed_static
[26-11-2024 01:20:29] Directory: D:/GitHub/Uni-Class Related/Fall2024-CPI111/sprites/spr_curtains_closed_static
[26-11-2024 01:20:29] Checking spr_curtains
[26-11-2024 01:20:29] Directory: D:/GitHub/Uni-Class Related/Fall2024-CPI111/sprites/spr_curtains
[26-11-2024 01:20:29] Checking spr_crowd
[26-11-2024 01:20:29] Directory: D:/GitHub/Uni-Class Related/Fall2024-CPI111/sprites/spr_crowd
[26-11-2024 01:20:29] Checking spr_countdown
[26-11-2024 01:20:29] Directory: D:/GitHub/Uni-Class Related/Fall2024-CPI111/sprites/spr_countdown
[26-11-2024 01:20:29] Checking spr_button_resume_pressedUI_assets
[26-11-2024 01:20:29] Directory: D:/GitHub/Uni-Class Related/Fall2024-CPI111/sprites/spr_button_resume_pressedUI_assets
[26-11-2024 01:20:29] Checking spr_button_restart_pressedUI_assets
[26-11-2024 01:20:29] Directory: D:/GitHub/Uni-Class Related/Fall2024-CPI111/sprites/spr_button_restart_pressedUI_assets
[26-11-2024 01:20:29] Checking spr_button_options_pressedUI_assets
[26-11-2024 01:20:29] Directory: D:/GitHub/Uni-Class Related/Fall2024-CPI111/sprites/spr_button_options_pressedUI_assets
[26-11-2024 01:20:29] Checking spr_button_optionsUI_assets
[26-11-2024 01:20:29] Directory: D:/GitHub/Uni-Class Related/Fall2024-CPI111/sprites/spr_button_optionsUI_assets
[26-11-2024 01:20:29] Checking spr_button_main_menu_pressedUI_assets
[26-11-2024 01:20:29] Directory: D:/GitHub/Uni-Class Related/Fall2024-CPI111/sprites/spr_button_main_menu_pressedUI_assets
[26-11-2024 01:20:29] Checking spr_button_level_select_pressedUI_assets
[26-11-2024 01:20:29] Directory: D:/GitHub/Uni-Class Related/Fall2024-CPI111/sprites/spr_button_level_select_pressedUI_assets
[26-11-2024 01:20:29] Checking spr_button_level_selectUI_assets
[26-11-2024 01:20:29] Directory: D:/GitHub/Uni-Class Related/Fall2024-CPI111/sprites/spr_button_level_selectUI_assets
[26-11-2024 01:20:29] Checking spr_button_empty_pressed
[26-11-2024 01:20:29] Directory: D:/GitHub/Uni-Class Related/Fall2024-CPI111/sprites/spr_button_empty_pressed
[26-11-2024 01:20:29] Checking spr_button_empty
[26-11-2024 01:20:29] Directory: D:/GitHub/Uni-Class Related/Fall2024-CPI111/sprites/spr_button_empty
[26-11-2024 01:20:29] Checking spr_button
[26-11-2024 01:20:29] Directory: D:/GitHub/Uni-Class Related/Fall2024-CPI111/sprites/spr_button
[26-11-2024 01:20:29] Checking spr_btn_settings
[26-11-2024 01:20:29] Directory: D:/GitHub/Uni-Class Related/Fall2024-CPI111/sprites/spr_btn_settings
[26-11-2024 01:20:29] Checking spr_btn_resum
[26-11-2024 01:20:29] Directory: D:/GitHub/Uni-Class Related/Fall2024-CPI111/sprites/spr_btn_resum
[26-11-2024 01:20:29] Checking spr_btn_restart
[26-11-2024 01:20:29] Directory: D:/GitHub/Uni-Class Related/Fall2024-CPI111/sprites/spr_btn_restart
[26-11-2024 01:20:29] Checking spr_btn_main_menu_1
[26-11-2024 01:20:29] Directory: D:/GitHub/Uni-Class Related/Fall2024-CPI111/sprites/spr_btn_main_menu_1
[26-11-2024 01:20:29] Checking spr_btn_main_menu
[26-11-2024 01:20:29] Directory: D:/GitHub/Uni-Class Related/Fall2024-CPI111/sprites/spr_btn_main_menu
[26-11-2024 01:20:29] Checking spr_btn_lvl_select
[26-11-2024 01:20:29] Directory: D:/GitHub/Uni-Class Related/Fall2024-CPI111/sprites/spr_btn_lvl_select
[26-11-2024 01:20:29] Checking spr_btn_level_3
[26-11-2024 01:20:29] Directory: D:/GitHub/Uni-Class Related/Fall2024-CPI111/sprites/spr_btn_level_3
[26-11-2024 01:20:29] Checking spr_btn_level_2
[26-11-2024 01:20:29] Directory: D:/GitHub/Uni-Class Related/Fall2024-CPI111/sprites/spr_btn_level_2
[26-11-2024 01:20:29] Checking spr_btn_level_1
[26-11-2024 01:20:29] Directory: D:/GitHub/Uni-Class Related/Fall2024-CPI111/sprites/spr_btn_level_1
[26-11-2024 01:20:29] Checking spr_btn_exit
[26-11-2024 01:20:29] Directory: D:/GitHub/Uni-Class Related/Fall2024-CPI111/sprites/spr_btn_exit
[26-11-2024 01:20:29] Checking spr_btn_back
[26-11-2024 01:20:29] Directory: D:/GitHub/Uni-Class Related/Fall2024-CPI111/sprites/spr_btn_back
[26-11-2024 01:20:29] Checking spr_bomb_up
[26-11-2024 01:20:29] Directory: D:/GitHub/Uni-Class Related/Fall2024-CPI111/sprites/spr_bomb_up
[26-11-2024 01:20:29] Checking spr_bomb_sfx
[26-11-2024 01:20:29] Directory: D:/GitHub/Uni-Class Related/Fall2024-CPI111/sprites/spr_bomb_sfx
[26-11-2024 01:20:29] Checking spr_bomb_right
[26-11-2024 01:20:29] Directory: D:/GitHub/Uni-Class Related/Fall2024-CPI111/sprites/spr_bomb_right
[26-11-2024 01:20:29] Checking spr_bomb_left
[26-11-2024 01:20:29] Directory: D:/GitHub/Uni-Class Related/Fall2024-CPI111/sprites/spr_bomb_left
[26-11-2024 01:20:29] Checking scribble_fallback_bulletpoint
[26-11-2024 01:20:29] Directory: D:/GitHub/Uni-Class Related/Fall2024-CPI111/sprites/scribble_fallback_bulletpoint
[26-11-2024 01:20:29] Checking bg_white
[26-11-2024 01:20:29] Directory: D:/GitHub/Uni-Class Related/Fall2024-CPI111/sprites/bg_white
[26-11-2024 01:20:29] Checking bg_title_placeholder
[26-11-2024 01:20:29] Directory: D:/GitHub/Uni-Class Related/Fall2024-CPI111/sprites/bg_title_placeholder
[26-11-2024 01:20:29] Checking bg_level_background
[26-11-2024 01:20:29] Directory: D:/GitHub/Uni-Class Related/Fall2024-CPI111/sprites/bg_level_background
[26-11-2024 01:20:29] Current parent directory: D:/GitHub/Uni-Class Related/Fall2024-CPI111/sprites/bg_level_background
[26-11-2024 01:20:29] Checking layers
[26-11-2024 01:20:29] Directory: D:/GitHub/Uni-Class Related/Fall2024-CPI111/sprites/bg_level_background/layers
[26-11-2024 01:20:29] Checking bg_level_background.yy
[26-11-2024 01:20:29] Parsing D:/GitHub/Uni-Class Related/Fall2024-CPI111/sprites/bg_level_background/bg_level_background.yy
[26-11-2024 01:20:29] Reading D:/GitHub/Uni-Class Related/Fall2024-CPI111/sprites/bg_level_background/bg_level_background.yy
[26-11-2024 01:20:29] Par: "folders/Sprites/Backgrounds" at dir: "D:/GitHub/Uni-Class Related/Fall2024-CPI111/sprites/bg_level_background/bg_level_background.yy"
[26-11-2024 01:20:29] Found Sprite: bg_level_background
[26-11-2024 01:20:29] Checking aa97603d-b67b-4dd6-8445-f5477aa0f764.png
[26-11-2024 01:20:29] Current parent directory: D:/GitHub/Uni-Class Related/Fall2024-CPI111/sprites/bg_level_background/layers
[26-11-2024 01:20:29] Checking aa97603d-b67b-4dd6-8445-f5477aa0f764
[26-11-2024 01:20:29] Directory: D:/GitHub/Uni-Class Related/Fall2024-CPI111/sprites/bg_level_background/layers/aa97603d-b67b-4dd6-8445-f5477aa0f764
[26-11-2024 01:20:29] Current parent directory: D:/GitHub/Uni-Class Related/Fall2024-CPI111/sprites/bg_level_background/layers/aa97603d-b67b-4dd6-8445-f5477aa0f764
[26-11-2024 01:20:29] Checking 7b6ea35a-2a88-4f8a-983b-ab0316466d88.png
[26-11-2024 01:20:29] Current parent directory: D:/GitHub/Uni-Class Related/Fall2024-CPI111/sprites/bg_title_placeholder
[26-11-2024 01:20:29] Checking layers
[26-11-2024 01:20:29] Directory: D:/GitHub/Uni-Class Related/Fall2024-CPI111/sprites/bg_title_placeholder/layers
[26-11-2024 01:20:29] Checking bg_title_placeholder.yy
[26-11-2024 01:20:29] Parsing D:/GitHub/Uni-Class Related/Fall2024-CPI111/sprites/bg_title_placeholder/bg_title_placeholder.yy
[26-11-2024 01:20:29] Reading D:/GitHub/Uni-Class Related/Fall2024-CPI111/sprites/bg_title_placeholder/bg_title_placeholder.yy
[26-11-2024 01:20:29] Par: "folders/Sprites/Backgrounds/Title" at dir: "D:/GitHub/Uni-Class Related/Fall2024-CPI111/sprites/bg_title_placeholder/bg_title_placeholder.yy"
[26-11-2024 01:20:29] Found Sprite: bg_title_placeholder
[26-11-2024 01:20:29] Checking badc14b1-9e29-4fd9-93f4-4cb080237663.png
[26-11-2024 01:20:29] Current parent directory: D:/GitHub/Uni-Class Related/Fall2024-CPI111/sprites/bg_title_placeholder/layers
[26-11-2024 01:20:29] Checking badc14b1-9e29-4fd9-93f4-4cb080237663
[26-11-2024 01:20:29] Directory: D:/GitHub/Uni-Class Related/Fall2024-CPI111/sprites/bg_title_placeholder/layers/badc14b1-9e29-4fd9-93f4-4cb080237663
[26-11-2024 01:20:29] Current parent directory: D:/GitHub/Uni-Class Related/Fall2024-CPI111/sprites/bg_title_placeholder/layers/badc14b1-9e29-4fd9-93f4-4cb080237663
[26-11-2024 01:20:29] Checking 5ed3137e-ebc9-4f42-882c-d61eef8bfa94.png
[26-11-2024 01:20:29] Current parent directory: D:/GitHub/Uni-Class Related/Fall2024-CPI111/sprites/bg_white
[26-11-2024 01:20:29] Checking layers
[26-11-2024 01:20:29] Directory: D:/GitHub/Uni-Class Related/Fall2024-CPI111/sprites/bg_white/layers
[26-11-2024 01:20:29] Checking cf2b41cb-18df-41f1-8f11-f675d6d87d25.png
[26-11-2024 01:20:29] Checking bg_white.yy
[26-11-2024 01:20:29] Parsing D:/GitHub/Uni-Class Related/Fall2024-CPI111/sprites/bg_white/bg_white.yy
[26-11-2024 01:20:29] Reading D:/GitHub/Uni-Class Related/Fall2024-CPI111/sprites/bg_white/bg_white.yy
[26-11-2024 01:20:29] Par: "folders/Sprites/Backgrounds" at dir: "D:/GitHub/Uni-Class Related/Fall2024-CPI111/sprites/bg_white/bg_white.yy"
[26-11-2024 01:20:29] Found Sprite: bg_white
[26-11-2024 01:20:29] Current parent directory: D:/GitHub/Uni-Class Related/Fall2024-CPI111/sprites/bg_white/layers
[26-11-2024 01:20:29] Checking cf2b41cb-18df-41f1-8f11-f675d6d87d25
[26-11-2024 01:20:29] Directory: D:/GitHub/Uni-Class Related/Fall2024-CPI111/sprites/bg_white/layers/cf2b41cb-18df-41f1-8f11-f675d6d87d25
[26-11-2024 01:20:29] Current parent directory: D:/GitHub/Uni-Class Related/Fall2024-CPI111/sprites/bg_white/layers/cf2b41cb-18df-41f1-8f11-f675d6d87d25
[26-11-2024 01:20:29] Checking 61a199cb-5a55-45af-aecc-278032c02e55.png
[26-11-2024 01:20:29] Current parent directory: D:/GitHub/Uni-Class Related/Fall2024-CPI111/sprites/scribble_fallback_bulletpoint
[26-11-2024 01:20:29] Checking scribble_fallback_bulletpoint.yy
[26-11-2024 01:20:29] Parsing D:/GitHub/Uni-Class Related/Fall2024-CPI111/sprites/scribble_fallback_bulletpoint/scribble_fallback_bulletpoint.yy
[26-11-2024 01:20:29] Reading D:/GitHub/Uni-Class Related/Fall2024-CPI111/sprites/scribble_fallback_bulletpoint/scribble_fallback_bulletpoint.yy
[26-11-2024 01:20:29] Par: "folders/Scribble/(System - don't call these functions)" at dir: "D:/GitHub/Uni-Class Related/Fall2024-CPI111/sprites/scribble_fallback_bulletpoint/scribble_fallback_bulletpoint.yy"
[26-11-2024 01:20:29] Found Sprite: scribble_fallback_bulletpoint
[26-11-2024 01:20:29] Checking layers
[26-11-2024 01:20:29] Directory: D:/GitHub/Uni-Class Related/Fall2024-CPI111/sprites/scribble_fallback_bulletpoint/layers
[26-11-2024 01:20:29] Checking 16f4267b-6bb8-4d8f-a47a-c16693dce482.png
[26-11-2024 01:20:29] Current parent directory: D:/GitHub/Uni-Class Related/Fall2024-CPI111/sprites/scribble_fallback_bulletpoint/layers
[26-11-2024 01:20:29] Checking 16f4267b-6bb8-4d8f-a47a-c16693dce482
[26-11-2024 01:20:29] Directory: D:/GitHub/Uni-Class Related/Fall2024-CPI111/sprites/scribble_fallback_bulletpoint/layers/16f4267b-6bb8-4d8f-a47a-c16693dce482
[26-11-2024 01:20:29] Current parent directory: D:/GitHub/Uni-Class Related/Fall2024-CPI111/sprites/scribble_fallback_bulletpoint/layers/16f4267b-6bb8-4d8f-a47a-c16693dce482
[26-11-2024 01:20:29] Checking 9dc781bc-aea9-42e0-ad97-2835e76fc4ec.png
[26-11-2024 01:20:29] Current parent directory: D:/GitHub/Uni-Class Related/Fall2024-CPI111/sprites/spr_bomb_left
[26-11-2024 01:20:29] Checking spr_bomb_left.yy
[26-11-2024 01:20:29] Parsing D:/GitHub/Uni-Class Related/Fall2024-CPI111/sprites/spr_bomb_left/spr_bomb_left.yy
[26-11-2024 01:20:29] Reading D:/GitHub/Uni-Class Related/Fall2024-CPI111/sprites/spr_bomb_left/spr_bomb_left.yy
[26-11-2024 01:20:29] Par: "folders/Sprites/Arrows/bomb" at dir: "D:/GitHub/Uni-Class Related/Fall2024-CPI111/sprites/spr_bomb_left/spr_bomb_left.yy"
[26-11-2024 01:20:29] Found Sprite: spr_bomb_left
[26-11-2024 01:20:29] Checking layers
[26-11-2024 01:20:29] Directory: D:/GitHub/Uni-Class Related/Fall2024-CPI111/sprites/spr_bomb_left/layers
[26-11-2024 01:20:29] Checking 7b5f5778-74aa-4e53-9d0f-41b02dd296b9.png
[26-11-2024 01:20:29] Checking 2c770a41-4a4c-4b03-8968-5e10057b269f.png
[26-11-2024 01:20:29] Checking 101c3300-5c6d-4424-9011-f8fb06c02823.png
[26-11-2024 01:20:29] Current parent directory: D:/GitHub/Uni-Class Related/Fall2024-CPI111/sprites/spr_bomb_left/layers
[26-11-2024 01:20:29] Checking 7b5f5778-74aa-4e53-9d0f-41b02dd296b9
[26-11-2024 01:20:29] Directory: D:/GitHub/Uni-Class Related/Fall2024-CPI111/sprites/spr_bomb_left/layers/7b5f5778-74aa-4e53-9d0f-41b02dd296b9
[26-11-2024 01:20:29] Checking 2c770a41-4a4c-4b03-8968-5e10057b269f
[26-11-2024 01:20:29] Directory: D:/GitHub/Uni-Class Related/Fall2024-CPI111/sprites/spr_bomb_left/layers/2c770a41-4a4c-4b03-8968-5e10057b269f
[26-11-2024 01:20:29] Checking 101c3300-5c6d-4424-9011-f8fb06c02823
[26-11-2024 01:20:29] Directory: D:/GitHub/Uni-Class Related/Fall2024-CPI111/sprites/spr_bomb_left/layers/101c3300-5c6d-4424-9011-f8fb06c02823
[26-11-2024 01:20:29] Current parent directory: D:/GitHub/Uni-Class Related/Fall2024-CPI111/sprites/spr_bomb_left/layers/101c3300-5c6d-4424-9011-f8fb06c02823
[26-11-2024 01:20:29] Checking 4f9255b7-296b-40d3-8ded-30e645f3637e.png
[26-11-2024 01:20:29] Current parent directory: D:/GitHub/Uni-Class Related/Fall2024-CPI111/sprites/spr_bomb_left/layers/2c770a41-4a4c-4b03-8968-5e10057b269f
[26-11-2024 01:20:29] Checking 4f9255b7-296b-40d3-8ded-30e645f3637e.png
[26-11-2024 01:20:29] Current parent directory: D:/GitHub/Uni-Class Related/Fall2024-CPI111/sprites/spr_bomb_left/layers/7b5f5778-74aa-4e53-9d0f-41b02dd296b9
[26-11-2024 01:20:29] Checking 4f9255b7-296b-40d3-8ded-30e645f3637e.png
[26-11-2024 01:20:29] Current parent directory: D:/GitHub/Uni-Class Related/Fall2024-CPI111/sprites/spr_bomb_right
[26-11-2024 01:20:29] Checking spr_bomb_right.yy
[26-11-2024 01:20:29] Parsing D:/GitHub/Uni-Class Related/Fall2024-CPI111/sprites/spr_bomb_right/spr_bomb_right.yy
[26-11-2024 01:20:29] Reading D:/GitHub/Uni-Class Related/Fall2024-CPI111/sprites/spr_bomb_right/spr_bomb_right.yy
[26-11-2024 01:20:29] Par: "folders/Sprites/Arrows/bomb" at dir: "D:/GitHub/Uni-Class Related/Fall2024-CPI111/sprites/spr_bomb_right/spr_bomb_right.yy"
[26-11-2024 01:20:29] Found Sprite: spr_bomb_right
[26-11-2024 01:20:29] Checking layers
[26-11-2024 01:20:29] Directory: D:/GitHub/Uni-Class Related/Fall2024-CPI111/sprites/spr_bomb_right/layers
[26-11-2024 01:20:29] Checking 7b5f5778-74aa-4e53-9d0f-41b02dd296b9.png
[26-11-2024 01:20:29] Checking 2c770a41-4a4c-4b03-8968-5e10057b269f.png
[26-11-2024 01:20:29] Checking 101c3300-5c6d-4424-9011-f8fb06c02823.png
[26-11-2024 01:20:29] Current parent directory: D:/GitHub/Uni-Class Related/Fall2024-CPI111/sprites/spr_bomb_right/layers
[26-11-2024 01:20:29] Checking 7b5f5778-74aa-4e53-9d0f-41b02dd296b9
[26-11-2024 01:20:29] Directory: D:/GitHub/Uni-Class Related/Fall2024-CPI111/sprites/spr_bomb_right/layers/7b5f5778-74aa-4e53-9d0f-41b02dd296b9
[26-11-2024 01:20:29] Checking 2c770a41-4a4c-4b03-8968-5e10057b269f
[26-11-2024 01:20:29] Directory: D:/GitHub/Uni-Class Related/Fall2024-CPI111/sprites/spr_bomb_right/layers/2c770a41-4a4c-4b03-8968-5e10057b269f
[26-11-2024 01:20:29] Checking 101c3300-5c6d-4424-9011-f8fb06c02823
[26-11-2024 01:20:29] Directory: D:/GitHub/Uni-Class Related/Fall2024-CPI111/sprites/spr_bomb_right/layers/101c3300-5c6d-4424-9011-f8fb06c02823
[26-11-2024 01:20:29] Current parent directory: D:/GitHub/Uni-Class Related/Fall2024-CPI111/sprites/spr_bomb_right/layers/101c3300-5c6d-4424-9011-f8fb06c02823
[26-11-2024 01:20:29] Checking 4f9255b7-296b-40d3-8ded-30e645f3637e.png
[26-11-2024 01:20:29] Current parent directory: D:/GitHub/Uni-Class Related/Fall2024-CPI111/sprites/spr_bomb_right/layers/2c770a41-4a4c-4b03-8968-5e10057b269f
[26-11-2024 01:20:29] Checking 4f9255b7-296b-40d3-8ded-30e645f3637e.png
[26-11-2024 01:20:29] Current parent directory: D:/GitHub/Uni-Class Related/Fall2024-CPI111/sprites/spr_bomb_right/layers/7b5f5778-74aa-4e53-9d0f-41b02dd296b9
[26-11-2024 01:20:29] Checking 4f9255b7-296b-40d3-8ded-30e645f3637e.png
[26-11-2024 01:20:29] Current parent directory: D:/GitHub/Uni-Class Related/Fall2024-CPI111/sprites/spr_bomb_sfx
[26-11-2024 01:20:29] Checking spr_bomb_sfx.yy
[26-11-2024 01:20:29] Parsing D:/GitHub/Uni-Class Related/Fall2024-CPI111/sprites/spr_bomb_sfx/spr_bomb_sfx.yy
[26-11-2024 01:20:29] Reading D:/GitHub/Uni-Class Related/Fall2024-CPI111/sprites/spr_bomb_sfx/spr_bomb_sfx.yy
[26-11-2024 01:20:29] Par: "folders/Sprites/Feedback/bomb" at dir: "D:/GitHub/Uni-Class Related/Fall2024-CPI111/sprites/spr_bomb_sfx/spr_bomb_sfx.yy"
[26-11-2024 01:20:29] Found Sprite: spr_bomb_sfx
[26-11-2024 01:20:29] Checking layers
[26-11-2024 01:20:29] Directory: D:/GitHub/Uni-Class Related/Fall2024-CPI111/sprites/spr_bomb_sfx/layers
[26-11-2024 01:20:29] Checking 7ad20a89-736e-4ab3-822a-13c053357ac5.png
[26-11-2024 01:20:29] Checking 76af1919-1775-493f-9554-6b6cf67ad579.png
[26-11-2024 01:20:29] Checking 46a903de-f5df-4d2c-9650-650134b7f851.png
[26-11-2024 01:20:29] Checking 187933c1-8d05-438e-a859-2ab54edf2148.png
[26-11-2024 01:20:29] Current parent directory: D:/GitHub/Uni-Class Related/Fall2024-CPI111/sprites/spr_bomb_sfx/layers
[26-11-2024 01:20:29] Checking 7ad20a89-736e-4ab3-822a-13c053357ac5
[26-11-2024 01:20:29] Directory: D:/GitHub/Uni-Class Related/Fall2024-CPI111/sprites/spr_bomb_sfx/layers/7ad20a89-736e-4ab3-822a-13c053357ac5
[26-11-2024 01:20:29] Checking 76af1919-1775-493f-9554-6b6cf67ad579
[26-11-2024 01:20:29] Directory: D:/GitHub/Uni-Class Related/Fall2024-CPI111/sprites/spr_bomb_sfx/layers/76af1919-1775-493f-9554-6b6cf67ad579
[26-11-2024 01:20:29] Checking 46a903de-f5df-4d2c-9650-650134b7f851
[26-11-2024 01:20:29] Directory: D:/GitHub/Uni-Class Related/Fall2024-CPI111/sprites/spr_bomb_sfx/layers/46a903de-f5df-4d2c-9650-650134b7f851
[26-11-2024 01:20:29] Checking 187933c1-8d05-438e-a859-2ab54edf2148
[26-11-2024 01:20:29] Directory: D:/GitHub/Uni-Class Related/Fall2024-CPI111/sprites/spr_bomb_sfx/layers/187933c1-8d05-438e-a859-2ab54edf2148
[26-11-2024 01:20:29] Current parent directory: D:/GitHub/Uni-Class Related/Fall2024-CPI111/sprites/spr_bomb_sfx/layers/187933c1-8d05-438e-a859-2ab54edf2148
[26-11-2024 01:20:29] Checking a25675f9-8fad-4e00-a6d5-3173b430dcfe.png
[26-11-2024 01:20:29] Current parent directory: D:/GitHub/Uni-Class Related/Fall2024-CPI111/sprites/spr_bomb_sfx/layers/46a903de-f5df-4d2c-9650-650134b7f851
[26-11-2024 01:20:29] Checking a25675f9-8fad-4e00-a6d5-3173b430dcfe.png
[26-11-2024 01:20:29] Current parent directory: D:/GitHub/Uni-Class Related/Fall2024-CPI111/sprites/spr_bomb_sfx/layers/76af1919-1775-493f-9554-6b6cf67ad579
[26-11-2024 01:20:29] Checking a25675f9-8fad-4e00-a6d5-3173b430dcfe.png
[26-11-2024 01:20:29] Current parent directory: D:/GitHub/Uni-Class Related/Fall2024-CPI111/sprites/spr_bomb_sfx/layers/7ad20a89-736e-4ab3-822a-13c053357ac5
[26-11-2024 01:20:29] Checking a25675f9-8fad-4e00-a6d5-3173b430dcfe.png
[26-11-2024 01:20:29] Current parent directory: D:/GitHub/Uni-Class Related/Fall2024-CPI111/sprites/spr_bomb_up
[26-11-2024 01:20:29] Checking spr_bomb_up.yy
[26-11-2024 01:20:29] Parsing D:/GitHub/Uni-Class Related/Fall2024-CPI111/sprites/spr_bomb_up/spr_bomb_up.yy
[26-11-2024 01:20:29] Reading D:/GitHub/Uni-Class Related/Fall2024-CPI111/sprites/spr_bomb_up/spr_bomb_up.yy
[26-11-2024 01:20:29] Par: "folders/Sprites/Arrows/bomb" at dir: "D:/GitHub/Uni-Class Related/Fall2024-CPI111/sprites/spr_bomb_up/spr_bomb_up.yy"
[26-11-2024 01:20:29] Found Sprite: spr_bomb_up
[26-11-2024 01:20:29] Checking layers
[26-11-2024 01:20:29] Directory: D:/GitHub/Uni-Class Related/Fall2024-CPI111/sprites/spr_bomb_up/layers
[26-11-2024 01:20:29] Checking 7b5f5778-74aa-4e53-9d0f-41b02dd296b9.png
[26-11-2024 01:20:29] Checking 2c770a41-4a4c-4b03-8968-5e10057b269f.png
[26-11-2024 01:20:29] Checking 101c3300-5c6d-4424-9011-f8fb06c02823.png
[26-11-2024 01:20:29] Current parent directory: D:/GitHub/Uni-Class Related/Fall2024-CPI111/sprites/spr_bomb_up/layers
[26-11-2024 01:20:29] Checking 7b5f5778-74aa-4e53-9d0f-41b02dd296b9
[26-11-2024 01:20:29] Directory: D:/GitHub/Uni-Class Related/Fall2024-CPI111/sprites/spr_bomb_up/layers/7b5f5778-74aa-4e53-9d0f-41b02dd296b9
[26-11-2024 01:20:29] Checking 2c770a41-4a4c-4b03-8968-5e10057b269f
[26-11-2024 01:20:29] Directory: D:/GitHub/Uni-Class Related/Fall2024-CPI111/sprites/spr_bomb_up/layers/2c770a41-4a4c-4b03-8968-5e10057b269f
[26-11-2024 01:20:29] Checking 101c3300-5c6d-4424-9011-f8fb06c02823
[26-11-2024 01:20:29] Directory: D:/GitHub/Uni-Class Related/Fall2024-CPI111/sprites/spr_bomb_up/layers/101c3300-5c6d-4424-9011-f8fb06c02823
[26-11-2024 01:20:29] Current parent directory: D:/GitHub/Uni-Class Related/Fall2024-CPI111/sprites/spr_bomb_up/layers/101c3300-5c6d-4424-9011-f8fb06c02823
[26-11-2024 01:20:29] Checking 4f9255b7-296b-40d3-8ded-30e645f3637e.png
[26-11-2024 01:20:29] Current parent directory: D:/GitHub/Uni-Class Related/Fall2024-CPI111/sprites/spr_bomb_up/layers/2c770a41-4a4c-4b03-8968-5e10057b269f
[26-11-2024 01:20:29] Checking 4f9255b7-296b-40d3-8ded-30e645f3637e.png
[26-11-2024 01:20:29] Current parent directory: D:/GitHub/Uni-Class Related/Fall2024-CPI111/sprites/spr_bomb_up/layers/7b5f5778-74aa-4e53-9d0f-41b02dd296b9
[26-11-2024 01:20:29] Checking 4f9255b7-296b-40d3-8ded-30e645f3637e.png
[26-11-2024 01:20:29] Current parent directory: D:/GitHub/Uni-Class Related/Fall2024-CPI111/sprites/spr_btn_back
[26-11-2024 01:20:29] Checking spr_btn_back.yy
[26-11-2024 01:20:29] Parsing D:/GitHub/Uni-Class Related/Fall2024-CPI111/sprites/spr_btn_back/spr_btn_back.yy
[26-11-2024 01:20:29] Reading D:/GitHub/Uni-Class Related/Fall2024-CPI111/sprites/spr_btn_back/spr_btn_back.yy
[26-11-2024 01:20:29] Par: "folders/Sprites/Buttons/Level Select Buttons" at dir: "D:/GitHub/Uni-Class Related/Fall2024-CPI111/sprites/spr_btn_back/spr_btn_back.yy"
[26-11-2024 01:20:29] Found Sprite: spr_btn_back
[26-11-2024 01:20:29] Checking layers
[26-11-2024 01:20:29] Directory: D:/GitHub/Uni-Class Related/Fall2024-CPI111/sprites/spr_btn_back/layers
[26-11-2024 01:20:29] Checking 2ec3ad7f-69e3-4284-9338-d08abaa6671c.png
[26-11-2024 01:20:29] Current parent directory: D:/GitHub/Uni-Class Related/Fall2024-CPI111/sprites/spr_btn_back/layers
[26-11-2024 01:20:29] Checking 2ec3ad7f-69e3-4284-9338-d08abaa6671c
[26-11-2024 01:20:29] Directory: D:/GitHub/Uni-Class Related/Fall2024-CPI111/sprites/spr_btn_back/layers/2ec3ad7f-69e3-4284-9338-d08abaa6671c
[26-11-2024 01:20:29] Current parent directory: D:/GitHub/Uni-Class Related/Fall2024-CPI111/sprites/spr_btn_back/layers/2ec3ad7f-69e3-4284-9338-d08abaa6671c
[26-11-2024 01:20:29] Checking 101fd0e4-5ea5-489d-a53f-783d71f6bf81.png
[26-11-2024 01:20:29] Current parent directory: D:/GitHub/Uni-Class Related/Fall2024-CPI111/sprites/spr_btn_exit
[26-11-2024 01:20:29] Checking spr_btn_exit.yy
[26-11-2024 01:20:29] Parsing D:/GitHub/Uni-Class Related/Fall2024-CPI111/sprites/spr_btn_exit/spr_btn_exit.yy
[26-11-2024 01:20:29] Reading D:/GitHub/Uni-Class Related/Fall2024-CPI111/sprites/spr_btn_exit/spr_btn_exit.yy
[26-11-2024 01:20:29] Par: "folders/Sprites/Buttons/Main Menu Buttons" at dir: "D:/GitHub/Uni-Class Related/Fall2024-CPI111/sprites/spr_btn_exit/spr_btn_exit.yy"
[26-11-2024 01:20:29] Found Sprite: spr_btn_exit
[26-11-2024 01:20:29] Checking layers
[26-11-2024 01:20:29] Directory: D:/GitHub/Uni-Class Related/Fall2024-CPI111/sprites/spr_btn_exit/layers
[26-11-2024 01:20:29] Checking a3937efe-3465-4eb1-9277-14afa0b33dec.png
[26-11-2024 01:20:29] Checking 43f3d692-9c82-4cb7-926b-a7159eaf9117.png
[26-11-2024 01:20:29] Current parent directory: D:/GitHub/Uni-Class Related/Fall2024-CPI111/sprites/spr_btn_exit/layers
[26-11-2024 01:20:29] Checking a3937efe-3465-4eb1-9277-14afa0b33dec
[26-11-2024 01:20:29] Directory: D:/GitHub/Uni-Class Related/Fall2024-CPI111/sprites/spr_btn_exit/layers/a3937efe-3465-4eb1-9277-14afa0b33dec
[26-11-2024 01:20:29] Checking 43f3d692-9c82-4cb7-926b-a7159eaf9117
[26-11-2024 01:20:29] Directory: D:/GitHub/Uni-Class Related/Fall2024-CPI111/sprites/spr_btn_exit/layers/43f3d692-9c82-4cb7-926b-a7159eaf9117
[26-11-2024 01:20:29] Current parent directory: D:/GitHub/Uni-Class Related/Fall2024-CPI111/sprites/spr_btn_exit/layers/43f3d692-9c82-4cb7-926b-a7159eaf9117
[26-11-2024 01:20:29] Checking 31d07b98-a160-48f6-94e1-b4b85e01f3e8.png
[26-11-2024 01:20:29] Current parent directory: D:/GitHub/Uni-Class Related/Fall2024-CPI111/sprites/spr_btn_exit/layers/a3937efe-3465-4eb1-9277-14afa0b33dec
[26-11-2024 01:20:29] Checking 31d07b98-a160-48f6-94e1-b4b85e01f3e8.png
[26-11-2024 01:20:29] Current parent directory: D:/GitHub/Uni-Class Related/Fall2024-CPI111/sprites/spr_btn_level_1
[26-11-2024 01:20:29] Checking spr_btn_level_1.yy
[26-11-2024 01:20:29] Parsing D:/GitHub/Uni-Class Related/Fall2024-CPI111/sprites/spr_btn_level_1/spr_btn_level_1.yy
[26-11-2024 01:20:29] Reading D:/GitHub/Uni-Class Related/Fall2024-CPI111/sprites/spr_btn_level_1/spr_btn_level_1.yy
[26-11-2024 01:20:29] Par: "folders/Sprites/Buttons/Level Select Buttons" at dir: "D:/GitHub/Uni-Class Related/Fall2024-CPI111/sprites/spr_btn_level_1/spr_btn_level_1.yy"
[26-11-2024 01:20:29] Found Sprite: spr_btn_level_1
[26-11-2024 01:20:29] Checking layers
[26-11-2024 01:20:29] Directory: D:/GitHub/Uni-Class Related/Fall2024-CPI111/sprites/spr_btn_level_1/layers
[26-11-2024 01:20:29] Checking 2ec3ad7f-69e3-4284-9338-d08abaa6671c.png
[26-11-2024 01:20:29] Current parent directory: D:/GitHub/Uni-Class Related/Fall2024-CPI111/sprites/spr_btn_level_1/layers
[26-11-2024 01:20:29] Checking 2ec3ad7f-69e3-4284-9338-d08abaa6671c
[26-11-2024 01:20:29] Directory: D:/GitHub/Uni-Class Related/Fall2024-CPI111/sprites/spr_btn_level_1/layers/2ec3ad7f-69e3-4284-9338-d08abaa6671c
[26-11-2024 01:20:29] Current parent directory: D:/GitHub/Uni-Class Related/Fall2024-CPI111/sprites/spr_btn_level_1/layers/2ec3ad7f-69e3-4284-9338-d08abaa6671c
[26-11-2024 01:20:29] Checking 101fd0e4-5ea5-489d-a53f-783d71f6bf81.png
[26-11-2024 01:20:29] Current parent directory: D:/GitHub/Uni-Class Related/Fall2024-CPI111/sprites/spr_btn_level_2
[26-11-2024 01:20:29] Checking spr_btn_level_2.yy
[26-11-2024 01:20:29] Parsing D:/GitHub/Uni-Class Related/Fall2024-CPI111/sprites/spr_btn_level_2/spr_btn_level_2.yy
[26-11-2024 01:20:29] Reading D:/GitHub/Uni-Class Related/Fall2024-CPI111/sprites/spr_btn_level_2/spr_btn_level_2.yy
[26-11-2024 01:20:29] Par: "folders/Sprites/Buttons/Level Select Buttons" at dir: "D:/GitHub/Uni-Class Related/Fall2024-CPI111/sprites/spr_btn_level_2/spr_btn_level_2.yy"
[26-11-2024 01:20:29] Found Sprite: spr_btn_level_2
[26-11-2024 01:20:29] Checking layers
[26-11-2024 01:20:29] Directory: D:/GitHub/Uni-Class Related/Fall2024-CPI111/sprites/spr_btn_level_2/layers
[26-11-2024 01:20:29] Checking 2ec3ad7f-69e3-4284-9338-d08abaa6671c.png
[26-11-2024 01:20:29] Current parent directory: D:/GitHub/Uni-Class Related/Fall2024-CPI111/sprites/spr_btn_level_2/layers
[26-11-2024 01:20:29] Checking 2ec3ad7f-69e3-4284-9338-d08abaa6671c
[26-11-2024 01:20:29] Directory: D:/GitHub/Uni-Class Related/Fall2024-CPI111/sprites/spr_btn_level_2/layers/2ec3ad7f-69e3-4284-9338-d08abaa6671c
[26-11-2024 01:20:29] Current parent directory: D:/GitHub/Uni-Class Related/Fall2024-CPI111/sprites/spr_btn_level_2/layers/2ec3ad7f-69e3-4284-9338-d08abaa6671c
[26-11-2024 01:20:29] Checking 101fd0e4-5ea5-489d-a53f-783d71f6bf81.png
[26-11-2024 01:20:29] Current parent directory: D:/GitHub/Uni-Class Related/Fall2024-CPI111/sprites/spr_btn_level_3
[26-11-2024 01:20:29] Checking spr_btn_level_3.yy
[26-11-2024 01:20:29] Parsing D:/GitHub/Uni-Class Related/Fall2024-CPI111/sprites/spr_btn_level_3/spr_btn_level_3.yy
[26-11-2024 01:20:29] Reading D:/GitHub/Uni-Class Related/Fall2024-CPI111/sprites/spr_btn_level_3/spr_btn_level_3.yy
[26-11-2024 01:20:29] Par: "folders/Sprites/Buttons/Level Select Buttons" at dir: "D:/GitHub/Uni-Class Related/Fall2024-CPI111/sprites/spr_btn_level_3/spr_btn_level_3.yy"
[26-11-2024 01:20:29] Found Sprite: spr_btn_level_3
[26-11-2024 01:20:29] Checking layers
[26-11-2024 01:20:29] Directory: D:/GitHub/Uni-Class Related/Fall2024-CPI111/sprites/spr_btn_level_3/layers
[26-11-2024 01:20:29] Checking 2ec3ad7f-69e3-4284-9338-d08abaa6671c.png
[26-11-2024 01:20:29] Current parent directory: D:/GitHub/Uni-Class Related/Fall2024-CPI111/sprites/spr_btn_level_3/layers
[26-11-2024 01:20:29] Checking 2ec3ad7f-69e3-4284-9338-d08abaa6671c
[26-11-2024 01:20:29] Directory: D:/GitHub/Uni-Class Related/Fall2024-CPI111/sprites/spr_btn_level_3/layers/2ec3ad7f-69e3-4284-9338-d08abaa6671c
[26-11-2024 01:20:29] Current parent directory: D:/GitHub/Uni-Class Related/Fall2024-CPI111/sprites/spr_btn_level_3/layers/2ec3ad7f-69e3-4284-9338-d08abaa6671c
[26-11-2024 01:20:29] Checking 101fd0e4-5ea5-489d-a53f-783d71f6bf81.png
[26-11-2024 01:20:29] Current parent directory: D:/GitHub/Uni-Class Related/Fall2024-CPI111/sprites/spr_btn_lvl_select
[26-11-2024 01:20:29] Checking spr_btn_lvl_select.yy
[26-11-2024 01:20:29] Parsing D:/GitHub/Uni-Class Related/Fall2024-CPI111/sprites/spr_btn_lvl_select/spr_btn_lvl_select.yy
[26-11-2024 01:20:29] Reading D:/GitHub/Uni-Class Related/Fall2024-CPI111/sprites/spr_btn_lvl_select/spr_btn_lvl_select.yy
[26-11-2024 01:20:29] Par: "folders/Sprites/Buttons/Main Menu Buttons" at dir: "D:/GitHub/Uni-Class Related/Fall2024-CPI111/sprites/spr_btn_lvl_select/spr_btn_lvl_select.yy"
[26-11-2024 01:20:29] Found Sprite: spr_btn_lvl_select
[26-11-2024 01:20:29] Checking layers
[26-11-2024 01:20:29] Directory: D:/GitHub/Uni-Class Related/Fall2024-CPI111/sprites/spr_btn_lvl_select/layers
[26-11-2024 01:20:29] Checking 34c25a13-fbf8-46bf-ac5e-d0c46e4234ad.png
[26-11-2024 01:20:29] Checking 2194f374-77b0-4b77-9152-cca78f240fe5.png
[26-11-2024 01:20:29] Current parent directory: D:/GitHub/Uni-Class Related/Fall2024-CPI111/sprites/spr_btn_lvl_select/layers
[26-11-2024 01:20:29] Checking 34c25a13-fbf8-46bf-ac5e-d0c46e4234ad
[26-11-2024 01:20:29] Directory: D:/GitHub/Uni-Class Related/Fall2024-CPI111/sprites/spr_btn_lvl_select/layers/34c25a13-fbf8-46bf-ac5e-d0c46e4234ad
[26-11-2024 01:20:29] Checking 2194f374-77b0-4b77-9152-cca78f240fe5
[26-11-2024 01:20:29] Directory: D:/GitHub/Uni-Class Related/Fall2024-CPI111/sprites/spr_btn_lvl_select/layers/2194f374-77b0-4b77-9152-cca78f240fe5
[26-11-2024 01:20:29] Current parent directory: D:/GitHub/Uni-Class Related/Fall2024-CPI111/sprites/spr_btn_lvl_select/layers/2194f374-77b0-4b77-9152-cca78f240fe5
[26-11-2024 01:20:29] Checking cfe7095f-987c-4836-bafe-0b2246969e6c.png
[26-11-2024 01:20:29] Current parent directory: D:/GitHub/Uni-Class Related/Fall2024-CPI111/sprites/spr_btn_lvl_select/layers/34c25a13-fbf8-46bf-ac5e-d0c46e4234ad
[26-11-2024 01:20:29] Checking cfe7095f-987c-4836-bafe-0b2246969e6c.png
[26-11-2024 01:20:29] Current parent directory: D:/GitHub/Uni-Class Related/Fall2024-CPI111/sprites/spr_btn_main_menu
[26-11-2024 01:20:29] Checking spr_btn_main_menu.yy
[26-11-2024 01:20:29] Parsing D:/GitHub/Uni-Class Related/Fall2024-CPI111/sprites/spr_btn_main_menu/spr_btn_main_menu.yy
[26-11-2024 01:20:29] Reading D:/GitHub/Uni-Class Related/Fall2024-CPI111/sprites/spr_btn_main_menu/spr_btn_main_menu.yy
[26-11-2024 01:20:29] Par: "folders/Sprites/UI/Main  Menu" at dir: "D:/GitHub/Uni-Class Related/Fall2024-CPI111/sprites/spr_btn_main_menu/spr_btn_main_menu.yy"
[26-11-2024 01:20:29] Found Sprite: spr_btn_main_menu
[26-11-2024 01:20:29] Checking layers
[26-11-2024 01:20:29] Directory: D:/GitHub/Uni-Class Related/Fall2024-CPI111/sprites/spr_btn_main_menu/layers
[26-11-2024 01:20:29] Checking 85c365c5-07c1-4160-84b4-76bc7dda0846.png
[26-11-2024 01:20:29] Checking 2bd20cce-f40f-4660-800c-25676272076d.png
[26-11-2024 01:20:29] Current parent directory: D:/GitHub/Uni-Class Related/Fall2024-CPI111/sprites/spr_btn_main_menu/layers
[26-11-2024 01:20:29] Checking 85c365c5-07c1-4160-84b4-76bc7dda0846
[26-11-2024 01:20:29] Directory: D:/GitHub/Uni-Class Related/Fall2024-CPI111/sprites/spr_btn_main_menu/layers/85c365c5-07c1-4160-84b4-76bc7dda0846
[26-11-2024 01:20:29] Checking 2bd20cce-f40f-4660-800c-25676272076d
[26-11-2024 01:20:29] Directory: D:/GitHub/Uni-Class Related/Fall2024-CPI111/sprites/spr_btn_main_menu/layers/2bd20cce-f40f-4660-800c-25676272076d
[26-11-2024 01:20:29] Current parent directory: D:/GitHub/Uni-Class Related/Fall2024-CPI111/sprites/spr_btn_main_menu/layers/2bd20cce-f40f-4660-800c-25676272076d
[26-11-2024 01:20:29] Checking 67ca372e-9da1-4591-8910-0502ca7bdc64.png
[26-11-2024 01:20:29] Current parent directory: D:/GitHub/Uni-Class Related/Fall2024-CPI111/sprites/spr_btn_main_menu/layers/85c365c5-07c1-4160-84b4-76bc7dda0846
[26-11-2024 01:20:29] Checking 67ca372e-9da1-4591-8910-0502ca7bdc64.png
[26-11-2024 01:20:29] Current parent directory: D:/GitHub/Uni-Class Related/Fall2024-CPI111/sprites/spr_btn_main_menu_1
[26-11-2024 01:20:29] Checking spr_btn_main_menu_1.yy
[26-11-2024 01:20:29] Parsing D:/GitHub/Uni-Class Related/Fall2024-CPI111/sprites/spr_btn_main_menu_1/spr_btn_main_menu_1.yy
[26-11-2024 01:20:29] Reading D:/GitHub/Uni-Class Related/Fall2024-CPI111/sprites/spr_btn_main_menu_1/spr_btn_main_menu_1.yy
[26-11-2024 01:20:29] Par: "folders/Sprites/UI/Main  Menu" at dir: "D:/GitHub/Uni-Class Related/Fall2024-CPI111/sprites/spr_btn_main_menu_1/spr_btn_main_menu_1.yy"
[26-11-2024 01:20:29] Found Sprite: spr_btn_main_menu_1
[26-11-2024 01:20:29] Checking layers
[26-11-2024 01:20:29] Directory: D:/GitHub/Uni-Class Related/Fall2024-CPI111/sprites/spr_btn_main_menu_1/layers
[26-11-2024 01:20:29] Checking 2bd20cce-f40f-4660-800c-25676272076d.png
[26-11-2024 01:20:29] Current parent directory: D:/GitHub/Uni-Class Related/Fall2024-CPI111/sprites/spr_btn_main_menu_1/layers
[26-11-2024 01:20:29] Checking 2bd20cce-f40f-4660-800c-25676272076d
[26-11-2024 01:20:29] Directory: D:/GitHub/Uni-Class Related/Fall2024-CPI111/sprites/spr_btn_main_menu_1/layers/2bd20cce-f40f-4660-800c-25676272076d
[26-11-2024 01:20:29] Current parent directory: D:/GitHub/Uni-Class Related/Fall2024-CPI111/sprites/spr_btn_main_menu_1/layers/2bd20cce-f40f-4660-800c-25676272076d
[26-11-2024 01:20:29] Checking 67ca372e-9da1-4591-8910-0502ca7bdc64.png
[26-11-2024 01:20:29] Current parent directory: D:/GitHub/Uni-Class Related/Fall2024-CPI111/sprites/spr_btn_restart
[26-11-2024 01:20:29] Checking spr_btn_restart.yy
[26-11-2024 01:20:29] Parsing D:/GitHub/Uni-Class Related/Fall2024-CPI111/sprites/spr_btn_restart/spr_btn_restart.yy
[26-11-2024 01:20:29] Reading D:/GitHub/Uni-Class Related/Fall2024-CPI111/sprites/spr_btn_restart/spr_btn_restart.yy
[26-11-2024 01:20:29] Par: "folders/Sprites/UI/Restart" at dir: "D:/GitHub/Uni-Class Related/Fall2024-CPI111/sprites/spr_btn_restart/spr_btn_restart.yy"
[26-11-2024 01:20:29] Found Sprite: spr_btn_restart
[26-11-2024 01:20:29] Checking layers
[26-11-2024 01:20:29] Directory: D:/GitHub/Uni-Class Related/Fall2024-CPI111/sprites/spr_btn_restart/layers
[26-11-2024 01:20:29] Checking d1cc9559-41d2-45ad-a040-ea921ff5f27c.png
[26-11-2024 01:20:29] Checking 945aa8ad-853d-447f-ab48-40b32fe79a9c.png
[26-11-2024 01:20:29] Current parent directory: D:/GitHub/Uni-Class Related/Fall2024-CPI111/sprites/spr_btn_restart/layers
[26-11-2024 01:20:29] Checking d1cc9559-41d2-45ad-a040-ea921ff5f27c
[26-11-2024 01:20:29] Directory: D:/GitHub/Uni-Class Related/Fall2024-CPI111/sprites/spr_btn_restart/layers/d1cc9559-41d2-45ad-a040-ea921ff5f27c
[26-11-2024 01:20:29] Checking 945aa8ad-853d-447f-ab48-40b32fe79a9c
[26-11-2024 01:20:29] Directory: D:/GitHub/Uni-Class Related/Fall2024-CPI111/sprites/spr_btn_restart/layers/945aa8ad-853d-447f-ab48-40b32fe79a9c
[26-11-2024 01:20:29] Current parent directory: D:/GitHub/Uni-Class Related/Fall2024-CPI111/sprites/spr_btn_restart/layers/945aa8ad-853d-447f-ab48-40b32fe79a9c
[26-11-2024 01:20:29] Checking b4906be5-f21f-43de-ab04-170b3070a298.png
[26-11-2024 01:20:29] Current parent directory: D:/GitHub/Uni-Class Related/Fall2024-CPI111/sprites/spr_btn_restart/layers/d1cc9559-41d2-45ad-a040-ea921ff5f27c
[26-11-2024 01:20:29] Checking b4906be5-f21f-43de-ab04-170b3070a298.png
[26-11-2024 01:20:29] Current parent directory: D:/GitHub/Uni-Class Related/Fall2024-CPI111/sprites/spr_btn_resum
[26-11-2024 01:20:29] Checking spr_btn_resum.yy
[26-11-2024 01:20:29] Parsing D:/GitHub/Uni-Class Related/Fall2024-CPI111/sprites/spr_btn_resum/spr_btn_resum.yy
[26-11-2024 01:20:29] Reading D:/GitHub/Uni-Class Related/Fall2024-CPI111/sprites/spr_btn_resum/spr_btn_resum.yy
[26-11-2024 01:20:29] Par: "folders/Sprites/UI/Resume" at dir: "D:/GitHub/Uni-Class Related/Fall2024-CPI111/sprites/spr_btn_resum/spr_btn_resum.yy"
[26-11-2024 01:20:29] Found Sprite: spr_btn_resum
[26-11-2024 01:20:29] Checking layers
[26-11-2024 01:20:29] Directory: D:/GitHub/Uni-Class Related/Fall2024-CPI111/sprites/spr_btn_resum/layers
[26-11-2024 01:20:29] Checking bb390da3-7876-41f0-aeeb-6158a8500f9a.png
[26-11-2024 01:20:29] Checking 12ab6c61-7a1f-47f5-a79a-06c69f657b4e.png
[26-11-2024 01:20:29] Current parent directory: D:/GitHub/Uni-Class Related/Fall2024-CPI111/sprites/spr_btn_resum/layers
[26-11-2024 01:20:30] Checking bb390da3-7876-41f0-aeeb-6158a8500f9a
[26-11-2024 01:20:30] Directory: D:/GitHub/Uni-Class Related/Fall2024-CPI111/sprites/spr_btn_resum/layers/bb390da3-7876-41f0-aeeb-6158a8500f9a
[26-11-2024 01:20:30] Checking 12ab6c61-7a1f-47f5-a79a-06c69f657b4e
[26-11-2024 01:20:30] Directory: D:/GitHub/Uni-Class Related/Fall2024-CPI111/sprites/spr_btn_resum/layers/12ab6c61-7a1f-47f5-a79a-06c69f657b4e
[26-11-2024 01:20:30] Current parent directory: D:/GitHub/Uni-Class Related/Fall2024-CPI111/sprites/spr_btn_resum/layers/12ab6c61-7a1f-47f5-a79a-06c69f657b4e
[26-11-2024 01:20:30] Checking 95024c1a-7f7b-4877-927b-1b6135528553.png
[26-11-2024 01:20:30] Current parent directory: D:/GitHub/Uni-Class Related/Fall2024-CPI111/sprites/spr_btn_resum/layers/bb390da3-7876-41f0-aeeb-6158a8500f9a
[26-11-2024 01:20:30] Checking 95024c1a-7f7b-4877-927b-1b6135528553.png
[26-11-2024 01:20:30] Current parent directory: D:/GitHub/Uni-Class Related/Fall2024-CPI111/sprites/spr_btn_settings
[26-11-2024 01:20:30] Checking spr_btn_settings.yy
[26-11-2024 01:20:30] Parsing D:/GitHub/Uni-Class Related/Fall2024-CPI111/sprites/spr_btn_settings/spr_btn_settings.yy
[26-11-2024 01:20:30] Reading D:/GitHub/Uni-Class Related/Fall2024-CPI111/sprites/spr_btn_settings/spr_btn_settings.yy
[26-11-2024 01:20:30] Par: "folders/Sprites/Buttons/Main Menu Buttons" at dir: "D:/GitHub/Uni-Class Related/Fall2024-CPI111/sprites/spr_btn_settings/spr_btn_settings.yy"
[26-11-2024 01:20:30] Found Sprite: spr_btn_settings
[26-11-2024 01:20:30] Checking layers
[26-11-2024 01:20:30] Directory: D:/GitHub/Uni-Class Related/Fall2024-CPI111/sprites/spr_btn_settings/layers
[26-11-2024 01:20:30] Checking ddf4048f-2df6-4369-bb5f-59124753950b.png
[26-11-2024 01:20:30] Checking d5d75266-a1b4-474c-8274-527c97e13d86.png
[26-11-2024 01:20:30] Current parent directory: D:/GitHub/Uni-Class Related/Fall2024-CPI111/sprites/spr_btn_settings/layers
[26-11-2024 01:20:30] Checking ddf4048f-2df6-4369-bb5f-59124753950b
[26-11-2024 01:20:30] Directory: D:/GitHub/Uni-Class Related/Fall2024-CPI111/sprites/spr_btn_settings/layers/ddf4048f-2df6-4369-bb5f-59124753950b
[26-11-2024 01:20:30] Checking d5d75266-a1b4-474c-8274-527c97e13d86
[26-11-2024 01:20:30] Directory: D:/GitHub/Uni-Class Related/Fall2024-CPI111/sprites/spr_btn_settings/layers/d5d75266-a1b4-474c-8274-527c97e13d86
[26-11-2024 01:20:30] Current parent directory: D:/GitHub/Uni-Class Related/Fall2024-CPI111/sprites/spr_btn_settings/layers/d5d75266-a1b4-474c-8274-527c97e13d86
[26-11-2024 01:20:30] Checking c12e2b02-7f01-44e6-b23f-4f0e35ffee8a.png
[26-11-2024 01:20:30] Current parent directory: D:/GitHub/Uni-Class Related/Fall2024-CPI111/sprites/spr_btn_settings/layers/ddf4048f-2df6-4369-bb5f-59124753950b
[26-11-2024 01:20:30] Checking c12e2b02-7f01-44e6-b23f-4f0e35ffee8a.png
[26-11-2024 01:20:30] Current parent directory: D:/GitHub/Uni-Class Related/Fall2024-CPI111/sprites/spr_button
[26-11-2024 01:20:30] Checking spr_button.yy
[26-11-2024 01:20:30] Parsing D:/GitHub/Uni-Class Related/Fall2024-CPI111/sprites/spr_button/spr_button.yy
[26-11-2024 01:20:30] Reading D:/GitHub/Uni-Class Related/Fall2024-CPI111/sprites/spr_button/spr_button.yy
[26-11-2024 01:20:30] Par: "folders/Sprites/Meta" at dir: "D:/GitHub/Uni-Class Related/Fall2024-CPI111/sprites/spr_button/spr_button.yy"
[26-11-2024 01:20:30] Found Sprite: spr_button
[26-11-2024 01:20:30] Checking layers
[26-11-2024 01:20:30] Directory: D:/GitHub/Uni-Class Related/Fall2024-CPI111/sprites/spr_button/layers
[26-11-2024 01:20:30] Checking c5e26fcb-e59e-4e42-a413-5666d563465b.png
[26-11-2024 01:20:30] Current parent directory: D:/GitHub/Uni-Class Related/Fall2024-CPI111/sprites/spr_button/layers
[26-11-2024 01:20:30] Checking c5e26fcb-e59e-4e42-a413-5666d563465b
[26-11-2024 01:20:30] Directory: D:/GitHub/Uni-Class Related/Fall2024-CPI111/sprites/spr_button/layers/c5e26fcb-e59e-4e42-a413-5666d563465b
[26-11-2024 01:20:30] Current parent directory: D:/GitHub/Uni-Class Related/Fall2024-CPI111/sprites/spr_button/layers/c5e26fcb-e59e-4e42-a413-5666d563465b
[26-11-2024 01:20:30] Checking 08a28205-fc16-48db-afd0-ac52ab90af08.png
[26-11-2024 01:20:30] Current parent directory: D:/GitHub/Uni-Class Related/Fall2024-CPI111/sprites/spr_button_empty
[26-11-2024 01:20:30] Checking spr_button_empty.yy
[26-11-2024 01:20:30] Parsing D:/GitHub/Uni-Class Related/Fall2024-CPI111/sprites/spr_button_empty/spr_button_empty.yy
[26-11-2024 01:20:30] Reading D:/GitHub/Uni-Class Related/Fall2024-CPI111/sprites/spr_button_empty/spr_button_empty.yy
[26-11-2024 01:20:30] Par: "folders/Sprites/Buttons" at dir: "D:/GitHub/Uni-Class Related/Fall2024-CPI111/sprites/spr_button_empty/spr_button_empty.yy"
[26-11-2024 01:20:30] Found Sprite: spr_button_empty
[26-11-2024 01:20:30] Checking layers
[26-11-2024 01:20:30] Directory: D:/GitHub/Uni-Class Related/Fall2024-CPI111/sprites/spr_button_empty/layers
[26-11-2024 01:20:30] Checking 6d9370dd-f41d-48ca-ab1a-e7f82ce3c684.png
[26-11-2024 01:20:30] Current parent directory: D:/GitHub/Uni-Class Related/Fall2024-CPI111/sprites/spr_button_empty/layers
[26-11-2024 01:20:30] Checking 6d9370dd-f41d-48ca-ab1a-e7f82ce3c684
[26-11-2024 01:20:30] Directory: D:/GitHub/Uni-Class Related/Fall2024-CPI111/sprites/spr_button_empty/layers/6d9370dd-f41d-48ca-ab1a-e7f82ce3c684
[26-11-2024 01:20:30] Current parent directory: D:/GitHub/Uni-Class Related/Fall2024-CPI111/sprites/spr_button_empty/layers/6d9370dd-f41d-48ca-ab1a-e7f82ce3c684
[26-11-2024 01:20:30] Checking ca93e23f-4dd4-487f-8708-d11e8784a6aa.png
[26-11-2024 01:20:30] Current parent directory: D:/GitHub/Uni-Class Related/Fall2024-CPI111/sprites/spr_button_empty_pressed
[26-11-2024 01:20:30] Checking spr_button_empty_pressed.yy
[26-11-2024 01:20:30] Parsing D:/GitHub/Uni-Class Related/Fall2024-CPI111/sprites/spr_button_empty_pressed/spr_button_empty_pressed.yy
[26-11-2024 01:20:30] Reading D:/GitHub/Uni-Class Related/Fall2024-CPI111/sprites/spr_button_empty_pressed/spr_button_empty_pressed.yy
[26-11-2024 01:20:30] Par: "folders/Sprites/Buttons" at dir: "D:/GitHub/Uni-Class Related/Fall2024-CPI111/sprites/spr_button_empty_pressed/spr_button_empty_pressed.yy"
[26-11-2024 01:20:30] Found Sprite: spr_button_empty_pressed
[26-11-2024 01:20:30] Checking layers
[26-11-2024 01:20:30] Directory: D:/GitHub/Uni-Class Related/Fall2024-CPI111/sprites/spr_button_empty_pressed/layers
[26-11-2024 01:20:30] Checking 3ba55eab-110e-4eae-9476-7262895159b2.png
[26-11-2024 01:20:30] Current parent directory: D:/GitHub/Uni-Class Related/Fall2024-CPI111/sprites/spr_button_empty_pressed/layers
[26-11-2024 01:20:30] Checking 3ba55eab-110e-4eae-9476-7262895159b2
[26-11-2024 01:20:30] Directory: D:/GitHub/Uni-Class Related/Fall2024-CPI111/sprites/spr_button_empty_pressed/layers/3ba55eab-110e-4eae-9476-7262895159b2
[26-11-2024 01:20:30] Current parent directory: D:/GitHub/Uni-Class Related/Fall2024-CPI111/sprites/spr_button_empty_pressed/layers/3ba55eab-110e-4eae-9476-7262895159b2
[26-11-2024 01:20:30] Checking d514db8d-0ed2-4625-b0cf-d258ee95980e.png
[26-11-2024 01:20:30] Current parent directory: D:/GitHub/Uni-Class Related/Fall2024-CPI111/sprites/spr_button_level_selectUI_assets
[26-11-2024 01:20:30] Checking spr_button_level_selectUI_assets.yy
[26-11-2024 01:20:30] Parsing D:/GitHub/Uni-Class Related/Fall2024-CPI111/sprites/spr_button_level_selectUI_assets/spr_button_level_selectUI_assets.yy
[26-11-2024 01:20:30] Reading D:/GitHub/Uni-Class Related/Fall2024-CPI111/sprites/spr_button_level_selectUI_assets/spr_button_level_selectUI_assets.yy
[26-11-2024 01:20:30] Par: "folders/Sprites/UI/Level Select" at dir: "D:/GitHub/Uni-Class Related/Fall2024-CPI111/sprites/spr_button_level_selectUI_assets/spr_button_level_selectUI_assets.yy"
[26-11-2024 01:20:30] Found Sprite: spr_button_level_selectUI_assets
[26-11-2024 01:20:30] Checking layers
[26-11-2024 01:20:30] Directory: D:/GitHub/Uni-Class Related/Fall2024-CPI111/sprites/spr_button_level_selectUI_assets/layers
[26-11-2024 01:20:30] Checking 13f3e9e4-a5df-46ee-969d-d7a117f3e966.png
[26-11-2024 01:20:30] Current parent directory: D:/GitHub/Uni-Class Related/Fall2024-CPI111/sprites/spr_button_level_selectUI_assets/layers
[26-11-2024 01:20:30] Checking 13f3e9e4-a5df-46ee-969d-d7a117f3e966
[26-11-2024 01:20:30] Directory: D:/GitHub/Uni-Class Related/Fall2024-CPI111/sprites/spr_button_level_selectUI_assets/layers/13f3e9e4-a5df-46ee-969d-d7a117f3e966
[26-11-2024 01:20:30] Current parent directory: D:/GitHub/Uni-Class Related/Fall2024-CPI111/sprites/spr_button_level_selectUI_assets/layers/13f3e9e4-a5df-46ee-969d-d7a117f3e966
[26-11-2024 01:20:30] Checking e0711427-016b-453d-ace6-c790b12da085.png
[26-11-2024 01:20:30] Current parent directory: D:/GitHub/Uni-Class Related/Fall2024-CPI111/sprites/spr_button_level_select_pressedUI_assets
[26-11-2024 01:20:30] Checking spr_button_level_select_pressedUI_assets.yy
[26-11-2024 01:20:30] Parsing D:/GitHub/Uni-Class Related/Fall2024-CPI111/sprites/spr_button_level_select_pressedUI_assets/spr_button_level_select_pressedUI_assets.yy
[26-11-2024 01:20:30] Reading D:/GitHub/Uni-Class Related/Fall2024-CPI111/sprites/spr_button_level_select_pressedUI_assets/spr_button_level_select_pressedUI_assets.yy
[26-11-2024 01:20:30] Par: "folders/Sprites/UI/Level Select" at dir: "D:/GitHub/Uni-Class Related/Fall2024-CPI111/sprites/spr_button_level_select_pressedUI_assets/spr_button_level_select_pressedUI_assets.yy"
[26-11-2024 01:20:30] Found Sprite: spr_button_level_select_pressedUI_assets
[26-11-2024 01:20:30] Checking layers
[26-11-2024 01:20:30] Directory: D:/GitHub/Uni-Class Related/Fall2024-CPI111/sprites/spr_button_level_select_pressedUI_assets/layers
[26-11-2024 01:20:30] Checking af2b0d48-590d-4305-8733-67775fe9f21e.png
[26-11-2024 01:20:30] Current parent directory: D:/GitHub/Uni-Class Related/Fall2024-CPI111/sprites/spr_button_level_select_pressedUI_assets/layers
[26-11-2024 01:20:30] Checking af2b0d48-590d-4305-8733-67775fe9f21e
[26-11-2024 01:20:30] Directory: D:/GitHub/Uni-Class Related/Fall2024-CPI111/sprites/spr_button_level_select_pressedUI_assets/layers/af2b0d48-590d-4305-8733-67775fe9f21e
[26-11-2024 01:20:30] Current parent directory: D:/GitHub/Uni-Class Related/Fall2024-CPI111/sprites/spr_button_level_select_pressedUI_assets/layers/af2b0d48-590d-4305-8733-67775fe9f21e
[26-11-2024 01:20:30] Checking d39fae7b-b797-4a39-90a9-359b5617152d.png
[26-11-2024 01:20:30] Current parent directory: D:/GitHub/Uni-Class Related/Fall2024-CPI111/sprites/spr_button_main_menu_pressedUI_assets
[26-11-2024 01:20:30] Checking spr_button_main_menu_pressedUI_assets.yy
[26-11-2024 01:20:30] Parsing D:/GitHub/Uni-Class Related/Fall2024-CPI111/sprites/spr_button_main_menu_pressedUI_assets/spr_button_main_menu_pressedUI_assets.yy
[26-11-2024 01:20:30] Reading D:/GitHub/Uni-Class Related/Fall2024-CPI111/sprites/spr_button_main_menu_pressedUI_assets/spr_button_main_menu_pressedUI_assets.yy
[26-11-2024 01:20:30] Par: "folders/Sprites/UI/Main  Menu" at dir: "D:/GitHub/Uni-Class Related/Fall2024-CPI111/sprites/spr_button_main_menu_pressedUI_assets/spr_button_main_menu_pressedUI_assets.yy"
[26-11-2024 01:20:30] Found Sprite: spr_button_main_menu_pressedUI_assets
[26-11-2024 01:20:30] Checking layers
[26-11-2024 01:20:30] Directory: D:/GitHub/Uni-Class Related/Fall2024-CPI111/sprites/spr_button_main_menu_pressedUI_assets/layers
[26-11-2024 01:20:30] Checking 4f3ac579-8577-448d-9118-dbcf4f0dd148.png
[26-11-2024 01:20:30] Current parent directory: D:/GitHub/Uni-Class Related/Fall2024-CPI111/sprites/spr_button_main_menu_pressedUI_assets/layers
[26-11-2024 01:20:30] Checking 4f3ac579-8577-448d-9118-dbcf4f0dd148
[26-11-2024 01:20:30] Directory: D:/GitHub/Uni-Class Related/Fall2024-CPI111/sprites/spr_button_main_menu_pressedUI_assets/layers/4f3ac579-8577-448d-9118-dbcf4f0dd148
[26-11-2024 01:20:30] Current parent directory: D:/GitHub/Uni-Class Related/Fall2024-CPI111/sprites/spr_button_main_menu_pressedUI_assets/layers/4f3ac579-8577-448d-9118-dbcf4f0dd148
[26-11-2024 01:20:30] Checking 7e57a154-13fb-45ac-87c7-947d74d920d9.png
[26-11-2024 01:20:30] Current parent directory: D:/GitHub/Uni-Class Related/Fall2024-CPI111/sprites/spr_button_optionsUI_assets
[26-11-2024 01:20:30] Checking spr_button_optionsUI_assets.yy
[26-11-2024 01:20:30] Parsing D:/GitHub/Uni-Class Related/Fall2024-CPI111/sprites/spr_button_optionsUI_assets/spr_button_optionsUI_assets.yy
[26-11-2024 01:20:30] Reading D:/GitHub/Uni-Class Related/Fall2024-CPI111/sprites/spr_button_optionsUI_assets/spr_button_optionsUI_assets.yy
[26-11-2024 01:20:30] Par: "folders/Sprites/UI/Options" at dir: "D:/GitHub/Uni-Class Related/Fall2024-CPI111/sprites/spr_button_optionsUI_assets/spr_button_optionsUI_assets.yy"
[26-11-2024 01:20:30] Found Sprite: spr_button_optionsUI_assets
[26-11-2024 01:20:30] Checking layers
[26-11-2024 01:20:30] Directory: D:/GitHub/Uni-Class Related/Fall2024-CPI111/sprites/spr_button_optionsUI_assets/layers
[26-11-2024 01:20:30] Checking c3a32d54-ccb6-45a8-b967-e0f816bcdd88.png
[26-11-2024 01:20:30] Checking b5e14ca9-d8fd-48ac-9f0a-645509fd373b.png
[26-11-2024 01:20:30] Current parent directory: D:/GitHub/Uni-Class Related/Fall2024-CPI111/sprites/spr_button_optionsUI_assets/layers
[26-11-2024 01:20:30] Checking c3a32d54-ccb6-45a8-b967-e0f816bcdd88
[26-11-2024 01:20:30] Directory: D:/GitHub/Uni-Class Related/Fall2024-CPI111/sprites/spr_button_optionsUI_assets/layers/c3a32d54-ccb6-45a8-b967-e0f816bcdd88
[26-11-2024 01:20:30] Checking b5e14ca9-d8fd-48ac-9f0a-645509fd373b
[26-11-2024 01:20:30] Directory: D:/GitHub/Uni-Class Related/Fall2024-CPI111/sprites/spr_button_optionsUI_assets/layers/b5e14ca9-d8fd-48ac-9f0a-645509fd373b
[26-11-2024 01:20:30] Current parent directory: D:/GitHub/Uni-Class Related/Fall2024-CPI111/sprites/spr_button_optionsUI_assets/layers/b5e14ca9-d8fd-48ac-9f0a-645509fd373b
[26-11-2024 01:20:30] Checking 7aaca050-ee98-4e29-ac4a-757d580c7d3e.png
[26-11-2024 01:20:30] Current parent directory: D:/GitHub/Uni-Class Related/Fall2024-CPI111/sprites/spr_button_optionsUI_assets/layers/c3a32d54-ccb6-45a8-b967-e0f816bcdd88
[26-11-2024 01:20:30] Checking 7aaca050-ee98-4e29-ac4a-757d580c7d3e.png
[26-11-2024 01:20:30] Current parent directory: D:/GitHub/Uni-Class Related/Fall2024-CPI111/sprites/spr_button_options_pressedUI_assets
[26-11-2024 01:20:30] Checking spr_button_options_pressedUI_assets.yy
[26-11-2024 01:20:30] Parsing D:/GitHub/Uni-Class Related/Fall2024-CPI111/sprites/spr_button_options_pressedUI_assets/spr_button_options_pressedUI_assets.yy
[26-11-2024 01:20:30] Reading D:/GitHub/Uni-Class Related/Fall2024-CPI111/sprites/spr_button_options_pressedUI_assets/spr_button_options_pressedUI_assets.yy
[26-11-2024 01:20:30] Par: "folders/Sprites/UI/Options" at dir: "D:/GitHub/Uni-Class Related/Fall2024-CPI111/sprites/spr_button_options_pressedUI_assets/spr_button_options_pressedUI_assets.yy"
[26-11-2024 01:20:30] Found Sprite: spr_button_options_pressedUI_assets
[26-11-2024 01:20:30] Checking layers
[26-11-2024 01:20:30] Directory: D:/GitHub/Uni-Class Related/Fall2024-CPI111/sprites/spr_button_options_pressedUI_assets/layers
[26-11-2024 01:20:30] Checking 17ecefe5-0d97-4744-8be2-75eb99c26ed4.png
[26-11-2024 01:20:30] Current parent directory: D:/GitHub/Uni-Class Related/Fall2024-CPI111/sprites/spr_button_options_pressedUI_assets/layers
[26-11-2024 01:20:30] Checking 17ecefe5-0d97-4744-8be2-75eb99c26ed4
[26-11-2024 01:20:30] Directory: D:/GitHub/Uni-Class Related/Fall2024-CPI111/sprites/spr_button_options_pressedUI_assets/layers/17ecefe5-0d97-4744-8be2-75eb99c26ed4
[26-11-2024 01:20:30] Current parent directory: D:/GitHub/Uni-Class Related/Fall2024-CPI111/sprites/spr_button_options_pressedUI_assets/layers/17ecefe5-0d97-4744-8be2-75eb99c26ed4
[26-11-2024 01:20:30] Checking 3389274c-32ca-446f-9c06-146101d002c2.png
[26-11-2024 01:20:30] Current parent directory: D:/GitHub/Uni-Class Related/Fall2024-CPI111/sprites/spr_button_restart_pressedUI_assets
[26-11-2024 01:20:30] Checking spr_button_restart_pressedUI_assets.yy
[26-11-2024 01:20:30] Parsing D:/GitHub/Uni-Class Related/Fall2024-CPI111/sprites/spr_button_restart_pressedUI_assets/spr_button_restart_pressedUI_assets.yy
[26-11-2024 01:20:30] Reading D:/GitHub/Uni-Class Related/Fall2024-CPI111/sprites/spr_button_restart_pressedUI_assets/spr_button_restart_pressedUI_assets.yy
[26-11-2024 01:20:30] Par: "folders/Sprites/UI/Restart" at dir: "D:/GitHub/Uni-Class Related/Fall2024-CPI111/sprites/spr_button_restart_pressedUI_assets/spr_button_restart_pressedUI_assets.yy"
[26-11-2024 01:20:30] Found Sprite: spr_button_restart_pressedUI_assets
[26-11-2024 01:20:30] Checking layers
[26-11-2024 01:20:30] Directory: D:/GitHub/Uni-Class Related/Fall2024-CPI111/sprites/spr_button_restart_pressedUI_assets/layers
[26-11-2024 01:20:30] Checking f23d4572-2910-4324-8eb9-0dc5f35f49e7.png
[26-11-2024 01:20:30] Current parent directory: D:/GitHub/Uni-Class Related/Fall2024-CPI111/sprites/spr_button_restart_pressedUI_assets/layers
[26-11-2024 01:20:30] Checking f23d4572-2910-4324-8eb9-0dc5f35f49e7
[26-11-2024 01:20:30] Directory: D:/GitHub/Uni-Class Related/Fall2024-CPI111/sprites/spr_button_restart_pressedUI_assets/layers/f23d4572-2910-4324-8eb9-0dc5f35f49e7
[26-11-2024 01:20:30] Current parent directory: D:/GitHub/Uni-Class Related/Fall2024-CPI111/sprites/spr_button_restart_pressedUI_assets/layers/f23d4572-2910-4324-8eb9-0dc5f35f49e7
[26-11-2024 01:20:30] Checking f605de23-d67d-4c0f-9592-29c2c591174a.png
[26-11-2024 01:20:30] Current parent directory: D:/GitHub/Uni-Class Related/Fall2024-CPI111/sprites/spr_button_resume_pressedUI_assets
[26-11-2024 01:20:30] Checking spr_button_resume_pressedUI_assets.yy
[26-11-2024 01:20:30] Parsing D:/GitHub/Uni-Class Related/Fall2024-CPI111/sprites/spr_button_resume_pressedUI_assets/spr_button_resume_pressedUI_assets.yy
[26-11-2024 01:20:30] Reading D:/GitHub/Uni-Class Related/Fall2024-CPI111/sprites/spr_button_resume_pressedUI_assets/spr_button_resume_pressedUI_assets.yy
[26-11-2024 01:20:30] Par: "folders/Sprites/UI/Resume" at dir: "D:/GitHub/Uni-Class Related/Fall2024-CPI111/sprites/spr_button_resume_pressedUI_assets/spr_button_resume_pressedUI_assets.yy"
[26-11-2024 01:20:30] Found Sprite: spr_button_resume_pressedUI_assets
[26-11-2024 01:20:30] Checking layers
[26-11-2024 01:20:30] Directory: D:/GitHub/Uni-Class Related/Fall2024-CPI111/sprites/spr_button_resume_pressedUI_assets/layers
[26-11-2024 01:20:30] Checking 5155e148-3a57-4aed-b188-81b51f9b6ab1.png
[26-11-2024 01:20:30] Current parent directory: D:/GitHub/Uni-Class Related/Fall2024-CPI111/sprites/spr_button_resume_pressedUI_assets/layers
[26-11-2024 01:20:30] Checking 5155e148-3a57-4aed-b188-81b51f9b6ab1
[26-11-2024 01:20:30] Directory: D:/GitHub/Uni-Class Related/Fall2024-CPI111/sprites/spr_button_resume_pressedUI_assets/layers/5155e148-3a57-4aed-b188-81b51f9b6ab1
[26-11-2024 01:20:30] Current parent directory: D:/GitHub/Uni-Class Related/Fall2024-CPI111/sprites/spr_button_resume_pressedUI_assets/layers/5155e148-3a57-4aed-b188-81b51f9b6ab1
[26-11-2024 01:20:30] Checking 3e84d18d-129d-46b0-a90c-18b6548ad929.png
[26-11-2024 01:20:30] Current parent directory: D:/GitHub/Uni-Class Related/Fall2024-CPI111/sprites/spr_countdown
[26-11-2024 01:20:30] Checking spr_countdown.yy
[26-11-2024 01:20:30] Parsing D:/GitHub/Uni-Class Related/Fall2024-CPI111/sprites/spr_countdown/spr_countdown.yy
[26-11-2024 01:20:30] Reading D:/GitHub/Uni-Class Related/Fall2024-CPI111/sprites/spr_countdown/spr_countdown.yy
[26-11-2024 01:20:30] Par: "folders/Sprites/Feedback" at dir: "D:/GitHub/Uni-Class Related/Fall2024-CPI111/sprites/spr_countdown/spr_countdown.yy"
[26-11-2024 01:20:30] Found Sprite: spr_countdown
[26-11-2024 01:20:30] Checking layers
[26-11-2024 01:20:30] Directory: D:/GitHub/Uni-Class Related/Fall2024-CPI111/sprites/spr_countdown/layers
[26-11-2024 01:20:30] Checking f9763cfb-9e96-4116-ac98-d0cff61b67ab.png
[26-11-2024 01:20:30] Checking f8028594-19d8-4c0f-b8fd-cb2a155bb05e.png
[26-11-2024 01:20:30] Checking eeff3ac8-047d-4b85-b7da-9d542b43739f.png
[26-11-2024 01:20:30] Checking e83fba3e-83ba-4c53-87ff-b4354569cbee.png
[26-11-2024 01:20:30] Checking e6dc675a-dfbc-4ddf-948e-1a7ea567434a.png
[26-11-2024 01:20:30] Checking e6b109a4-e3bc-40ce-bc5e-f654a8162681.png
[26-11-2024 01:20:30] Checking e1b9fae9-92e8-4595-a9b5-3128e335e9b0.png
[26-11-2024 01:20:30] Checking db049c6e-03aa-4576-bfab-e7ff1b03cbfd.png
[26-11-2024 01:20:30] Checking d4f4539b-5a49-4324-87c2-3752ebf3901c.png
[26-11-2024 01:20:30] Checking d11ffe81-f277-4bb9-a2ed-d1cd3e404627.png
[26-11-2024 01:20:30] Checking cff425cc-adfb-4f1d-a2a4-1e870b2331f8.png
[26-11-2024 01:20:30] Checking bb01bc09-2e26-4fdb-954b-1b0b8d0b51ce.png
[26-11-2024 01:20:30] Checking b2961376-b59f-4060-ba35-d5ab558ee0b5.png
[26-11-2024 01:20:30] Checking a94fb7fa-54cf-4590-8fb6-773a6aa0aa8b.png
[26-11-2024 01:20:30] Checking a3df1c5b-a864-44a3-8f13-08e95606a22e.png
[26-11-2024 01:20:30] Checking a375e1e3-1892-4a62-b975-2b5c0f33246a.png
[26-11-2024 01:20:30] Checking 8d5496dc-10fd-4ca8-a882-933be0abed93.png
[26-11-2024 01:20:30] Checking 8706a0fb-6083-45e9-a352-58f9796e71b6.png
[26-11-2024 01:20:30] Checking 6e029a0b-1abf-4d97-806d-ef4afb5ea541.png
[26-11-2024 01:20:30] Checking 66541a3d-391e-4634-999d-ff94d8769441.png
[26-11-2024 01:20:30] Checking 5eb78c3b-3bde-49de-97a5-e91839c640ee.png
[26-11-2024 01:20:30] Checking 5cae658a-5d43-4a8f-8fd8-fa8fe0a60b8c.png
[26-11-2024 01:20:30] Checking 5a0db6b3-52cd-4e18-ae8a-9961b646a330.png
[26-11-2024 01:20:30] Checking 537d985c-6c00-4233-bfc7-246be6edc448.png
[26-11-2024 01:20:30] Checking 4a2f2ab9-5894-4ad1-9f80-b47a9aa036a8.png
[26-11-2024 01:20:30] Checking 49e44e39-b2e4-43c3-bc00-5d46179e0200.png
[26-11-2024 01:20:30] Checking 48e3a7d7-2ec3-4c15-b7c9-7ca8d110e046.png
[26-11-2024 01:20:30] Checking 47712699-abc5-40bb-b770-620fbcb7f9a4.png
[26-11-2024 01:20:30] Checking 3bb55ae5-d88b-47bf-8344-0d13727cde71.png
[26-11-2024 01:20:30] Checking 32da1bd9-1281-42c8-b3da-e4946280ea9b.png
[26-11-2024 01:20:30] Checking 2c7386e5-ed68-44bb-b7f5-819da10354ea.png
[26-11-2024 01:20:30] Checking 277ef7f1-5b44-4ecf-aacd-18eed65030a9.png
[26-11-2024 01:20:30] Checking 1af50cf5-dc26-47cd-a922-893143b0ab88.png
[26-11-2024 01:20:30] Checking 19b7be41-2b95-40c7-97f7-7afe47a0cf2c.png
[26-11-2024 01:20:30] Checking 1932c0e6-3de5-4d77-aa6a-b374054a712c.png
[26-11-2024 01:20:30] Checking 1198d7ac-eb22-4f37-8420-3ad2d40e6e96.png
[26-11-2024 01:20:30] Checking 1023b956-b0da-4e7f-9792-7fc28d40e88a.png
[26-11-2024 01:20:30] Checking 0e3b6612-fb18-47ab-95bd-79e91f208ecd.png
[26-11-2024 01:20:30] Checking 0cf70c02-86e2-49ce-8e35-25d9fd3562b9.png
[26-11-2024 01:20:30] Checking 04e45bc7-9420-423d-a8e1-d283d6833028.png
[26-11-2024 01:20:30] Current parent directory: D:/GitHub/Uni-Class Related/Fall2024-CPI111/sprites/spr_countdown/layers
[26-11-2024 01:20:30] Checking f9763cfb-9e96-4116-ac98-d0cff61b67ab
[26-11-2024 01:20:30] Directory: D:/GitHub/Uni-Class Related/Fall2024-CPI111/sprites/spr_countdown/layers/f9763cfb-9e96-4116-ac98-d0cff61b67ab
[26-11-2024 01:20:30] Checking f8028594-19d8-4c0f-b8fd-cb2a155bb05e
[26-11-2024 01:20:30] Directory: D:/GitHub/Uni-Class Related/Fall2024-CPI111/sprites/spr_countdown/layers/f8028594-19d8-4c0f-b8fd-cb2a155bb05e
[26-11-2024 01:20:30] Checking eeff3ac8-047d-4b85-b7da-9d542b43739f
[26-11-2024 01:20:30] Directory: D:/GitHub/Uni-Class Related/Fall2024-CPI111/sprites/spr_countdown/layers/eeff3ac8-047d-4b85-b7da-9d542b43739f
[26-11-2024 01:20:30] Checking e83fba3e-83ba-4c53-87ff-b4354569cbee
[26-11-2024 01:20:30] Directory: D:/GitHub/Uni-Class Related/Fall2024-CPI111/sprites/spr_countdown/layers/e83fba3e-83ba-4c53-87ff-b4354569cbee
[26-11-2024 01:20:30] Checking e6dc675a-dfbc-4ddf-948e-1a7ea567434a
[26-11-2024 01:20:30] Directory: D:/GitHub/Uni-Class Related/Fall2024-CPI111/sprites/spr_countdown/layers/e6dc675a-dfbc-4ddf-948e-1a7ea567434a
[26-11-2024 01:20:30] Checking e6b109a4-e3bc-40ce-bc5e-f654a8162681
[26-11-2024 01:20:30] Directory: D:/GitHub/Uni-Class Related/Fall2024-CPI111/sprites/spr_countdown/layers/e6b109a4-e3bc-40ce-bc5e-f654a8162681
[26-11-2024 01:20:30] Checking e1b9fae9-92e8-4595-a9b5-3128e335e9b0
[26-11-2024 01:20:30] Directory: D:/GitHub/Uni-Class Related/Fall2024-CPI111/sprites/spr_countdown/layers/e1b9fae9-92e8-4595-a9b5-3128e335e9b0
[26-11-2024 01:20:30] Checking db049c6e-03aa-4576-bfab-e7ff1b03cbfd
[26-11-2024 01:20:30] Directory: D:/GitHub/Uni-Class Related/Fall2024-CPI111/sprites/spr_countdown/layers/db049c6e-03aa-4576-bfab-e7ff1b03cbfd
[26-11-2024 01:20:30] Checking d4f4539b-5a49-4324-87c2-3752ebf3901c
[26-11-2024 01:20:30] Directory: D:/GitHub/Uni-Class Related/Fall2024-CPI111/sprites/spr_countdown/layers/d4f4539b-5a49-4324-87c2-3752ebf3901c
[26-11-2024 01:20:30] Checking d11ffe81-f277-4bb9-a2ed-d1cd3e404627
[26-11-2024 01:20:30] Directory: D:/GitHub/Uni-Class Related/Fall2024-CPI111/sprites/spr_countdown/layers/d11ffe81-f277-4bb9-a2ed-d1cd3e404627
[26-11-2024 01:20:30] Checking cff425cc-adfb-4f1d-a2a4-1e870b2331f8
[26-11-2024 01:20:30] Directory: D:/GitHub/Uni-Class Related/Fall2024-CPI111/sprites/spr_countdown/layers/cff425cc-adfb-4f1d-a2a4-1e870b2331f8
[26-11-2024 01:20:30] Checking bb01bc09-2e26-4fdb-954b-1b0b8d0b51ce
[26-11-2024 01:20:30] Directory: D:/GitHub/Uni-Class Related/Fall2024-CPI111/sprites/spr_countdown/layers/bb01bc09-2e26-4fdb-954b-1b0b8d0b51ce
[26-11-2024 01:20:30] Checking b2961376-b59f-4060-ba35-d5ab558ee0b5
[26-11-2024 01:20:30] Directory: D:/GitHub/Uni-Class Related/Fall2024-CPI111/sprites/spr_countdown/layers/b2961376-b59f-4060-ba35-d5ab558ee0b5
[26-11-2024 01:20:30] Checking a94fb7fa-54cf-4590-8fb6-773a6aa0aa8b
[26-11-2024 01:20:30] Directory: D:/GitHub/Uni-Class Related/Fall2024-CPI111/sprites/spr_countdown/layers/a94fb7fa-54cf-4590-8fb6-773a6aa0aa8b
[26-11-2024 01:20:30] Checking a3df1c5b-a864-44a3-8f13-08e95606a22e
[26-11-2024 01:20:30] Directory: D:/GitHub/Uni-Class Related/Fall2024-CPI111/sprites/spr_countdown/layers/a3df1c5b-a864-44a3-8f13-08e95606a22e
[26-11-2024 01:20:30] Checking a375e1e3-1892-4a62-b975-2b5c0f33246a
[26-11-2024 01:20:30] Directory: D:/GitHub/Uni-Class Related/Fall2024-CPI111/sprites/spr_countdown/layers/a375e1e3-1892-4a62-b975-2b5c0f33246a
[26-11-2024 01:20:30] Checking 8d5496dc-10fd-4ca8-a882-933be0abed93
[26-11-2024 01:20:30] Directory: D:/GitHub/Uni-Class Related/Fall2024-CPI111/sprites/spr_countdown/layers/8d5496dc-10fd-4ca8-a882-933be0abed93
[26-11-2024 01:20:30] Checking 8706a0fb-6083-45e9-a352-58f9796e71b6
[26-11-2024 01:20:30] Directory: D:/GitHub/Uni-Class Related/Fall2024-CPI111/sprites/spr_countdown/layers/8706a0fb-6083-45e9-a352-58f9796e71b6
[26-11-2024 01:20:30] Checking 6e029a0b-1abf-4d97-806d-ef4afb5ea541
[26-11-2024 01:20:30] Directory: D:/GitHub/Uni-Class Related/Fall2024-CPI111/sprites/spr_countdown/layers/6e029a0b-1abf-4d97-806d-ef4afb5ea541
[26-11-2024 01:20:30] Checking 66541a3d-391e-4634-999d-ff94d8769441
[26-11-2024 01:20:30] Directory: D:/GitHub/Uni-Class Related/Fall2024-CPI111/sprites/spr_countdown/layers/66541a3d-391e-4634-999d-ff94d8769441
[26-11-2024 01:20:30] Checking 5eb78c3b-3bde-49de-97a5-e91839c640ee
[26-11-2024 01:20:30] Directory: D:/GitHub/Uni-Class Related/Fall2024-CPI111/sprites/spr_countdown/layers/5eb78c3b-3bde-49de-97a5-e91839c640ee
[26-11-2024 01:20:30] Checking 5cae658a-5d43-4a8f-8fd8-fa8fe0a60b8c
[26-11-2024 01:20:30] Directory: D:/GitHub/Uni-Class Related/Fall2024-CPI111/sprites/spr_countdown/layers/5cae658a-5d43-4a8f-8fd8-fa8fe0a60b8c
[26-11-2024 01:20:30] Checking 5a0db6b3-52cd-4e18-ae8a-9961b646a330
[26-11-2024 01:20:30] Directory: D:/GitHub/Uni-Class Related/Fall2024-CPI111/sprites/spr_countdown/layers/5a0db6b3-52cd-4e18-ae8a-9961b646a330
[26-11-2024 01:20:30] Checking 537d985c-6c00-4233-bfc7-246be6edc448
[26-11-2024 01:20:30] Directory: D:/GitHub/Uni-Class Related/Fall2024-CPI111/sprites/spr_countdown/layers/537d985c-6c00-4233-bfc7-246be6edc448
[26-11-2024 01:20:30] Checking 4a2f2ab9-5894-4ad1-9f80-b47a9aa036a8
[26-11-2024 01:20:30] Directory: D:/GitHub/Uni-Class Related/Fall2024-CPI111/sprites/spr_countdown/layers/4a2f2ab9-5894-4ad1-9f80-b47a9aa036a8
[26-11-2024 01:20:30] Checking 49e44e39-b2e4-43c3-bc00-5d46179e0200
[26-11-2024 01:20:30] Directory: D:/GitHub/Uni-Class Related/Fall2024-CPI111/sprites/spr_countdown/layers/49e44e39-b2e4-43c3-bc00-5d46179e0200
[26-11-2024 01:20:30] Checking 48e3a7d7-2ec3-4c15-b7c9-7ca8d110e046
[26-11-2024 01:20:30] Directory: D:/GitHub/Uni-Class Related/Fall2024-CPI111/sprites/spr_countdown/layers/48e3a7d7-2ec3-4c15-b7c9-7ca8d110e046
[26-11-2024 01:20:30] Checking 47712699-abc5-40bb-b770-620fbcb7f9a4
[26-11-2024 01:20:30] Directory: D:/GitHub/Uni-Class Related/Fall2024-CPI111/sprites/spr_countdown/layers/47712699-abc5-40bb-b770-620fbcb7f9a4
[26-11-2024 01:20:30] Checking 3bb55ae5-d88b-47bf-8344-0d13727cde71
[26-11-2024 01:20:30] Directory: D:/GitHub/Uni-Class Related/Fall2024-CPI111/sprites/spr_countdown/layers/3bb55ae5-d88b-47bf-8344-0d13727cde71
[26-11-2024 01:20:30] Checking 32da1bd9-1281-42c8-b3da-e4946280ea9b
[26-11-2024 01:20:30] Directory: D:/GitHub/Uni-Class Related/Fall2024-CPI111/sprites/spr_countdown/layers/32da1bd9-1281-42c8-b3da-e4946280ea9b
[26-11-2024 01:20:30] Checking 2c7386e5-ed68-44bb-b7f5-819da10354ea
[26-11-2024 01:20:30] Directory: D:/GitHub/Uni-Class Related/Fall2024-CPI111/sprites/spr_countdown/layers/2c7386e5-ed68-44bb-b7f5-819da10354ea
[26-11-2024 01:20:30] Checking 277ef7f1-5b44-4ecf-aacd-18eed65030a9
[26-11-2024 01:20:30] Directory: D:/GitHub/Uni-Class Related/Fall2024-CPI111/sprites/spr_countdown/layers/277ef7f1-5b44-4ecf-aacd-18eed65030a9
[26-11-2024 01:20:30] Checking 1af50cf5-dc26-47cd-a922-893143b0ab88
[26-11-2024 01:20:30] Directory: D:/GitHub/Uni-Class Related/Fall2024-CPI111/sprites/spr_countdown/layers/1af50cf5-dc26-47cd-a922-893143b0ab88
[26-11-2024 01:20:30] Checking 19b7be41-2b95-40c7-97f7-7afe47a0cf2c
[26-11-2024 01:20:30] Directory: D:/GitHub/Uni-Class Related/Fall2024-CPI111/sprites/spr_countdown/layers/19b7be41-2b95-40c7-97f7-7afe47a0cf2c
[26-11-2024 01:20:30] Checking 1932c0e6-3de5-4d77-aa6a-b374054a712c
[26-11-2024 01:20:30] Directory: D:/GitHub/Uni-Class Related/Fall2024-CPI111/sprites/spr_countdown/layers/1932c0e6-3de5-4d77-aa6a-b374054a712c
[26-11-2024 01:20:30] Checking 1198d7ac-eb22-4f37-8420-3ad2d40e6e96
[26-11-2024 01:20:30] Directory: D:/GitHub/Uni-Class Related/Fall2024-CPI111/sprites/spr_countdown/layers/1198d7ac-eb22-4f37-8420-3ad2d40e6e96
[26-11-2024 01:20:30] Checking 1023b956-b0da-4e7f-9792-7fc28d40e88a
[26-11-2024 01:20:30] Directory: D:/GitHub/Uni-Class Related/Fall2024-CPI111/sprites/spr_countdown/layers/1023b956-b0da-4e7f-9792-7fc28d40e88a
[26-11-2024 01:20:30] Checking 0e3b6612-fb18-47ab-95bd-79e91f208ecd
[26-11-2024 01:20:30] Directory: D:/GitHub/Uni-Class Related/Fall2024-CPI111/sprites/spr_countdown/layers/0e3b6612-fb18-47ab-95bd-79e91f208ecd
[26-11-2024 01:20:30] Checking 0cf70c02-86e2-49ce-8e35-25d9fd3562b9
[26-11-2024 01:20:30] Directory: D:/GitHub/Uni-Class Related/Fall2024-CPI111/sprites/spr_countdown/layers/0cf70c02-86e2-49ce-8e35-25d9fd3562b9
[26-11-2024 01:20:30] Checking 04e45bc7-9420-423d-a8e1-d283d6833028
[26-11-2024 01:20:30] Directory: D:/GitHub/Uni-Class Related/Fall2024-CPI111/sprites/spr_countdown/layers/04e45bc7-9420-423d-a8e1-d283d6833028
[26-11-2024 01:20:30] Current parent directory: D:/GitHub/Uni-Class Related/Fall2024-CPI111/sprites/spr_countdown/layers/04e45bc7-9420-423d-a8e1-d283d6833028
[26-11-2024 01:20:30] Checking a2e75e78-d7da-47ff-bb4f-75c220eefe1b.png
[26-11-2024 01:20:30] Current parent directory: D:/GitHub/Uni-Class Related/Fall2024-CPI111/sprites/spr_countdown/layers/0cf70c02-86e2-49ce-8e35-25d9fd3562b9
[26-11-2024 01:20:30] Checking a2e75e78-d7da-47ff-bb4f-75c220eefe1b.png
[26-11-2024 01:20:30] Current parent directory: D:/GitHub/Uni-Class Related/Fall2024-CPI111/sprites/spr_countdown/layers/0e3b6612-fb18-47ab-95bd-79e91f208ecd
[26-11-2024 01:20:30] Checking a2e75e78-d7da-47ff-bb4f-75c220eefe1b.png
[26-11-2024 01:20:30] Current parent directory: D:/GitHub/Uni-Class Related/Fall2024-CPI111/sprites/spr_countdown/layers/1023b956-b0da-4e7f-9792-7fc28d40e88a
[26-11-2024 01:20:30] Checking a2e75e78-d7da-47ff-bb4f-75c220eefe1b.png
[26-11-2024 01:20:30] Current parent directory: D:/GitHub/Uni-Class Related/Fall2024-CPI111/sprites/spr_countdown/layers/1198d7ac-eb22-4f37-8420-3ad2d40e6e96
[26-11-2024 01:20:30] Checking a2e75e78-d7da-47ff-bb4f-75c220eefe1b.png
[26-11-2024 01:20:30] Current parent directory: D:/GitHub/Uni-Class Related/Fall2024-CPI111/sprites/spr_countdown/layers/1932c0e6-3de5-4d77-aa6a-b374054a712c
[26-11-2024 01:20:30] Checking a2e75e78-d7da-47ff-bb4f-75c220eefe1b.png
[26-11-2024 01:20:30] Current parent directory: D:/GitHub/Uni-Class Related/Fall2024-CPI111/sprites/spr_countdown/layers/19b7be41-2b95-40c7-97f7-7afe47a0cf2c
[26-11-2024 01:20:30] Checking a2e75e78-d7da-47ff-bb4f-75c220eefe1b.png
[26-11-2024 01:20:30] Current parent directory: D:/GitHub/Uni-Class Related/Fall2024-CPI111/sprites/spr_countdown/layers/1af50cf5-dc26-47cd-a922-893143b0ab88
[26-11-2024 01:20:30] Checking a2e75e78-d7da-47ff-bb4f-75c220eefe1b.png
[26-11-2024 01:20:30] Current parent directory: D:/GitHub/Uni-Class Related/Fall2024-CPI111/sprites/spr_countdown/layers/277ef7f1-5b44-4ecf-aacd-18eed65030a9
[26-11-2024 01:20:30] Checking a2e75e78-d7da-47ff-bb4f-75c220eefe1b.png
[26-11-2024 01:20:30] Current parent directory: D:/GitHub/Uni-Class Related/Fall2024-CPI111/sprites/spr_countdown/layers/2c7386e5-ed68-44bb-b7f5-819da10354ea
[26-11-2024 01:20:30] Checking a2e75e78-d7da-47ff-bb4f-75c220eefe1b.png
[26-11-2024 01:20:30] Current parent directory: D:/GitHub/Uni-Class Related/Fall2024-CPI111/sprites/spr_countdown/layers/32da1bd9-1281-42c8-b3da-e4946280ea9b
[26-11-2024 01:20:30] Checking a2e75e78-d7da-47ff-bb4f-75c220eefe1b.png
[26-11-2024 01:20:30] Current parent directory: D:/GitHub/Uni-Class Related/Fall2024-CPI111/sprites/spr_countdown/layers/3bb55ae5-d88b-47bf-8344-0d13727cde71
[26-11-2024 01:20:30] Checking a2e75e78-d7da-47ff-bb4f-75c220eefe1b.png
[26-11-2024 01:20:30] Current parent directory: D:/GitHub/Uni-Class Related/Fall2024-CPI111/sprites/spr_countdown/layers/47712699-abc5-40bb-b770-620fbcb7f9a4
[26-11-2024 01:20:30] Checking a2e75e78-d7da-47ff-bb4f-75c220eefe1b.png
[26-11-2024 01:20:30] Current parent directory: D:/GitHub/Uni-Class Related/Fall2024-CPI111/sprites/spr_countdown/layers/48e3a7d7-2ec3-4c15-b7c9-7ca8d110e046
[26-11-2024 01:20:30] Checking a2e75e78-d7da-47ff-bb4f-75c220eefe1b.png
[26-11-2024 01:20:30] Current parent directory: D:/GitHub/Uni-Class Related/Fall2024-CPI111/sprites/spr_countdown/layers/49e44e39-b2e4-43c3-bc00-5d46179e0200
[26-11-2024 01:20:30] Checking a2e75e78-d7da-47ff-bb4f-75c220eefe1b.png
[26-11-2024 01:20:30] Current parent directory: D:/GitHub/Uni-Class Related/Fall2024-CPI111/sprites/spr_countdown/layers/4a2f2ab9-5894-4ad1-9f80-b47a9aa036a8
[26-11-2024 01:20:30] Checking a2e75e78-d7da-47ff-bb4f-75c220eefe1b.png
[26-11-2024 01:20:30] Current parent directory: D:/GitHub/Uni-Class Related/Fall2024-CPI111/sprites/spr_countdown/layers/537d985c-6c00-4233-bfc7-246be6edc448
[26-11-2024 01:20:30] Checking a2e75e78-d7da-47ff-bb4f-75c220eefe1b.png
[26-11-2024 01:20:30] Current parent directory: D:/GitHub/Uni-Class Related/Fall2024-CPI111/sprites/spr_countdown/layers/5a0db6b3-52cd-4e18-ae8a-9961b646a330
[26-11-2024 01:20:30] Checking a2e75e78-d7da-47ff-bb4f-75c220eefe1b.png
[26-11-2024 01:20:30] Current parent directory: D:/GitHub/Uni-Class Related/Fall2024-CPI111/sprites/spr_countdown/layers/5cae658a-5d43-4a8f-8fd8-fa8fe0a60b8c
[26-11-2024 01:20:30] Checking a2e75e78-d7da-47ff-bb4f-75c220eefe1b.png
[26-11-2024 01:20:30] Current parent directory: D:/GitHub/Uni-Class Related/Fall2024-CPI111/sprites/spr_countdown/layers/5eb78c3b-3bde-49de-97a5-e91839c640ee
[26-11-2024 01:20:30] Checking a2e75e78-d7da-47ff-bb4f-75c220eefe1b.png
[26-11-2024 01:20:30] Current parent directory: D:/GitHub/Uni-Class Related/Fall2024-CPI111/sprites/spr_countdown/layers/66541a3d-391e-4634-999d-ff94d8769441
[26-11-2024 01:20:30] Checking a2e75e78-d7da-47ff-bb4f-75c220eefe1b.png
[26-11-2024 01:20:30] Current parent directory: D:/GitHub/Uni-Class Related/Fall2024-CPI111/sprites/spr_countdown/layers/6e029a0b-1abf-4d97-806d-ef4afb5ea541
[26-11-2024 01:20:30] Checking a2e75e78-d7da-47ff-bb4f-75c220eefe1b.png
[26-11-2024 01:20:30] Current parent directory: D:/GitHub/Uni-Class Related/Fall2024-CPI111/sprites/spr_countdown/layers/8706a0fb-6083-45e9-a352-58f9796e71b6
[26-11-2024 01:20:30] Checking a2e75e78-d7da-47ff-bb4f-75c220eefe1b.png
[26-11-2024 01:20:30] Current parent directory: D:/GitHub/Uni-Class Related/Fall2024-CPI111/sprites/spr_countdown/layers/8d5496dc-10fd-4ca8-a882-933be0abed93
[26-11-2024 01:20:30] Checking a2e75e78-d7da-47ff-bb4f-75c220eefe1b.png
[26-11-2024 01:20:30] Current parent directory: D:/GitHub/Uni-Class Related/Fall2024-CPI111/sprites/spr_countdown/layers/a375e1e3-1892-4a62-b975-2b5c0f33246a
[26-11-2024 01:20:30] Checking a2e75e78-d7da-47ff-bb4f-75c220eefe1b.png
[26-11-2024 01:20:30] Current parent directory: D:/GitHub/Uni-Class Related/Fall2024-CPI111/sprites/spr_countdown/layers/a3df1c5b-a864-44a3-8f13-08e95606a22e
[26-11-2024 01:20:30] Checking a2e75e78-d7da-47ff-bb4f-75c220eefe1b.png
[26-11-2024 01:20:30] Current parent directory: D:/GitHub/Uni-Class Related/Fall2024-CPI111/sprites/spr_countdown/layers/a94fb7fa-54cf-4590-8fb6-773a6aa0aa8b
[26-11-2024 01:20:30] Checking a2e75e78-d7da-47ff-bb4f-75c220eefe1b.png
[26-11-2024 01:20:30] Current parent directory: D:/GitHub/Uni-Class Related/Fall2024-CPI111/sprites/spr_countdown/layers/b2961376-b59f-4060-ba35-d5ab558ee0b5
[26-11-2024 01:20:30] Checking a2e75e78-d7da-47ff-bb4f-75c220eefe1b.png
[26-11-2024 01:20:30] Current parent directory: D:/GitHub/Uni-Class Related/Fall2024-CPI111/sprites/spr_countdown/layers/bb01bc09-2e26-4fdb-954b-1b0b8d0b51ce
[26-11-2024 01:20:30] Checking a2e75e78-d7da-47ff-bb4f-75c220eefe1b.png
[26-11-2024 01:20:30] Current parent directory: D:/GitHub/Uni-Class Related/Fall2024-CPI111/sprites/spr_countdown/layers/cff425cc-adfb-4f1d-a2a4-1e870b2331f8
[26-11-2024 01:20:30] Checking a2e75e78-d7da-47ff-bb4f-75c220eefe1b.png
[26-11-2024 01:20:30] Current parent directory: D:/GitHub/Uni-Class Related/Fall2024-CPI111/sprites/spr_countdown/layers/d11ffe81-f277-4bb9-a2ed-d1cd3e404627
[26-11-2024 01:20:30] Checking a2e75e78-d7da-47ff-bb4f-75c220eefe1b.png
[26-11-2024 01:20:30] Current parent directory: D:/GitHub/Uni-Class Related/Fall2024-CPI111/sprites/spr_countdown/layers/d4f4539b-5a49-4324-87c2-3752ebf3901c
[26-11-2024 01:20:30] Checking a2e75e78-d7da-47ff-bb4f-75c220eefe1b.png
[26-11-2024 01:20:30] Current parent directory: D:/GitHub/Uni-Class Related/Fall2024-CPI111/sprites/spr_countdown/layers/db049c6e-03aa-4576-bfab-e7ff1b03cbfd
[26-11-2024 01:20:30] Checking a2e75e78-d7da-47ff-bb4f-75c220eefe1b.png
[26-11-2024 01:20:30] Current parent directory: D:/GitHub/Uni-Class Related/Fall2024-CPI111/sprites/spr_countdown/layers/e1b9fae9-92e8-4595-a9b5-3128e335e9b0
[26-11-2024 01:20:30] Checking a2e75e78-d7da-47ff-bb4f-75c220eefe1b.png
[26-11-2024 01:20:30] Current parent directory: D:/GitHub/Uni-Class Related/Fall2024-CPI111/sprites/spr_countdown/layers/e6b109a4-e3bc-40ce-bc5e-f654a8162681
[26-11-2024 01:20:30] Checking a2e75e78-d7da-47ff-bb4f-75c220eefe1b.png
[26-11-2024 01:20:30] Current parent directory: D:/GitHub/Uni-Class Related/Fall2024-CPI111/sprites/spr_countdown/layers/e6dc675a-dfbc-4ddf-948e-1a7ea567434a
[26-11-2024 01:20:30] Checking a2e75e78-d7da-47ff-bb4f-75c220eefe1b.png
[26-11-2024 01:20:30] Current parent directory: D:/GitHub/Uni-Class Related/Fall2024-CPI111/sprites/spr_countdown/layers/e83fba3e-83ba-4c53-87ff-b4354569cbee
[26-11-2024 01:20:30] Checking a2e75e78-d7da-47ff-bb4f-75c220eefe1b.png
[26-11-2024 01:20:30] Current parent directory: D:/GitHub/Uni-Class Related/Fall2024-CPI111/sprites/spr_countdown/layers/eeff3ac8-047d-4b85-b7da-9d542b43739f
[26-11-2024 01:20:30] Checking a2e75e78-d7da-47ff-bb4f-75c220eefe1b.png
[26-11-2024 01:20:30] Current parent directory: D:/GitHub/Uni-Class Related/Fall2024-CPI111/sprites/spr_countdown/layers/f8028594-19d8-4c0f-b8fd-cb2a155bb05e
[26-11-2024 01:20:30] Checking a2e75e78-d7da-47ff-bb4f-75c220eefe1b.png
[26-11-2024 01:20:30] Current parent directory: D:/GitHub/Uni-Class Related/Fall2024-CPI111/sprites/spr_countdown/layers/f9763cfb-9e96-4116-ac98-d0cff61b67ab
[26-11-2024 01:20:30] Checking a2e75e78-d7da-47ff-bb4f-75c220eefe1b.png
[26-11-2024 01:20:30] Current parent directory: D:/GitHub/Uni-Class Related/Fall2024-CPI111/sprites/spr_crowd
[26-11-2024 01:20:30] Checking spr_crowd.yy
[26-11-2024 01:20:30] Parsing D:/GitHub/Uni-Class Related/Fall2024-CPI111/sprites/spr_crowd/spr_crowd.yy
[26-11-2024 01:20:30] Reading D:/GitHub/Uni-Class Related/Fall2024-CPI111/sprites/spr_crowd/spr_crowd.yy
[26-11-2024 01:20:30] Par: "folders/Sprites/Characters" at dir: "D:/GitHub/Uni-Class Related/Fall2024-CPI111/sprites/spr_crowd/spr_crowd.yy"
[26-11-2024 01:20:30] Found Sprite: spr_crowd
[26-11-2024 01:20:30] Checking layers
[26-11-2024 01:20:30] Directory: D:/GitHub/Uni-Class Related/Fall2024-CPI111/sprites/spr_crowd/layers
[26-11-2024 01:20:30] Checking fc4a2a7d-bfcd-467e-be55-162d82a122d3.png
[26-11-2024 01:20:30] Checking f955264b-3ef6-4a5f-ae93-92013d3a3a81.png
[26-11-2024 01:20:30] Checking ef6c80f8-e1ff-4fc8-b69d-b05b704c0e5e.png
[26-11-2024 01:20:30] Checking eeec771d-0ca4-4b7e-9e39-15b10cbb8ee4.png
[26-11-2024 01:20:30] Checking ee091a82-bec0-45c2-95f1-47ad6d8468ad.png
[26-11-2024 01:20:30] Checking e4a330c6-da5b-40a6-bb02-f82bc56f7d19.png
[26-11-2024 01:20:30] Checking e0ab355f-48f3-437b-9b33-3a2b9a57b440.png
[26-11-2024 01:20:30] Checking dd5bf69c-0bfd-4c96-8ae7-4335ac0e1e01.png
[26-11-2024 01:20:30] Checking d9e086fa-08ff-4da5-9b86-89f3b974f4ad.png
[26-11-2024 01:20:30] Checking d52eabc9-9c35-4df4-99d8-95560a8474b0.png
[26-11-2024 01:20:30] Checking c5252e32-d529-43e5-a869-71ac9b51d585.png
[26-11-2024 01:20:30] Checking c3d2a21f-a3cb-410e-86a7-264e40f6705b.png
[26-11-2024 01:20:30] Checking bc2829f6-a0e8-4bc2-b033-bf56ca299463.png
[26-11-2024 01:20:30] Checking b72b745b-3354-4410-a1b0-791680067726.png
[26-11-2024 01:20:30] Checking b43d0de2-0116-488e-bc90-32716ffe9a25.png
[26-11-2024 01:20:30] Checking b2d29eb7-a0a2-4e30-82dc-e296c342134c.png
[26-11-2024 01:20:30] Checking adb47002-d0e6-4bf1-8e37-a9e07ce21f18.png
[26-11-2024 01:20:30] Checking 9d9c44c8-573d-435d-9175-664538f41c9f.png
[26-11-2024 01:20:30] Checking 9aa5afcb-7082-4497-8bc6-215507a906c6.png
[26-11-2024 01:20:30] Checking 96b77c38-2d25-4f70-819a-f8132e1565ed.png
[26-11-2024 01:20:30] Checking 8b5a92e0-41e1-431b-82ce-e285377203c1.png
[26-11-2024 01:20:30] Checking 8ab66b4a-a3d8-42dc-b18a-42739e674790.png
[26-11-2024 01:20:30] Checking 840e67b8-3b6a-443c-b6de-e70d7a43d150.png
[26-11-2024 01:20:30] Checking 7888232e-faa6-47ca-be30-f64e2eb5af9c.png
[26-11-2024 01:20:30] Checking 758a3ae4-e4ca-435d-bc16-0b340544fb25.png
[26-11-2024 01:20:30] Checking 6914d664-0bde-4d3c-a43a-106a0efe565f.png
[26-11-2024 01:20:30] Checking 6035a8e4-9cfc-46b8-9d40-58dd6aab7fc0.png
[26-11-2024 01:20:30] Checking 5b8b9aad-15ab-49b1-a699-0fe5c6a71235.png
[26-11-2024 01:20:30] Checking 5a0c2c40-b9dc-4df9-be34-f4e09aecc347.png
[26-11-2024 01:20:30] Checking 574586a3-90f5-4f84-83ac-9a9fc0510c0d.png
[26-11-2024 01:20:30] Checking 53cd6932-c293-4f23-bb7a-0ef20ef1a1d5.png
[26-11-2024 01:20:30] Checking 536113d5-e96a-4195-bd7b-2c8716db5729.png
[26-11-2024 01:20:30] Checking 3c8bfd61-084a-46b6-9a7b-f639c836832a.png
[26-11-2024 01:20:30] Checking 36afe115-cc3f-4b2a-afc2-0ba9d0a0254c.png
[26-11-2024 01:20:30] Checking 2f2d5fb3-3313-421b-921b-6d1a7a9ad414.png
[26-11-2024 01:20:30] Checking 27efcc7b-c58a-40f9-bdb1-8ea08ddee7e0.png
[26-11-2024 01:20:30] Checking 2743c8c4-b7a5-44dd-9fbe-fb71ade4ecad.png
[26-11-2024 01:20:30] Checking 22a8bc48-1a21-430a-be34-c0e0d4889f6b.png
[26-11-2024 01:20:30] Checking 226d5066-cbeb-4ae7-a8ac-d8e64bb85398.png
[26-11-2024 01:20:30] Checking 1f612a3b-82de-4fc6-a776-9d4bc0fd722d.png
[26-11-2024 01:20:30] Checking 1d74fddb-b5c2-4efa-ba38-73e5d53f69a9.png
[26-11-2024 01:20:30] Checking 18f7fad5-5ad1-4ac8-a2aa-53b907c9ce2e.png
[26-11-2024 01:20:30] Checking 16c09262-1c48-4394-84c6-d9ec119d066a.png
[26-11-2024 01:20:30] Checking 128882bb-648f-46cf-84d4-ec36f3bd0b1b.png
[26-11-2024 01:20:30] Checking 0a40618e-e486-4376-a942-95e5127af00e.png
[26-11-2024 01:20:30] Checking 0962ee54-8880-4699-a474-e357e7650be0.png
[26-11-2024 01:20:30] Checking 063f7b6c-c4c0-4325-bb98-13c9779af066.png
[26-11-2024 01:20:30] Current parent directory: D:/GitHub/Uni-Class Related/Fall2024-CPI111/sprites/spr_crowd/layers
[26-11-2024 01:20:30] Checking fc4a2a7d-bfcd-467e-be55-162d82a122d3
[26-11-2024 01:20:30] Directory: D:/GitHub/Uni-Class Related/Fall2024-CPI111/sprites/spr_crowd/layers/fc4a2a7d-bfcd-467e-be55-162d82a122d3
[26-11-2024 01:20:30] Checking f955264b-3ef6-4a5f-ae93-92013d3a3a81
[26-11-2024 01:20:30] Directory: D:/GitHub/Uni-Class Related/Fall2024-CPI111/sprites/spr_crowd/layers/f955264b-3ef6-4a5f-ae93-92013d3a3a81
[26-11-2024 01:20:30] Checking ef6c80f8-e1ff-4fc8-b69d-b05b704c0e5e
[26-11-2024 01:20:30] Directory: D:/GitHub/Uni-Class Related/Fall2024-CPI111/sprites/spr_crowd/layers/ef6c80f8-e1ff-4fc8-b69d-b05b704c0e5e
[26-11-2024 01:20:30] Checking eeec771d-0ca4-4b7e-9e39-15b10cbb8ee4
[26-11-2024 01:20:30] Directory: D:/GitHub/Uni-Class Related/Fall2024-CPI111/sprites/spr_crowd/layers/eeec771d-0ca4-4b7e-9e39-15b10cbb8ee4
[26-11-2024 01:20:30] Checking ee091a82-bec0-45c2-95f1-47ad6d8468ad
[26-11-2024 01:20:30] Directory: D:/GitHub/Uni-Class Related/Fall2024-CPI111/sprites/spr_crowd/layers/ee091a82-bec0-45c2-95f1-47ad6d8468ad
[26-11-2024 01:20:30] Checking e4a330c6-da5b-40a6-bb02-f82bc56f7d19
[26-11-2024 01:20:30] Directory: D:/GitHub/Uni-Class Related/Fall2024-CPI111/sprites/spr_crowd/layers/e4a330c6-da5b-40a6-bb02-f82bc56f7d19
[26-11-2024 01:20:30] Checking e0ab355f-48f3-437b-9b33-3a2b9a57b440
[26-11-2024 01:20:30] Directory: D:/GitHub/Uni-Class Related/Fall2024-CPI111/sprites/spr_crowd/layers/e0ab355f-48f3-437b-9b33-3a2b9a57b440
[26-11-2024 01:20:30] Checking dd5bf69c-0bfd-4c96-8ae7-4335ac0e1e01
[26-11-2024 01:20:30] Directory: D:/GitHub/Uni-Class Related/Fall2024-CPI111/sprites/spr_crowd/layers/dd5bf69c-0bfd-4c96-8ae7-4335ac0e1e01
[26-11-2024 01:20:30] Checking d9e086fa-08ff-4da5-9b86-89f3b974f4ad
[26-11-2024 01:20:30] Directory: D:/GitHub/Uni-Class Related/Fall2024-CPI111/sprites/spr_crowd/layers/d9e086fa-08ff-4da5-9b86-89f3b974f4ad
[26-11-2024 01:20:30] Checking d52eabc9-9c35-4df4-99d8-95560a8474b0
[26-11-2024 01:20:30] Directory: D:/GitHub/Uni-Class Related/Fall2024-CPI111/sprites/spr_crowd/layers/d52eabc9-9c35-4df4-99d8-95560a8474b0
[26-11-2024 01:20:30] Checking c5252e32-d529-43e5-a869-71ac9b51d585
[26-11-2024 01:20:30] Directory: D:/GitHub/Uni-Class Related/Fall2024-CPI111/sprites/spr_crowd/layers/c5252e32-d529-43e5-a869-71ac9b51d585
[26-11-2024 01:20:30] Checking c3d2a21f-a3cb-410e-86a7-264e40f6705b
[26-11-2024 01:20:30] Directory: D:/GitHub/Uni-Class Related/Fall2024-CPI111/sprites/spr_crowd/layers/c3d2a21f-a3cb-410e-86a7-264e40f6705b
[26-11-2024 01:20:30] Checking bc2829f6-a0e8-4bc2-b033-bf56ca299463
[26-11-2024 01:20:30] Directory: D:/GitHub/Uni-Class Related/Fall2024-CPI111/sprites/spr_crowd/layers/bc2829f6-a0e8-4bc2-b033-bf56ca299463
[26-11-2024 01:20:30] Checking b72b745b-3354-4410-a1b0-791680067726
[26-11-2024 01:20:30] Directory: D:/GitHub/Uni-Class Related/Fall2024-CPI111/sprites/spr_crowd/layers/b72b745b-3354-4410-a1b0-791680067726
[26-11-2024 01:20:30] Checking b43d0de2-0116-488e-bc90-32716ffe9a25
[26-11-2024 01:20:30] Directory: D:/GitHub/Uni-Class Related/Fall2024-CPI111/sprites/spr_crowd/layers/b43d0de2-0116-488e-bc90-32716ffe9a25
[26-11-2024 01:20:30] Checking b2d29eb7-a0a2-4e30-82dc-e296c342134c
[26-11-2024 01:20:30] Directory: D:/GitHub/Uni-Class Related/Fall2024-CPI111/sprites/spr_crowd/layers/b2d29eb7-a0a2-4e30-82dc-e296c342134c
[26-11-2024 01:20:30] Checking adb47002-d0e6-4bf1-8e37-a9e07ce21f18
[26-11-2024 01:20:30] Directory: D:/GitHub/Uni-Class Related/Fall2024-CPI111/sprites/spr_crowd/layers/adb47002-d0e6-4bf1-8e37-a9e07ce21f18
[26-11-2024 01:20:30] Checking 9d9c44c8-573d-435d-9175-664538f41c9f
[26-11-2024 01:20:30] Directory: D:/GitHub/Uni-Class Related/Fall2024-CPI111/sprites/spr_crowd/layers/9d9c44c8-573d-435d-9175-664538f41c9f
[26-11-2024 01:20:30] Checking 9aa5afcb-7082-4497-8bc6-215507a906c6
[26-11-2024 01:20:30] Directory: D:/GitHub/Uni-Class Related/Fall2024-CPI111/sprites/spr_crowd/layers/9aa5afcb-7082-4497-8bc6-215507a906c6
[26-11-2024 01:20:30] Checking 96b77c38-2d25-4f70-819a-f8132e1565ed
[26-11-2024 01:20:30] Directory: D:/GitHub/Uni-Class Related/Fall2024-CPI111/sprites/spr_crowd/layers/96b77c38-2d25-4f70-819a-f8132e1565ed
[26-11-2024 01:20:30] Checking 8b5a92e0-41e1-431b-82ce-e285377203c1
[26-11-2024 01:20:30] Directory: D:/GitHub/Uni-Class Related/Fall2024-CPI111/sprites/spr_crowd/layers/8b5a92e0-41e1-431b-82ce-e285377203c1
[26-11-2024 01:20:30] Checking 8ab66b4a-a3d8-42dc-b18a-42739e674790
[26-11-2024 01:20:30] Directory: D:/GitHub/Uni-Class Related/Fall2024-CPI111/sprites/spr_crowd/layers/8ab66b4a-a3d8-42dc-b18a-42739e674790
[26-11-2024 01:20:30] Checking 840e67b8-3b6a-443c-b6de-e70d7a43d150
[26-11-2024 01:20:30] Directory: D:/GitHub/Uni-Class Related/Fall2024-CPI111/sprites/spr_crowd/layers/840e67b8-3b6a-443c-b6de-e70d7a43d150
[26-11-2024 01:20:30] Checking 7888232e-faa6-47ca-be30-f64e2eb5af9c
[26-11-2024 01:20:30] Directory: D:/GitHub/Uni-Class Related/Fall2024-CPI111/sprites/spr_crowd/layers/7888232e-faa6-47ca-be30-f64e2eb5af9c
[26-11-2024 01:20:30] Checking 758a3ae4-e4ca-435d-bc16-0b340544fb25
[26-11-2024 01:20:30] Directory: D:/GitHub/Uni-Class Related/Fall2024-CPI111/sprites/spr_crowd/layers/758a3ae4-e4ca-435d-bc16-0b340544fb25
[26-11-2024 01:20:30] Checking 6914d664-0bde-4d3c-a43a-106a0efe565f
[26-11-2024 01:20:30] Directory: D:/GitHub/Uni-Class Related/Fall2024-CPI111/sprites/spr_crowd/layers/6914d664-0bde-4d3c-a43a-106a0efe565f
[26-11-2024 01:20:30] Checking 6035a8e4-9cfc-46b8-9d40-58dd6aab7fc0
[26-11-2024 01:20:30] Directory: D:/GitHub/Uni-Class Related/Fall2024-CPI111/sprites/spr_crowd/layers/6035a8e4-9cfc-46b8-9d40-58dd6aab7fc0
[26-11-2024 01:20:30] Checking 5b8b9aad-15ab-49b1-a699-0fe5c6a71235
[26-11-2024 01:20:30] Directory: D:/GitHub/Uni-Class Related/Fall2024-CPI111/sprites/spr_crowd/layers/5b8b9aad-15ab-49b1-a699-0fe5c6a71235
[26-11-2024 01:20:30] Checking 5a0c2c40-b9dc-4df9-be34-f4e09aecc347
[26-11-2024 01:20:30] Directory: D:/GitHub/Uni-Class Related/Fall2024-CPI111/sprites/spr_crowd/layers/5a0c2c40-b9dc-4df9-be34-f4e09aecc347
[26-11-2024 01:20:30] Checking 574586a3-90f5-4f84-83ac-9a9fc0510c0d
[26-11-2024 01:20:30] Directory: D:/GitHub/Uni-Class Related/Fall2024-CPI111/sprites/spr_crowd/layers/574586a3-90f5-4f84-83ac-9a9fc0510c0d
[26-11-2024 01:20:30] Checking 53cd6932-c293-4f23-bb7a-0ef20ef1a1d5
[26-11-2024 01:20:30] Directory: D:/GitHub/Uni-Class Related/Fall2024-CPI111/sprites/spr_crowd/layers/53cd6932-c293-4f23-bb7a-0ef20ef1a1d5
[26-11-2024 01:20:30] Checking 536113d5-e96a-4195-bd7b-2c8716db5729
[26-11-2024 01:20:30] Directory: D:/GitHub/Uni-Class Related/Fall2024-CPI111/sprites/spr_crowd/layers/536113d5-e96a-4195-bd7b-2c8716db5729
[26-11-2024 01:20:30] Checking 3c8bfd61-084a-46b6-9a7b-f639c836832a
[26-11-2024 01:20:30] Directory: D:/GitHub/Uni-Class Related/Fall2024-CPI111/sprites/spr_crowd/layers/3c8bfd61-084a-46b6-9a7b-f639c836832a
[26-11-2024 01:20:30] Checking 36afe115-cc3f-4b2a-afc2-0ba9d0a0254c
[26-11-2024 01:20:30] Directory: D:/GitHub/Uni-Class Related/Fall2024-CPI111/sprites/spr_crowd/layers/36afe115-cc3f-4b2a-afc2-0ba9d0a0254c
[26-11-2024 01:20:30] Checking 2f2d5fb3-3313-421b-921b-6d1a7a9ad414
[26-11-2024 01:20:30] Directory: D:/GitHub/Uni-Class Related/Fall2024-CPI111/sprites/spr_crowd/layers/2f2d5fb3-3313-421b-921b-6d1a7a9ad414
[26-11-2024 01:20:30] Checking 27efcc7b-c58a-40f9-bdb1-8ea08ddee7e0
[26-11-2024 01:20:30] Directory: D:/GitHub/Uni-Class Related/Fall2024-CPI111/sprites/spr_crowd/layers/27efcc7b-c58a-40f9-bdb1-8ea08ddee7e0
[26-11-2024 01:20:30] Checking 2743c8c4-b7a5-44dd-9fbe-fb71ade4ecad
[26-11-2024 01:20:30] Directory: D:/GitHub/Uni-Class Related/Fall2024-CPI111/sprites/spr_crowd/layers/2743c8c4-b7a5-44dd-9fbe-fb71ade4ecad
[26-11-2024 01:20:30] Checking 22a8bc48-1a21-430a-be34-c0e0d4889f6b
[26-11-2024 01:20:30] Directory: D:/GitHub/Uni-Class Related/Fall2024-CPI111/sprites/spr_crowd/layers/22a8bc48-1a21-430a-be34-c0e0d4889f6b
[26-11-2024 01:20:30] Checking 226d5066-cbeb-4ae7-a8ac-d8e64bb85398
[26-11-2024 01:20:30] Directory: D:/GitHub/Uni-Class Related/Fall2024-CPI111/sprites/spr_crowd/layers/226d5066-cbeb-4ae7-a8ac-d8e64bb85398
[26-11-2024 01:20:30] Checking 1f612a3b-82de-4fc6-a776-9d4bc0fd722d
[26-11-2024 01:20:30] Directory: D:/GitHub/Uni-Class Related/Fall2024-CPI111/sprites/spr_crowd/layers/1f612a3b-82de-4fc6-a776-9d4bc0fd722d
[26-11-2024 01:20:30] Checking 1d74fddb-b5c2-4efa-ba38-73e5d53f69a9
[26-11-2024 01:20:30] Directory: D:/GitHub/Uni-Class Related/Fall2024-CPI111/sprites/spr_crowd/layers/1d74fddb-b5c2-4efa-ba38-73e5d53f69a9
[26-11-2024 01:20:30] Checking 18f7fad5-5ad1-4ac8-a2aa-53b907c9ce2e
[26-11-2024 01:20:30] Directory: D:/GitHub/Uni-Class Related/Fall2024-CPI111/sprites/spr_crowd/layers/18f7fad5-5ad1-4ac8-a2aa-53b907c9ce2e
[26-11-2024 01:20:30] Checking 16c09262-1c48-4394-84c6-d9ec119d066a
[26-11-2024 01:20:30] Directory: D:/GitHub/Uni-Class Related/Fall2024-CPI111/sprites/spr_crowd/layers/16c09262-1c48-4394-84c6-d9ec119d066a
[26-11-2024 01:20:30] Checking 128882bb-648f-46cf-84d4-ec36f3bd0b1b
[26-11-2024 01:20:30] Directory: D:/GitHub/Uni-Class Related/Fall2024-CPI111/sprites/spr_crowd/layers/128882bb-648f-46cf-84d4-ec36f3bd0b1b
[26-11-2024 01:20:30] Checking 0a40618e-e486-4376-a942-95e5127af00e
[26-11-2024 01:20:30] Directory: D:/GitHub/Uni-Class Related/Fall2024-CPI111/sprites/spr_crowd/layers/0a40618e-e486-4376-a942-95e5127af00e
[26-11-2024 01:20:30] Checking 0962ee54-8880-4699-a474-e357e7650be0
[26-11-2024 01:20:30] Directory: D:/GitHub/Uni-Class Related/Fall2024-CPI111/sprites/spr_crowd/layers/0962ee54-8880-4699-a474-e357e7650be0
[26-11-2024 01:20:30] Checking 063f7b6c-c4c0-4325-bb98-13c9779af066
[26-11-2024 01:20:30] Directory: D:/GitHub/Uni-Class Related/Fall2024-CPI111/sprites/spr_crowd/layers/063f7b6c-c4c0-4325-bb98-13c9779af066
[26-11-2024 01:20:30] Current parent directory: D:/GitHub/Uni-Class Related/Fall2024-CPI111/sprites/spr_crowd/layers/063f7b6c-c4c0-4325-bb98-13c9779af066
[26-11-2024 01:20:30] Checking 38505ee0-2a43-4bba-8967-02a75ec6cfe3.png
[26-11-2024 01:20:30] Current parent directory: D:/GitHub/Uni-Class Related/Fall2024-CPI111/sprites/spr_crowd/layers/0962ee54-8880-4699-a474-e357e7650be0
[26-11-2024 01:20:30] Checking 38505ee0-2a43-4bba-8967-02a75ec6cfe3.png
[26-11-2024 01:20:30] Current parent directory: D:/GitHub/Uni-Class Related/Fall2024-CPI111/sprites/spr_crowd/layers/0a40618e-e486-4376-a942-95e5127af00e
[26-11-2024 01:20:30] Checking 38505ee0-2a43-4bba-8967-02a75ec6cfe3.png
[26-11-2024 01:20:30] Current parent directory: D:/GitHub/Uni-Class Related/Fall2024-CPI111/sprites/spr_crowd/layers/128882bb-648f-46cf-84d4-ec36f3bd0b1b
[26-11-2024 01:20:30] Checking 38505ee0-2a43-4bba-8967-02a75ec6cfe3.png
[26-11-2024 01:20:30] Current parent directory: D:/GitHub/Uni-Class Related/Fall2024-CPI111/sprites/spr_crowd/layers/16c09262-1c48-4394-84c6-d9ec119d066a
[26-11-2024 01:20:30] Checking 38505ee0-2a43-4bba-8967-02a75ec6cfe3.png
[26-11-2024 01:20:30] Current parent directory: D:/GitHub/Uni-Class Related/Fall2024-CPI111/sprites/spr_crowd/layers/18f7fad5-5ad1-4ac8-a2aa-53b907c9ce2e
[26-11-2024 01:20:30] Checking 38505ee0-2a43-4bba-8967-02a75ec6cfe3.png
[26-11-2024 01:20:30] Current parent directory: D:/GitHub/Uni-Class Related/Fall2024-CPI111/sprites/spr_crowd/layers/1d74fddb-b5c2-4efa-ba38-73e5d53f69a9
[26-11-2024 01:20:30] Checking 38505ee0-2a43-4bba-8967-02a75ec6cfe3.png
[26-11-2024 01:20:30] Current parent directory: D:/GitHub/Uni-Class Related/Fall2024-CPI111/sprites/spr_crowd/layers/1f612a3b-82de-4fc6-a776-9d4bc0fd722d
[26-11-2024 01:20:30] Checking 38505ee0-2a43-4bba-8967-02a75ec6cfe3.png
[26-11-2024 01:20:30] Current parent directory: D:/GitHub/Uni-Class Related/Fall2024-CPI111/sprites/spr_crowd/layers/226d5066-cbeb-4ae7-a8ac-d8e64bb85398
[26-11-2024 01:20:30] Checking 38505ee0-2a43-4bba-8967-02a75ec6cfe3.png
[26-11-2024 01:20:30] Current parent directory: D:/GitHub/Uni-Class Related/Fall2024-CPI111/sprites/spr_crowd/layers/22a8bc48-1a21-430a-be34-c0e0d4889f6b
[26-11-2024 01:20:30] Checking 38505ee0-2a43-4bba-8967-02a75ec6cfe3.png
[26-11-2024 01:20:30] Current parent directory: D:/GitHub/Uni-Class Related/Fall2024-CPI111/sprites/spr_crowd/layers/2743c8c4-b7a5-44dd-9fbe-fb71ade4ecad
[26-11-2024 01:20:30] Checking 38505ee0-2a43-4bba-8967-02a75ec6cfe3.png
[26-11-2024 01:20:30] Current parent directory: D:/GitHub/Uni-Class Related/Fall2024-CPI111/sprites/spr_crowd/layers/27efcc7b-c58a-40f9-bdb1-8ea08ddee7e0
[26-11-2024 01:20:30] Checking 38505ee0-2a43-4bba-8967-02a75ec6cfe3.png
[26-11-2024 01:20:30] Current parent directory: D:/GitHub/Uni-Class Related/Fall2024-CPI111/sprites/spr_crowd/layers/2f2d5fb3-3313-421b-921b-6d1a7a9ad414
[26-11-2024 01:20:30] Checking 38505ee0-2a43-4bba-8967-02a75ec6cfe3.png
[26-11-2024 01:20:30] Current parent directory: D:/GitHub/Uni-Class Related/Fall2024-CPI111/sprites/spr_crowd/layers/36afe115-cc3f-4b2a-afc2-0ba9d0a0254c
[26-11-2024 01:20:30] Checking 38505ee0-2a43-4bba-8967-02a75ec6cfe3.png
[26-11-2024 01:20:30] Current parent directory: D:/GitHub/Uni-Class Related/Fall2024-CPI111/sprites/spr_crowd/layers/3c8bfd61-084a-46b6-9a7b-f639c836832a
[26-11-2024 01:20:30] Checking 38505ee0-2a43-4bba-8967-02a75ec6cfe3.png
[26-11-2024 01:20:30] Current parent directory: D:/GitHub/Uni-Class Related/Fall2024-CPI111/sprites/spr_crowd/layers/536113d5-e96a-4195-bd7b-2c8716db5729
[26-11-2024 01:20:30] Checking 38505ee0-2a43-4bba-8967-02a75ec6cfe3.png
[26-11-2024 01:20:30] Current parent directory: D:/GitHub/Uni-Class Related/Fall2024-CPI111/sprites/spr_crowd/layers/53cd6932-c293-4f23-bb7a-0ef20ef1a1d5
[26-11-2024 01:20:30] Checking 38505ee0-2a43-4bba-8967-02a75ec6cfe3.png
[26-11-2024 01:20:30] Current parent directory: D:/GitHub/Uni-Class Related/Fall2024-CPI111/sprites/spr_crowd/layers/574586a3-90f5-4f84-83ac-9a9fc0510c0d
[26-11-2024 01:20:30] Checking 38505ee0-2a43-4bba-8967-02a75ec6cfe3.png
[26-11-2024 01:20:30] Current parent directory: D:/GitHub/Uni-Class Related/Fall2024-CPI111/sprites/spr_crowd/layers/5a0c2c40-b9dc-4df9-be34-f4e09aecc347
[26-11-2024 01:20:30] Checking 38505ee0-2a43-4bba-8967-02a75ec6cfe3.png
[26-11-2024 01:20:30] Current parent directory: D:/GitHub/Uni-Class Related/Fall2024-CPI111/sprites/spr_crowd/layers/5b8b9aad-15ab-49b1-a699-0fe5c6a71235
[26-11-2024 01:20:30] Checking 38505ee0-2a43-4bba-8967-02a75ec6cfe3.png
[26-11-2024 01:20:30] Current parent directory: D:/GitHub/Uni-Class Related/Fall2024-CPI111/sprites/spr_crowd/layers/6035a8e4-9cfc-46b8-9d40-58dd6aab7fc0
[26-11-2024 01:20:30] Checking 38505ee0-2a43-4bba-8967-02a75ec6cfe3.png
[26-11-2024 01:20:30] Current parent directory: D:/GitHub/Uni-Class Related/Fall2024-CPI111/sprites/spr_crowd/layers/6914d664-0bde-4d3c-a43a-106a0efe565f
[26-11-2024 01:20:30] Checking 38505ee0-2a43-4bba-8967-02a75ec6cfe3.png
[26-11-2024 01:20:30] Current parent directory: D:/GitHub/Uni-Class Related/Fall2024-CPI111/sprites/spr_crowd/layers/758a3ae4-e4ca-435d-bc16-0b340544fb25
[26-11-2024 01:20:30] Checking 38505ee0-2a43-4bba-8967-02a75ec6cfe3.png
[26-11-2024 01:20:30] Current parent directory: D:/GitHub/Uni-Class Related/Fall2024-CPI111/sprites/spr_crowd/layers/7888232e-faa6-47ca-be30-f64e2eb5af9c
[26-11-2024 01:20:30] Checking 38505ee0-2a43-4bba-8967-02a75ec6cfe3.png
[26-11-2024 01:20:30] Current parent directory: D:/GitHub/Uni-Class Related/Fall2024-CPI111/sprites/spr_crowd/layers/840e67b8-3b6a-443c-b6de-e70d7a43d150
[26-11-2024 01:20:30] Checking 38505ee0-2a43-4bba-8967-02a75ec6cfe3.png
[26-11-2024 01:20:30] Current parent directory: D:/GitHub/Uni-Class Related/Fall2024-CPI111/sprites/spr_crowd/layers/8ab66b4a-a3d8-42dc-b18a-42739e674790
[26-11-2024 01:20:30] Checking 38505ee0-2a43-4bba-8967-02a75ec6cfe3.png
[26-11-2024 01:20:30] Current parent directory: D:/GitHub/Uni-Class Related/Fall2024-CPI111/sprites/spr_crowd/layers/8b5a92e0-41e1-431b-82ce-e285377203c1
[26-11-2024 01:20:30] Checking 38505ee0-2a43-4bba-8967-02a75ec6cfe3.png
[26-11-2024 01:20:30] Current parent directory: D:/GitHub/Uni-Class Related/Fall2024-CPI111/sprites/spr_crowd/layers/96b77c38-2d25-4f70-819a-f8132e1565ed
[26-11-2024 01:20:30] Checking 38505ee0-2a43-4bba-8967-02a75ec6cfe3.png
[26-11-2024 01:20:30] Current parent directory: D:/GitHub/Uni-Class Related/Fall2024-CPI111/sprites/spr_crowd/layers/9aa5afcb-7082-4497-8bc6-215507a906c6
[26-11-2024 01:20:30] Checking 38505ee0-2a43-4bba-8967-02a75ec6cfe3.png
[26-11-2024 01:20:30] Current parent directory: D:/GitHub/Uni-Class Related/Fall2024-CPI111/sprites/spr_crowd/layers/9d9c44c8-573d-435d-9175-664538f41c9f
[26-11-2024 01:20:30] Checking 38505ee0-2a43-4bba-8967-02a75ec6cfe3.png
[26-11-2024 01:20:30] Current parent directory: D:/GitHub/Uni-Class Related/Fall2024-CPI111/sprites/spr_crowd/layers/adb47002-d0e6-4bf1-8e37-a9e07ce21f18
[26-11-2024 01:20:30] Checking 38505ee0-2a43-4bba-8967-02a75ec6cfe3.png
[26-11-2024 01:20:30] Current parent directory: D:/GitHub/Uni-Class Related/Fall2024-CPI111/sprites/spr_crowd/layers/b2d29eb7-a0a2-4e30-82dc-e296c342134c
[26-11-2024 01:20:30] Checking 38505ee0-2a43-4bba-8967-02a75ec6cfe3.png
[26-11-2024 01:20:30] Current parent directory: D:/GitHub/Uni-Class Related/Fall2024-CPI111/sprites/spr_crowd/layers/b43d0de2-0116-488e-bc90-32716ffe9a25
[26-11-2024 01:20:30] Checking 38505ee0-2a43-4bba-8967-02a75ec6cfe3.png
[26-11-2024 01:20:30] Current parent directory: D:/GitHub/Uni-Class Related/Fall2024-CPI111/sprites/spr_crowd/layers/b72b745b-3354-4410-a1b0-791680067726
[26-11-2024 01:20:30] Checking 38505ee0-2a43-4bba-8967-02a75ec6cfe3.png
[26-11-2024 01:20:30] Current parent directory: D:/GitHub/Uni-Class Related/Fall2024-CPI111/sprites/spr_crowd/layers/bc2829f6-a0e8-4bc2-b033-bf56ca299463
[26-11-2024 01:20:30] Checking 38505ee0-2a43-4bba-8967-02a75ec6cfe3.png
[26-11-2024 01:20:30] Current parent directory: D:/GitHub/Uni-Class Related/Fall2024-CPI111/sprites/spr_crowd/layers/c3d2a21f-a3cb-410e-86a7-264e40f6705b
[26-11-2024 01:20:30] Checking 38505ee0-2a43-4bba-8967-02a75ec6cfe3.png
[26-11-2024 01:20:30] Current parent directory: D:/GitHub/Uni-Class Related/Fall2024-CPI111/sprites/spr_crowd/layers/c5252e32-d529-43e5-a869-71ac9b51d585
[26-11-2024 01:20:30] Checking 38505ee0-2a43-4bba-8967-02a75ec6cfe3.png
[26-11-2024 01:20:30] Current parent directory: D:/GitHub/Uni-Class Related/Fall2024-CPI111/sprites/spr_crowd/layers/d52eabc9-9c35-4df4-99d8-95560a8474b0
[26-11-2024 01:20:30] Checking 38505ee0-2a43-4bba-8967-02a75ec6cfe3.png
[26-11-2024 01:20:30] Current parent directory: D:/GitHub/Uni-Class Related/Fall2024-CPI111/sprites/spr_crowd/layers/d9e086fa-08ff-4da5-9b86-89f3b974f4ad
[26-11-2024 01:20:30] Checking 38505ee0-2a43-4bba-8967-02a75ec6cfe3.png
[26-11-2024 01:20:30] Current parent directory: D:/GitHub/Uni-Class Related/Fall2024-CPI111/sprites/spr_crowd/layers/dd5bf69c-0bfd-4c96-8ae7-4335ac0e1e01
[26-11-2024 01:20:30] Checking 38505ee0-2a43-4bba-8967-02a75ec6cfe3.png
[26-11-2024 01:20:30] Current parent directory: D:/GitHub/Uni-Class Related/Fall2024-CPI111/sprites/spr_crowd/layers/e0ab355f-48f3-437b-9b33-3a2b9a57b440
[26-11-2024 01:20:30] Checking 38505ee0-2a43-4bba-8967-02a75ec6cfe3.png
[26-11-2024 01:20:30] Current parent directory: D:/GitHub/Uni-Class Related/Fall2024-CPI111/sprites/spr_crowd/layers/e4a330c6-da5b-40a6-bb02-f82bc56f7d19
[26-11-2024 01:20:30] Checking 38505ee0-2a43-4bba-8967-02a75ec6cfe3.png
[26-11-2024 01:20:30] Current parent directory: D:/GitHub/Uni-Class Related/Fall2024-CPI111/sprites/spr_crowd/layers/ee091a82-bec0-45c2-95f1-47ad6d8468ad
[26-11-2024 01:20:30] Checking 38505ee0-2a43-4bba-8967-02a75ec6cfe3.png
[26-11-2024 01:20:30] Current parent directory: D:/GitHub/Uni-Class Related/Fall2024-CPI111/sprites/spr_crowd/layers/eeec771d-0ca4-4b7e-9e39-15b10cbb8ee4
[26-11-2024 01:20:30] Checking 38505ee0-2a43-4bba-8967-02a75ec6cfe3.png
[26-11-2024 01:20:30] Current parent directory: D:/GitHub/Uni-Class Related/Fall2024-CPI111/sprites/spr_crowd/layers/ef6c80f8-e1ff-4fc8-b69d-b05b704c0e5e
[26-11-2024 01:20:30] Checking 38505ee0-2a43-4bba-8967-02a75ec6cfe3.png
[26-11-2024 01:20:30] Current parent directory: D:/GitHub/Uni-Class Related/Fall2024-CPI111/sprites/spr_crowd/layers/f955264b-3ef6-4a5f-ae93-92013d3a3a81
[26-11-2024 01:20:30] Checking 38505ee0-2a43-4bba-8967-02a75ec6cfe3.png
[26-11-2024 01:20:30] Current parent directory: D:/GitHub/Uni-Class Related/Fall2024-CPI111/sprites/spr_crowd/layers/fc4a2a7d-bfcd-467e-be55-162d82a122d3
[26-11-2024 01:20:30] Checking 38505ee0-2a43-4bba-8967-02a75ec6cfe3.png
[26-11-2024 01:20:30] Current parent directory: D:/GitHub/Uni-Class Related/Fall2024-CPI111/sprites/spr_curtains
[26-11-2024 01:20:30] Checking spr_curtains.yy
[26-11-2024 01:20:30] Parsing D:/GitHub/Uni-Class Related/Fall2024-CPI111/sprites/spr_curtains/spr_curtains.yy
[26-11-2024 01:20:30] Reading D:/GitHub/Uni-Class Related/Fall2024-CPI111/sprites/spr_curtains/spr_curtains.yy
[26-11-2024 01:20:30] Par: "folders/Sprites/Backgrounds/Curtains" at dir: "D:/GitHub/Uni-Class Related/Fall2024-CPI111/sprites/spr_curtains/spr_curtains.yy"
[26-11-2024 01:20:30] Found Sprite: spr_curtains
[26-11-2024 01:20:30] Checking layers
[26-11-2024 01:20:30] Directory: D:/GitHub/Uni-Class Related/Fall2024-CPI111/sprites/spr_curtains/layers
[26-11-2024 01:20:30] Checking ffcef940-aa86-47c6-a090-c64e7418abc3.png
[26-11-2024 01:20:30] Checking fbc22600-8bec-4634-8920-413c6f7a70a8.png
[26-11-2024 01:20:30] Checking fa930f53-b1f9-4e18-aa31-2defc9a5672a.png
[26-11-2024 01:20:30] Checking fa7715de-4027-415f-be12-18041615eeef.png
[26-11-2024 01:20:30] Checking f8fa863c-62b2-4976-96f4-c552de8896e2.png
[26-11-2024 01:20:30] Checking f3172552-cc29-45c4-8cd9-b0df26e81d58.png
[26-11-2024 01:20:30] Checking f28f5952-6a71-47d1-831a-9d417b77eb80.png
[26-11-2024 01:20:30] Checking ed421851-9857-4f2a-acc8-bee05bf4cc72.png
[26-11-2024 01:20:30] Checking eb682f39-7b7d-4c33-b3ae-248f134245da.png
[26-11-2024 01:20:30] Checking e938a7b9-4eda-4eda-adc8-5018704a8210.png
[26-11-2024 01:20:30] Checking e70996ec-4736-4492-86cd-7044a1aec7fb.png
[26-11-2024 01:20:30] Checking e06abb04-d2b5-4bb8-94d6-8295e51c568e.png
[26-11-2024 01:20:30] Checking decda737-e25e-4ecc-9acf-ca33baa1819f.png
[26-11-2024 01:20:30] Checking da004ca7-21ef-4c95-ac9d-1340721a0f5e.png
[26-11-2024 01:20:30] Checking d9505144-9f15-4241-9c6d-51205e5f3939.png
[26-11-2024 01:20:30] Checking d224b54b-ff39-4d5c-9d24-5fa1772953e7.png
[26-11-2024 01:20:30] Checking d157c6e7-1801-4f17-8eaf-3154c06147a1.png
[26-11-2024 01:20:30] Checking d0b8dd02-f500-4934-a284-6f3d6436e7d9.png
[26-11-2024 01:20:30] Checking cf9c5481-daac-445e-b1cb-6920edb43d9b.png
[26-11-2024 01:20:30] Checking ce4e5b68-1ea9-4fac-845c-d04cbdcd6b94.png
[26-11-2024 01:20:30] Checking cda465b0-97b2-4d5b-b921-e02bb0ffa3c4.png
[26-11-2024 01:20:30] Checking cd84576e-e3a6-4ac3-9359-548af3a8441b.png
[26-11-2024 01:20:30] Checking cd2653ce-390d-41cc-b338-77f53bc3f4b6.png
[26-11-2024 01:20:30] Checking cd2068ef-316c-4762-a575-43f8ffc6fbee.png
[26-11-2024 01:20:30] Checking cad7c4f7-bc0d-423e-b648-167b96f5176a.png
[26-11-2024 01:20:30] Checking ca370b24-ed2d-45d6-97ee-66f43220a488.png
[26-11-2024 01:20:30] Checking c965fe5c-d28e-4327-a53b-21fd484e1805.png
[26-11-2024 01:20:30] Checking c8d0fb42-50e2-4f34-9c2f-f7d6dac83629.png
[26-11-2024 01:20:30] Checking c873f122-5510-4f73-b966-f64d134a2db0.png
[26-11-2024 01:20:30] Checking bfa8aeff-e769-4f09-bc01-9440fa7366dd.png
[26-11-2024 01:20:30] Checking bee411b3-1028-4890-8cdf-78b131807a3f.png
[26-11-2024 01:20:30] Checking bcd9b86a-8d3b-4fd2-a8a5-d215b5e79d7a.png
[26-11-2024 01:20:30] Checking bb3dbc8f-bc10-4d50-abf3-01a301308755.png
[26-11-2024 01:20:30] Checking ba4bcb90-0bf8-41c1-aa49-7cf40fe9be99.png
[26-11-2024 01:20:30] Checking b97115d5-f377-4c3e-aefe-cf6de9281469.png
[26-11-2024 01:20:30] Checking b7c06847-165f-4980-bad4-27e1910105f2.png
[26-11-2024 01:20:30] Checking b731d7c5-2951-4a44-bbc2-e694b034f082.png
[26-11-2024 01:20:30] Checking b635c9dd-cfe1-4bf3-9e57-9e679c3b5337.png
[26-11-2024 01:20:30] Checking b407b1db-7271-477a-bfa5-a51cf3bcb5f1.png
[26-11-2024 01:20:30] Checking b20a3a6f-d322-4e71-871d-11020952bbb4.png
[26-11-2024 01:20:30] Checking ad7a007b-9c67-4e35-8ce9-e82e4e4e64a3.png
[26-11-2024 01:20:30] Checking ab213bf2-a615-4ad7-a33f-3b490e14f8e9.png
[26-11-2024 01:20:30] Checking aac93c21-010e-4045-999b-809fd6893df8.png
[26-11-2024 01:20:30] Checking a7404dd8-7908-4719-bae0-9bb339a08c04.png
[26-11-2024 01:20:30] Checking a1874189-8c4d-433c-acb0-44ba292af5a8.png
[26-11-2024 01:20:30] Checking a1610412-ff3e-4254-91c0-894be3e48531.png
[26-11-2024 01:20:30] Checking a075b591-e6fa-4a32-97dc-55faf9db7c53.png
[26-11-2024 01:20:30] Checking 9e204ebd-f9dc-47d4-b708-c76f9eed5848.png
[26-11-2024 01:20:30] Checking 9cca91cb-d91f-4a08-9c2d-6d213438cc7e.png
[26-11-2024 01:20:30] Checking 9c39b8d9-e559-4878-aac7-79d6110a5bb3.png
[26-11-2024 01:20:30] Checking 99fbfd77-a106-4969-a6a8-45bdc3290147.png
[26-11-2024 01:20:30] Checking 98036c41-f822-4e6c-8193-c04cc1758062.png
[26-11-2024 01:20:30] Checking 97236f4c-2009-484f-8418-a783c18cdd16.png
[26-11-2024 01:20:30] Checking 96cc448d-584c-487f-936c-0eb055a33746.png
[26-11-2024 01:20:30] Checking 969a2d6c-bb15-4243-9fa7-d1d6c96f9656.png
[26-11-2024 01:20:30] Checking 95e35e66-4100-4aeb-b90a-ef6ecea5a3f8.png
[26-11-2024 01:20:30] Checking 93fba688-25a1-4455-bebf-ab6a5bbbce2f.png
[26-11-2024 01:20:30] Checking 93b2cb13-e1d4-4993-979a-884237e8f94b.png
[26-11-2024 01:20:30] Checking 92f8c1aa-fc2e-4f9b-8fd2-41f7e3c0cd80.png
[26-11-2024 01:20:30] Checking 8fc3da69-5b51-46c3-b14c-7c88c8f27f58.png
[26-11-2024 01:20:30] Checking 8f203350-b4ff-4c15-a144-2896952f4007.png
[26-11-2024 01:20:30] Checking 8d999d92-7562-4b5c-81e9-0434cc442aca.png
[26-11-2024 01:20:30] Checking 8cfc2456-f68e-4a72-8101-fb666bebfe90.png
[26-11-2024 01:20:30] Checking 8c7e9307-a374-421b-82dd-f0bfdcc944e7.png
[26-11-2024 01:20:30] Checking 8b8b3380-d85f-4ae1-9825-acaba09bd764.png
[26-11-2024 01:20:30] Checking 8ac5aa41-ef1b-431b-9c2a-36c9f1d65dde.png
[26-11-2024 01:20:30] Checking 884cdc83-96ca-4e23-8f8f-95b1f919d7cb.png
[26-11-2024 01:20:30] Checking 878eab33-782f-4943-bbcb-c115c1a27a3b.png
[26-11-2024 01:20:30] Checking 85447472-1f9a-4145-8319-5e218ca7271f.png
[26-11-2024 01:20:30] Checking 83c9e755-ede4-40e8-b8b0-054634aa191a.png
[26-11-2024 01:20:30] Checking 826caddc-db48-4288-ba25-811a2da43f97.png
[26-11-2024 01:20:30] Checking 81f6ac84-dbb9-4098-bd6e-385a22dbefc3.png
[26-11-2024 01:20:30] Checking 80c15cae-9b51-4660-93a4-872355034ac8.png
[26-11-2024 01:20:30] Checking 7e3302b5-7587-4f0f-a391-cde45184c3b7.png
[26-11-2024 01:20:30] Checking 7ab64554-1c82-4c1b-b26b-d11f4eab8125.png
[26-11-2024 01:20:30] Checking 79f0061f-942c-49e2-934f-076aaea3ba30.png
[26-11-2024 01:20:30] Checking 79c9fa62-a156-4ff3-b5e1-17837aeb80f5.png
[26-11-2024 01:20:30] Checking 7962abfa-5b16-4e04-a0d2-a19ad52222b5.png
[26-11-2024 01:20:30] Checking 77e01358-53c9-4660-bb0c-7647b2a3299d.png
[26-11-2024 01:20:30] Checking 74fb70ad-d796-48e5-b508-4e2476040703.png
[26-11-2024 01:20:30] Checking 7224919c-ac55-4bc2-b8c3-3d0c2688c571.png
[26-11-2024 01:20:30] Checking 707649c6-f3a1-496b-9b7b-7d35757a1955.png
[26-11-2024 01:20:30] Checking 6c97d0c9-9474-4081-bebd-7584c51c4580.png
[26-11-2024 01:20:30] Checking 6c632dca-03c5-437f-b111-362cea939dcc.png
[26-11-2024 01:20:30] Checking 6b22132f-bffc-4afb-ada8-9d94e422024a.png
[26-11-2024 01:20:30] Checking 699ac23b-77f6-4121-9a01-ed2e7b1163ba.png
[26-11-2024 01:20:30] Checking 67bc7b37-a545-478a-bf90-345311f0c874.png
[26-11-2024 01:20:30] Checking 679d78b6-2112-476a-b4d6-43ac809eef4d.png
[26-11-2024 01:20:30] Checking 66a17118-7893-4544-8f0f-27bed6a0d862.png
[26-11-2024 01:20:30] Checking 653b2b32-fce4-41a0-8347-bfd30c2e1b3f.png
[26-11-2024 01:20:30] Checking 6450549e-584a-4c48-a8d3-d7866d723c72.png
[26-11-2024 01:20:30] Checking 63c6a068-099c-4b7b-a792-1edce47ac45b.png
[26-11-2024 01:20:30] Checking 5a62447b-d82e-4ed1-b6e6-f6bba38c9d99.png
[26-11-2024 01:20:30] Checking 596516ce-8141-4995-9c4a-f30b0cb10f4f.png
[26-11-2024 01:20:30] Checking 592c96aa-e6d5-4714-b600-3f49d6c33207.png
[26-11-2024 01:20:30] Checking 57022384-023e-48eb-b3c0-c59509995907.png
[26-11-2024 01:20:30] Checking 5213c140-8eb0-47d2-b197-96e8a98f8e2a.png
[26-11-2024 01:20:30] Checking 515da691-9da9-4ed3-9882-e666a1282927.png
[26-11-2024 01:20:30] Checking 514e5697-a934-4b37-9ab1-937df59eeec2.png
[26-11-2024 01:20:30] Checking 4f5c50ac-d0e8-4f6d-b97d-e5ba8c622a91.png
[26-11-2024 01:20:30] Checking 4f354c5a-03d8-422b-8034-b955a4d448bf.png
[26-11-2024 01:20:30] Checking 4f1252ad-46a9-4856-b3ef-9a0ba68eecd9.png
[26-11-2024 01:20:30] Checking 4cff2e76-fcb8-4a14-adea-1b022593560c.png
[26-11-2024 01:20:30] Checking 4b5ba773-9c09-497f-90f0-d7dd4e1192d4.png
[26-11-2024 01:20:30] Checking 4699b6e3-116e-4d85-b229-2459bc5fb3fe.png
[26-11-2024 01:20:30] Checking 3b73bb26-c28d-45c1-8316-a12fa51fa80b.png
[26-11-2024 01:20:30] Checking 3b09cb17-f424-4660-b6aa-febaf7d29bf1.png
[26-11-2024 01:20:30] Checking 38406ec3-d0d1-4cb7-b86d-a6d25ef21952.png
[26-11-2024 01:20:30] Checking 36708be3-1e74-42ec-a24b-448b2eb5ba8d.png
[26-11-2024 01:20:30] Checking 3622eb29-2f12-4598-ab52-68d632a387f9.png
[26-11-2024 01:20:30] Checking 360f6458-bf5a-4f8a-9ec7-264b774b18cb.png
[26-11-2024 01:20:30] Checking 329f9cc1-6001-4439-91e3-6521908e9bb8.png
[26-11-2024 01:20:30] Checking 30ea6eb4-f57d-4bc2-a16a-62c75db10aff.png
[26-11-2024 01:20:30] Checking 30be2c51-5778-4ffa-a1f3-4f01686675de.png
[26-11-2024 01:20:30] Checking 2fcc2727-d9c6-475a-8103-ecf44ff740f1.png
[26-11-2024 01:20:30] Checking 2bfb282c-6b2a-45b5-a08f-a2104e6e409f.png
[26-11-2024 01:20:30] Checking 2bc1c5a3-19d6-46f1-8b47-5100d5850bbb.png
[26-11-2024 01:20:30] Checking 29fbf837-f052-4034-8e48-2a890cffbd92.png
[26-11-2024 01:20:30] Checking 2656d821-7a61-4e5a-8861-7ec27045f7ac.png
[26-11-2024 01:20:30] Checking 2583a331-5912-451e-b355-e2fe1608c009.png
[26-11-2024 01:20:30] Checking 2462ceb6-7bdf-4ef2-9d24-6d286ad5a397.png
[26-11-2024 01:20:30] Checking 23526771-4be4-44ff-bdc9-31d4e74e3288.png
[26-11-2024 01:20:30] Checking 20771204-9990-4059-8508-7bc82a751f6e.png
[26-11-2024 01:20:30] Checking 2043dbd4-1a14-4109-8d90-155470035ed2.png
[26-11-2024 01:20:30] Checking 1ff36aaa-232c-4e56-afa1-4f5595310134.png
[26-11-2024 01:20:30] Checking 1f7c876a-ca25-4484-bf75-73ab11f3d07d.png
[26-11-2024 01:20:30] Checking 1ef7af42-a9b5-4349-8280-8b5a8150f3c0.png
[26-11-2024 01:20:30] Checking 1d941615-e56b-433e-8877-942176f5d8d4.png
[26-11-2024 01:20:30] Checking 1942e8c4-46b9-4c29-82e4-9bd7995682b8.png
[26-11-2024 01:20:30] Checking 16510b6c-cd85-4063-bfe1-a28de62305f6.png
[26-11-2024 01:20:30] Checking 15e4c449-820c-4757-b633-8aa82fa37e8b.png
[26-11-2024 01:20:30] Checking 0d307ffb-6a0a-4514-905b-9967c0e035e2.png
[26-11-2024 01:20:30] Checking 0c94ee1c-fc74-4d62-9aad-3ca0aeba47a4.png
[26-11-2024 01:20:30] Checking 0b68dc8f-c3c3-4aa7-be1d-bebabef74dd2.png
[26-11-2024 01:20:30] Checking 08338522-496e-4419-a91a-874048bab2de.png
[26-11-2024 01:20:30] Checking 07e2a23b-9ea9-4d24-878c-2e9982f7dbcb.png
[26-11-2024 01:20:30] Checking 050d24d3-bced-47fb-82ab-c234eed4870e.png
[26-11-2024 01:20:30] Checking 0216fa84-e07e-42e1-966a-61ffd1386cd7.png
[26-11-2024 01:20:30] Checking 01d6243b-4cb6-4fa8-bb4c-e892fb5e1d5b.png
[26-11-2024 01:20:30] Checking 003bcd0f-8410-4771-b5a2-d02d92f9cdc4.png
[26-11-2024 01:20:30] Current parent directory: D:/GitHub/Uni-Class Related/Fall2024-CPI111/sprites/spr_curtains/layers
[26-11-2024 01:20:30] Checking ffcef940-aa86-47c6-a090-c64e7418abc3
[26-11-2024 01:20:30] Directory: D:/GitHub/Uni-Class Related/Fall2024-CPI111/sprites/spr_curtains/layers/ffcef940-aa86-47c6-a090-c64e7418abc3
[26-11-2024 01:20:30] Checking fbc22600-8bec-4634-8920-413c6f7a70a8
[26-11-2024 01:20:30] Directory: D:/GitHub/Uni-Class Related/Fall2024-CPI111/sprites/spr_curtains/layers/fbc22600-8bec-4634-8920-413c6f7a70a8
[26-11-2024 01:20:30] Checking fa930f53-b1f9-4e18-aa31-2defc9a5672a
[26-11-2024 01:20:30] Directory: D:/GitHub/Uni-Class Related/Fall2024-CPI111/sprites/spr_curtains/layers/fa930f53-b1f9-4e18-aa31-2defc9a5672a
[26-11-2024 01:20:30] Checking fa7715de-4027-415f-be12-18041615eeef
[26-11-2024 01:20:30] Directory: D:/GitHub/Uni-Class Related/Fall2024-CPI111/sprites/spr_curtains/layers/fa7715de-4027-415f-be12-18041615eeef
[26-11-2024 01:20:30] Checking f8fa863c-62b2-4976-96f4-c552de8896e2
[26-11-2024 01:20:30] Directory: D:/GitHub/Uni-Class Related/Fall2024-CPI111/sprites/spr_curtains/layers/f8fa863c-62b2-4976-96f4-c552de8896e2
[26-11-2024 01:20:30] Checking f3172552-cc29-45c4-8cd9-b0df26e81d58
[26-11-2024 01:20:30] Directory: D:/GitHub/Uni-Class Related/Fall2024-CPI111/sprites/spr_curtains/layers/f3172552-cc29-45c4-8cd9-b0df26e81d58
[26-11-2024 01:20:30] Checking f28f5952-6a71-47d1-831a-9d417b77eb80
[26-11-2024 01:20:30] Directory: D:/GitHub/Uni-Class Related/Fall2024-CPI111/sprites/spr_curtains/layers/f28f5952-6a71-47d1-831a-9d417b77eb80
[26-11-2024 01:20:30] Checking ed421851-9857-4f2a-acc8-bee05bf4cc72
[26-11-2024 01:20:30] Directory: D:/GitHub/Uni-Class Related/Fall2024-CPI111/sprites/spr_curtains/layers/ed421851-9857-4f2a-acc8-bee05bf4cc72
[26-11-2024 01:20:30] Checking eb682f39-7b7d-4c33-b3ae-248f134245da
[26-11-2024 01:20:30] Directory: D:/GitHub/Uni-Class Related/Fall2024-CPI111/sprites/spr_curtains/layers/eb682f39-7b7d-4c33-b3ae-248f134245da
[26-11-2024 01:20:30] Checking e938a7b9-4eda-4eda-adc8-5018704a8210
[26-11-2024 01:20:30] Directory: D:/GitHub/Uni-Class Related/Fall2024-CPI111/sprites/spr_curtains/layers/e938a7b9-4eda-4eda-adc8-5018704a8210
[26-11-2024 01:20:30] Checking e70996ec-4736-4492-86cd-7044a1aec7fb
[26-11-2024 01:20:30] Directory: D:/GitHub/Uni-Class Related/Fall2024-CPI111/sprites/spr_curtains/layers/e70996ec-4736-4492-86cd-7044a1aec7fb
[26-11-2024 01:20:30] Checking e06abb04-d2b5-4bb8-94d6-8295e51c568e
[26-11-2024 01:20:30] Directory: D:/GitHub/Uni-Class Related/Fall2024-CPI111/sprites/spr_curtains/layers/e06abb04-d2b5-4bb8-94d6-8295e51c568e
[26-11-2024 01:20:30] Checking decda737-e25e-4ecc-9acf-ca33baa1819f
[26-11-2024 01:20:30] Directory: D:/GitHub/Uni-Class Related/Fall2024-CPI111/sprites/spr_curtains/layers/decda737-e25e-4ecc-9acf-ca33baa1819f
[26-11-2024 01:20:30] Checking da004ca7-21ef-4c95-ac9d-1340721a0f5e
[26-11-2024 01:20:30] Directory: D:/GitHub/Uni-Class Related/Fall2024-CPI111/sprites/spr_curtains/layers/da004ca7-21ef-4c95-ac9d-1340721a0f5e
[26-11-2024 01:20:30] Checking d9505144-9f15-4241-9c6d-51205e5f3939
[26-11-2024 01:20:30] Directory: D:/GitHub/Uni-Class Related/Fall2024-CPI111/sprites/spr_curtains/layers/d9505144-9f15-4241-9c6d-51205e5f3939
[26-11-2024 01:20:30] Checking d224b54b-ff39-4d5c-9d24-5fa1772953e7
[26-11-2024 01:20:30] Directory: D:/GitHub/Uni-Class Related/Fall2024-CPI111/sprites/spr_curtains/layers/d224b54b-ff39-4d5c-9d24-5fa1772953e7
[26-11-2024 01:20:30] Checking d157c6e7-1801-4f17-8eaf-3154c06147a1
[26-11-2024 01:20:30] Directory: D:/GitHub/Uni-Class Related/Fall2024-CPI111/sprites/spr_curtains/layers/d157c6e7-1801-4f17-8eaf-3154c06147a1
[26-11-2024 01:20:30] Checking d0b8dd02-f500-4934-a284-6f3d6436e7d9
[26-11-2024 01:20:30] Directory: D:/GitHub/Uni-Class Related/Fall2024-CPI111/sprites/spr_curtains/layers/d0b8dd02-f500-4934-a284-6f3d6436e7d9
[26-11-2024 01:20:30] Checking cf9c5481-daac-445e-b1cb-6920edb43d9b
[26-11-2024 01:20:30] Directory: D:/GitHub/Uni-Class Related/Fall2024-CPI111/sprites/spr_curtains/layers/cf9c5481-daac-445e-b1cb-6920edb43d9b
[26-11-2024 01:20:30] Checking ce4e5b68-1ea9-4fac-845c-d04cbdcd6b94
[26-11-2024 01:20:30] Directory: D:/GitHub/Uni-Class Related/Fall2024-CPI111/sprites/spr_curtains/layers/ce4e5b68-1ea9-4fac-845c-d04cbdcd6b94
[26-11-2024 01:20:30] Checking cda465b0-97b2-4d5b-b921-e02bb0ffa3c4
[26-11-2024 01:20:30] Directory: D:/GitHub/Uni-Class Related/Fall2024-CPI111/sprites/spr_curtains/layers/cda465b0-97b2-4d5b-b921-e02bb0ffa3c4
[26-11-2024 01:20:30] Checking cd84576e-e3a6-4ac3-9359-548af3a8441b
[26-11-2024 01:20:30] Directory: D:/GitHub/Uni-Class Related/Fall2024-CPI111/sprites/spr_curtains/layers/cd84576e-e3a6-4ac3-9359-548af3a8441b
[26-11-2024 01:20:30] Checking cd2653ce-390d-41cc-b338-77f53bc3f4b6
[26-11-2024 01:20:30] Directory: D:/GitHub/Uni-Class Related/Fall2024-CPI111/sprites/spr_curtains/layers/cd2653ce-390d-41cc-b338-77f53bc3f4b6
[26-11-2024 01:20:30] Checking cd2068ef-316c-4762-a575-43f8ffc6fbee
[26-11-2024 01:20:30] Directory: D:/GitHub/Uni-Class Related/Fall2024-CPI111/sprites/spr_curtains/layers/cd2068ef-316c-4762-a575-43f8ffc6fbee
[26-11-2024 01:20:30] Checking cad7c4f7-bc0d-423e-b648-167b96f5176a
[26-11-2024 01:20:30] Directory: D:/GitHub/Uni-Class Related/Fall2024-CPI111/sprites/spr_curtains/layers/cad7c4f7-bc0d-423e-b648-167b96f5176a
[26-11-2024 01:20:30] Checking ca370b24-ed2d-45d6-97ee-66f43220a488
[26-11-2024 01:20:30] Directory: D:/GitHub/Uni-Class Related/Fall2024-CPI111/sprites/spr_curtains/layers/ca370b24-ed2d-45d6-97ee-66f43220a488
[26-11-2024 01:20:30] Checking c965fe5c-d28e-4327-a53b-21fd484e1805
[26-11-2024 01:20:30] Directory: D:/GitHub/Uni-Class Related/Fall2024-CPI111/sprites/spr_curtains/layers/c965fe5c-d28e-4327-a53b-21fd484e1805
[26-11-2024 01:20:30] Checking c8d0fb42-50e2-4f34-9c2f-f7d6dac83629
[26-11-2024 01:20:30] Directory: D:/GitHub/Uni-Class Related/Fall2024-CPI111/sprites/spr_curtains/layers/c8d0fb42-50e2-4f34-9c2f-f7d6dac83629
[26-11-2024 01:20:30] Checking c873f122-5510-4f73-b966-f64d134a2db0
[26-11-2024 01:20:30] Directory: D:/GitHub/Uni-Class Related/Fall2024-CPI111/sprites/spr_curtains/layers/c873f122-5510-4f73-b966-f64d134a2db0
[26-11-2024 01:20:30] Checking bfa8aeff-e769-4f09-bc01-9440fa7366dd
[26-11-2024 01:20:30] Directory: D:/GitHub/Uni-Class Related/Fall2024-CPI111/sprites/spr_curtains/layers/bfa8aeff-e769-4f09-bc01-9440fa7366dd
[26-11-2024 01:20:30] Checking bee411b3-1028-4890-8cdf-78b131807a3f
[26-11-2024 01:20:30] Directory: D:/GitHub/Uni-Class Related/Fall2024-CPI111/sprites/spr_curtains/layers/bee411b3-1028-4890-8cdf-78b131807a3f
[26-11-2024 01:20:30] Checking bcd9b86a-8d3b-4fd2-a8a5-d215b5e79d7a
[26-11-2024 01:20:30] Directory: D:/GitHub/Uni-Class Related/Fall2024-CPI111/sprites/spr_curtains/layers/bcd9b86a-8d3b-4fd2-a8a5-d215b5e79d7a
[26-11-2024 01:20:30] Checking bb3dbc8f-bc10-4d50-abf3-01a301308755
[26-11-2024 01:20:30] Directory: D:/GitHub/Uni-Class Related/Fall2024-CPI111/sprites/spr_curtains/layers/bb3dbc8f-bc10-4d50-abf3-01a301308755
[26-11-2024 01:20:30] Checking ba4bcb90-0bf8-41c1-aa49-7cf40fe9be99
[26-11-2024 01:20:30] Directory: D:/GitHub/Uni-Class Related/Fall2024-CPI111/sprites/spr_curtains/layers/ba4bcb90-0bf8-41c1-aa49-7cf40fe9be99
[26-11-2024 01:20:30] Checking b97115d5-f377-4c3e-aefe-cf6de9281469
[26-11-2024 01:20:30] Directory: D:/GitHub/Uni-Class Related/Fall2024-CPI111/sprites/spr_curtains/layers/b97115d5-f377-4c3e-aefe-cf6de9281469
[26-11-2024 01:20:30] Checking b7c06847-165f-4980-bad4-27e1910105f2
[26-11-2024 01:20:30] Directory: D:/GitHub/Uni-Class Related/Fall2024-CPI111/sprites/spr_curtains/layers/b7c06847-165f-4980-bad4-27e1910105f2
[26-11-2024 01:20:30] Checking b731d7c5-2951-4a44-bbc2-e694b034f082
[26-11-2024 01:20:30] Directory: D:/GitHub/Uni-Class Related/Fall2024-CPI111/sprites/spr_curtains/layers/b731d7c5-2951-4a44-bbc2-e694b034f082
[26-11-2024 01:20:30] Checking b635c9dd-cfe1-4bf3-9e57-9e679c3b5337
[26-11-2024 01:20:30] Directory: D:/GitHub/Uni-Class Related/Fall2024-CPI111/sprites/spr_curtains/layers/b635c9dd-cfe1-4bf3-9e57-9e679c3b5337
[26-11-2024 01:20:30] Checking b407b1db-7271-477a-bfa5-a51cf3bcb5f1
[26-11-2024 01:20:30] Directory: D:/GitHub/Uni-Class Related/Fall2024-CPI111/sprites/spr_curtains/layers/b407b1db-7271-477a-bfa5-a51cf3bcb5f1
[26-11-2024 01:20:30] Checking b20a3a6f-d322-4e71-871d-11020952bbb4
[26-11-2024 01:20:30] Directory: D:/GitHub/Uni-Class Related/Fall2024-CPI111/sprites/spr_curtains/layers/b20a3a6f-d322-4e71-871d-11020952bbb4
[26-11-2024 01:20:30] Checking ad7a007b-9c67-4e35-8ce9-e82e4e4e64a3
[26-11-2024 01:20:30] Directory: D:/GitHub/Uni-Class Related/Fall2024-CPI111/sprites/spr_curtains/layers/ad7a007b-9c67-4e35-8ce9-e82e4e4e64a3
[26-11-2024 01:20:30] Checking ab213bf2-a615-4ad7-a33f-3b490e14f8e9
[26-11-2024 01:20:30] Directory: D:/GitHub/Uni-Class Related/Fall2024-CPI111/sprites/spr_curtains/layers/ab213bf2-a615-4ad7-a33f-3b490e14f8e9
[26-11-2024 01:20:30] Checking aac93c21-010e-4045-999b-809fd6893df8
[26-11-2024 01:20:30] Directory: D:/GitHub/Uni-Class Related/Fall2024-CPI111/sprites/spr_curtains/layers/aac93c21-010e-4045-999b-809fd6893df8
[26-11-2024 01:20:30] Checking a7404dd8-7908-4719-bae0-9bb339a08c04
[26-11-2024 01:20:30] Directory: D:/GitHub/Uni-Class Related/Fall2024-CPI111/sprites/spr_curtains/layers/a7404dd8-7908-4719-bae0-9bb339a08c04
[26-11-2024 01:20:30] Checking a1874189-8c4d-433c-acb0-44ba292af5a8
[26-11-2024 01:20:30] Directory: D:/GitHub/Uni-Class Related/Fall2024-CPI111/sprites/spr_curtains/layers/a1874189-8c4d-433c-acb0-44ba292af5a8
[26-11-2024 01:20:30] Checking a1610412-ff3e-4254-91c0-894be3e48531
[26-11-2024 01:20:30] Directory: D:/GitHub/Uni-Class Related/Fall2024-CPI111/sprites/spr_curtains/layers/a1610412-ff3e-4254-91c0-894be3e48531
[26-11-2024 01:20:30] Checking a075b591-e6fa-4a32-97dc-55faf9db7c53
[26-11-2024 01:20:30] Directory: D:/GitHub/Uni-Class Related/Fall2024-CPI111/sprites/spr_curtains/layers/a075b591-e6fa-4a32-97dc-55faf9db7c53
[26-11-2024 01:20:30] Checking 9e204ebd-f9dc-47d4-b708-c76f9eed5848
[26-11-2024 01:20:30] Directory: D:/GitHub/Uni-Class Related/Fall2024-CPI111/sprites/spr_curtains/layers/9e204ebd-f9dc-47d4-b708-c76f9eed5848
[26-11-2024 01:20:30] Checking 9cca91cb-d91f-4a08-9c2d-6d213438cc7e
[26-11-2024 01:20:30] Directory: D:/GitHub/Uni-Class Related/Fall2024-CPI111/sprites/spr_curtains/layers/9cca91cb-d91f-4a08-9c2d-6d213438cc7e
[26-11-2024 01:20:30] Checking 9c39b8d9-e559-4878-aac7-79d6110a5bb3
[26-11-2024 01:20:30] Directory: D:/GitHub/Uni-Class Related/Fall2024-CPI111/sprites/spr_curtains/layers/9c39b8d9-e559-4878-aac7-79d6110a5bb3
[26-11-2024 01:20:30] Checking 99fbfd77-a106-4969-a6a8-45bdc3290147
[26-11-2024 01:20:30] Directory: D:/GitHub/Uni-Class Related/Fall2024-CPI111/sprites/spr_curtains/layers/99fbfd77-a106-4969-a6a8-45bdc3290147
[26-11-2024 01:20:30] Checking 98036c41-f822-4e6c-8193-c04cc1758062
[26-11-2024 01:20:30] Directory: D:/GitHub/Uni-Class Related/Fall2024-CPI111/sprites/spr_curtains/layers/98036c41-f822-4e6c-8193-c04cc1758062
[26-11-2024 01:20:30] Checking 97236f4c-2009-484f-8418-a783c18cdd16
[26-11-2024 01:20:30] Directory: D:/GitHub/Uni-Class Related/Fall2024-CPI111/sprites/spr_curtains/layers/97236f4c-2009-484f-8418-a783c18cdd16
[26-11-2024 01:20:30] Checking 96cc448d-584c-487f-936c-0eb055a33746
[26-11-2024 01:20:30] Directory: D:/GitHub/Uni-Class Related/Fall2024-CPI111/sprites/spr_curtains/layers/96cc448d-584c-487f-936c-0eb055a33746
[26-11-2024 01:20:30] Checking 969a2d6c-bb15-4243-9fa7-d1d6c96f9656
[26-11-2024 01:20:30] Directory: D:/GitHub/Uni-Class Related/Fall2024-CPI111/sprites/spr_curtains/layers/969a2d6c-bb15-4243-9fa7-d1d6c96f9656
[26-11-2024 01:20:30] Checking 95e35e66-4100-4aeb-b90a-ef6ecea5a3f8
[26-11-2024 01:20:30] Directory: D:/GitHub/Uni-Class Related/Fall2024-CPI111/sprites/spr_curtains/layers/95e35e66-4100-4aeb-b90a-ef6ecea5a3f8
[26-11-2024 01:20:30] Checking 93fba688-25a1-4455-bebf-ab6a5bbbce2f
[26-11-2024 01:20:30] Directory: D:/GitHub/Uni-Class Related/Fall2024-CPI111/sprites/spr_curtains/layers/93fba688-25a1-4455-bebf-ab6a5bbbce2f
[26-11-2024 01:20:30] Checking 93b2cb13-e1d4-4993-979a-884237e8f94b
[26-11-2024 01:20:30] Directory: D:/GitHub/Uni-Class Related/Fall2024-CPI111/sprites/spr_curtains/layers/93b2cb13-e1d4-4993-979a-884237e8f94b
[26-11-2024 01:20:30] Checking 92f8c1aa-fc2e-4f9b-8fd2-41f7e3c0cd80
[26-11-2024 01:20:30] Directory: D:/GitHub/Uni-Class Related/Fall2024-CPI111/sprites/spr_curtains/layers/92f8c1aa-fc2e-4f9b-8fd2-41f7e3c0cd80
[26-11-2024 01:20:30] Checking 8fc3da69-5b51-46c3-b14c-7c88c8f27f58
[26-11-2024 01:20:30] Directory: D:/GitHub/Uni-Class Related/Fall2024-CPI111/sprites/spr_curtains/layers/8fc3da69-5b51-46c3-b14c-7c88c8f27f58
[26-11-2024 01:20:30] Checking 8f203350-b4ff-4c15-a144-2896952f4007
[26-11-2024 01:20:30] Directory: D:/GitHub/Uni-Class Related/Fall2024-CPI111/sprites/spr_curtains/layers/8f203350-b4ff-4c15-a144-2896952f4007
[26-11-2024 01:20:30] Checking 8d999d92-7562-4b5c-81e9-0434cc442aca
[26-11-2024 01:20:30] Directory: D:/GitHub/Uni-Class Related/Fall2024-CPI111/sprites/spr_curtains/layers/8d999d92-7562-4b5c-81e9-0434cc442aca
[26-11-2024 01:20:30] Checking 8cfc2456-f68e-4a72-8101-fb666bebfe90
[26-11-2024 01:20:30] Directory: D:/GitHub/Uni-Class Related/Fall2024-CPI111/sprites/spr_curtains/layers/8cfc2456-f68e-4a72-8101-fb666bebfe90
[26-11-2024 01:20:30] Checking 8c7e9307-a374-421b-82dd-f0bfdcc944e7
[26-11-2024 01:20:30] Directory: D:/GitHub/Uni-Class Related/Fall2024-CPI111/sprites/spr_curtains/layers/8c7e9307-a374-421b-82dd-f0bfdcc944e7
[26-11-2024 01:20:30] Checking 8b8b3380-d85f-4ae1-9825-acaba09bd764
[26-11-2024 01:20:30] Directory: D:/GitHub/Uni-Class Related/Fall2024-CPI111/sprites/spr_curtains/layers/8b8b3380-d85f-4ae1-9825-acaba09bd764
[26-11-2024 01:20:30] Checking 8ac5aa41-ef1b-431b-9c2a-36c9f1d65dde
[26-11-2024 01:20:30] Directory: D:/GitHub/Uni-Class Related/Fall2024-CPI111/sprites/spr_curtains/layers/8ac5aa41-ef1b-431b-9c2a-36c9f1d65dde
[26-11-2024 01:20:30] Checking 884cdc83-96ca-4e23-8f8f-95b1f919d7cb
[26-11-2024 01:20:30] Directory: D:/GitHub/Uni-Class Related/Fall2024-CPI111/sprites/spr_curtains/layers/884cdc83-96ca-4e23-8f8f-95b1f919d7cb
[26-11-2024 01:20:30] Checking 878eab33-782f-4943-bbcb-c115c1a27a3b
[26-11-2024 01:20:30] Directory: D:/GitHub/Uni-Class Related/Fall2024-CPI111/sprites/spr_curtains/layers/878eab33-782f-4943-bbcb-c115c1a27a3b
[26-11-2024 01:20:30] Checking 85447472-1f9a-4145-8319-5e218ca7271f
[26-11-2024 01:20:30] Directory: D:/GitHub/Uni-Class Related/Fall2024-CPI111/sprites/spr_curtains/layers/85447472-1f9a-4145-8319-5e218ca7271f
[26-11-2024 01:20:30] Checking 83c9e755-ede4-40e8-b8b0-054634aa191a
[26-11-2024 01:20:30] Directory: D:/GitHub/Uni-Class Related/Fall2024-CPI111/sprites/spr_curtains/layers/83c9e755-ede4-40e8-b8b0-054634aa191a
[26-11-2024 01:20:30] Checking 826caddc-db48-4288-ba25-811a2da43f97
[26-11-2024 01:20:30] Directory: D:/GitHub/Uni-Class Related/Fall2024-CPI111/sprites/spr_curtains/layers/826caddc-db48-4288-ba25-811a2da43f97
[26-11-2024 01:20:30] Checking 81f6ac84-dbb9-4098-bd6e-385a22dbefc3
[26-11-2024 01:20:30] Directory: D:/GitHub/Uni-Class Related/Fall2024-CPI111/sprites/spr_curtains/layers/81f6ac84-dbb9-4098-bd6e-385a22dbefc3
[26-11-2024 01:20:30] Checking 80c15cae-9b51-4660-93a4-872355034ac8
[26-11-2024 01:20:30] Directory: D:/GitHub/Uni-Class Related/Fall2024-CPI111/sprites/spr_curtains/layers/80c15cae-9b51-4660-93a4-872355034ac8
[26-11-2024 01:20:30] Checking 7e3302b5-7587-4f0f-a391-cde45184c3b7
[26-11-2024 01:20:30] Directory: D:/GitHub/Uni-Class Related/Fall2024-CPI111/sprites/spr_curtains/layers/7e3302b5-7587-4f0f-a391-cde45184c3b7
[26-11-2024 01:20:30] Checking 7ab64554-1c82-4c1b-b26b-d11f4eab8125
[26-11-2024 01:20:30] Directory: D:/GitHub/Uni-Class Related/Fall2024-CPI111/sprites/spr_curtains/layers/7ab64554-1c82-4c1b-b26b-d11f4eab8125
[26-11-2024 01:20:30] Checking 79f0061f-942c-49e2-934f-076aaea3ba30
[26-11-2024 01:20:30] Directory: D:/GitHub/Uni-Class Related/Fall2024-CPI111/sprites/spr_curtains/layers/79f0061f-942c-49e2-934f-076aaea3ba30
[26-11-2024 01:20:30] Checking 79c9fa62-a156-4ff3-b5e1-17837aeb80f5
[26-11-2024 01:20:30] Directory: D:/GitHub/Uni-Class Related/Fall2024-CPI111/sprites/spr_curtains/layers/79c9fa62-a156-4ff3-b5e1-17837aeb80f5
[26-11-2024 01:20:30] Checking 7962abfa-5b16-4e04-a0d2-a19ad52222b5
[26-11-2024 01:20:30] Directory: D:/GitHub/Uni-Class Related/Fall2024-CPI111/sprites/spr_curtains/layers/7962abfa-5b16-4e04-a0d2-a19ad52222b5
[26-11-2024 01:20:30] Checking 77e01358-53c9-4660-bb0c-7647b2a3299d
[26-11-2024 01:20:30] Directory: D:/GitHub/Uni-Class Related/Fall2024-CPI111/sprites/spr_curtains/layers/77e01358-53c9-4660-bb0c-7647b2a3299d
[26-11-2024 01:20:30] Checking 74fb70ad-d796-48e5-b508-4e2476040703
[26-11-2024 01:20:30] Directory: D:/GitHub/Uni-Class Related/Fall2024-CPI111/sprites/spr_curtains/layers/74fb70ad-d796-48e5-b508-4e2476040703
[26-11-2024 01:20:30] Checking 7224919c-ac55-4bc2-b8c3-3d0c2688c571
[26-11-2024 01:20:30] Directory: D:/GitHub/Uni-Class Related/Fall2024-CPI111/sprites/spr_curtains/layers/7224919c-ac55-4bc2-b8c3-3d0c2688c571
[26-11-2024 01:20:30] Checking 707649c6-f3a1-496b-9b7b-7d35757a1955
[26-11-2024 01:20:30] Directory: D:/GitHub/Uni-Class Related/Fall2024-CPI111/sprites/spr_curtains/layers/707649c6-f3a1-496b-9b7b-7d35757a1955
[26-11-2024 01:20:30] Checking 6c97d0c9-9474-4081-bebd-7584c51c4580
[26-11-2024 01:20:30] Directory: D:/GitHub/Uni-Class Related/Fall2024-CPI111/sprites/spr_curtains/layers/6c97d0c9-9474-4081-bebd-7584c51c4580
[26-11-2024 01:20:30] Checking 6c632dca-03c5-437f-b111-362cea939dcc
[26-11-2024 01:20:30] Directory: D:/GitHub/Uni-Class Related/Fall2024-CPI111/sprites/spr_curtains/layers/6c632dca-03c5-437f-b111-362cea939dcc
[26-11-2024 01:20:30] Checking 6b22132f-bffc-4afb-ada8-9d94e422024a
[26-11-2024 01:20:30] Directory: D:/GitHub/Uni-Class Related/Fall2024-CPI111/sprites/spr_curtains/layers/6b22132f-bffc-4afb-ada8-9d94e422024a
[26-11-2024 01:20:30] Checking 699ac23b-77f6-4121-9a01-ed2e7b1163ba
[26-11-2024 01:20:30] Directory: D:/GitHub/Uni-Class Related/Fall2024-CPI111/sprites/spr_curtains/layers/699ac23b-77f6-4121-9a01-ed2e7b1163ba
[26-11-2024 01:20:30] Checking 67bc7b37-a545-478a-bf90-345311f0c874
[26-11-2024 01:20:30] Directory: D:/GitHub/Uni-Class Related/Fall2024-CPI111/sprites/spr_curtains/layers/67bc7b37-a545-478a-bf90-345311f0c874
[26-11-2024 01:20:30] Checking 679d78b6-2112-476a-b4d6-43ac809eef4d
[26-11-2024 01:20:30] Directory: D:/GitHub/Uni-Class Related/Fall2024-CPI111/sprites/spr_curtains/layers/679d78b6-2112-476a-b4d6-43ac809eef4d
[26-11-2024 01:20:30] Checking 66a17118-7893-4544-8f0f-27bed6a0d862
[26-11-2024 01:20:30] Directory: D:/GitHub/Uni-Class Related/Fall2024-CPI111/sprites/spr_curtains/layers/66a17118-7893-4544-8f0f-27bed6a0d862
[26-11-2024 01:20:30] Checking 653b2b32-fce4-41a0-8347-bfd30c2e1b3f
[26-11-2024 01:20:30] Directory: D:/GitHub/Uni-Class Related/Fall2024-CPI111/sprites/spr_curtains/layers/653b2b32-fce4-41a0-8347-bfd30c2e1b3f
[26-11-2024 01:20:30] Checking 6450549e-584a-4c48-a8d3-d7866d723c72
[26-11-2024 01:20:30] Directory: D:/GitHub/Uni-Class Related/Fall2024-CPI111/sprites/spr_curtains/layers/6450549e-584a-4c48-a8d3-d7866d723c72
[26-11-2024 01:20:30] Checking 63c6a068-099c-4b7b-a792-1edce47ac45b
[26-11-2024 01:20:30] Directory: D:/GitHub/Uni-Class Related/Fall2024-CPI111/sprites/spr_curtains/layers/63c6a068-099c-4b7b-a792-1edce47ac45b
[26-11-2024 01:20:30] Checking 5a62447b-d82e-4ed1-b6e6-f6bba38c9d99
[26-11-2024 01:20:30] Directory: D:/GitHub/Uni-Class Related/Fall2024-CPI111/sprites/spr_curtains/layers/5a62447b-d82e-4ed1-b6e6-f6bba38c9d99
[26-11-2024 01:20:30] Checking 596516ce-8141-4995-9c4a-f30b0cb10f4f
[26-11-2024 01:20:30] Directory: D:/GitHub/Uni-Class Related/Fall2024-CPI111/sprites/spr_curtains/layers/596516ce-8141-4995-9c4a-f30b0cb10f4f
[26-11-2024 01:20:30] Checking 592c96aa-e6d5-4714-b600-3f49d6c33207
[26-11-2024 01:20:30] Directory: D:/GitHub/Uni-Class Related/Fall2024-CPI111/sprites/spr_curtains/layers/592c96aa-e6d5-4714-b600-3f49d6c33207
[26-11-2024 01:20:30] Checking 57022384-023e-48eb-b3c0-c59509995907
[26-11-2024 01:20:30] Directory: D:/GitHub/Uni-Class Related/Fall2024-CPI111/sprites/spr_curtains/layers/57022384-023e-48eb-b3c0-c59509995907
[26-11-2024 01:20:30] Checking 5213c140-8eb0-47d2-b197-96e8a98f8e2a
[26-11-2024 01:20:30] Directory: D:/GitHub/Uni-Class Related/Fall2024-CPI111/sprites/spr_curtains/layers/5213c140-8eb0-47d2-b197-96e8a98f8e2a
[26-11-2024 01:20:30] Checking 515da691-9da9-4ed3-9882-e666a1282927
[26-11-2024 01:20:30] Directory: D:/GitHub/Uni-Class Related/Fall2024-CPI111/sprites/spr_curtains/layers/515da691-9da9-4ed3-9882-e666a1282927
[26-11-2024 01:20:30] Checking 514e5697-a934-4b37-9ab1-937df59eeec2
[26-11-2024 01:20:30] Directory: D:/GitHub/Uni-Class Related/Fall2024-CPI111/sprites/spr_curtains/layers/514e5697-a934-4b37-9ab1-937df59eeec2
[26-11-2024 01:20:30] Checking 4f5c50ac-d0e8-4f6d-b97d-e5ba8c622a91
[26-11-2024 01:20:30] Directory: D:/GitHub/Uni-Class Related/Fall2024-CPI111/sprites/spr_curtains/layers/4f5c50ac-d0e8-4f6d-b97d-e5ba8c622a91
[26-11-2024 01:20:30] Checking 4f354c5a-03d8-422b-8034-b955a4d448bf
[26-11-2024 01:20:30] Directory: D:/GitHub/Uni-Class Related/Fall2024-CPI111/sprites/spr_curtains/layers/4f354c5a-03d8-422b-8034-b955a4d448bf
[26-11-2024 01:20:30] Checking 4f1252ad-46a9-4856-b3ef-9a0ba68eecd9
[26-11-2024 01:20:30] Directory: D:/GitHub/Uni-Class Related/Fall2024-CPI111/sprites/spr_curtains/layers/4f1252ad-46a9-4856-b3ef-9a0ba68eecd9
[26-11-2024 01:20:30] Checking 4cff2e76-fcb8-4a14-adea-1b022593560c
[26-11-2024 01:20:30] Directory: D:/GitHub/Uni-Class Related/Fall2024-CPI111/sprites/spr_curtains/layers/4cff2e76-fcb8-4a14-adea-1b022593560c
[26-11-2024 01:20:30] Checking 4b5ba773-9c09-497f-90f0-d7dd4e1192d4
[26-11-2024 01:20:30] Directory: D:/GitHub/Uni-Class Related/Fall2024-CPI111/sprites/spr_curtains/layers/4b5ba773-9c09-497f-90f0-d7dd4e1192d4
[26-11-2024 01:20:30] Checking 4699b6e3-116e-4d85-b229-2459bc5fb3fe
[26-11-2024 01:20:30] Directory: D:/GitHub/Uni-Class Related/Fall2024-CPI111/sprites/spr_curtains/layers/4699b6e3-116e-4d85-b229-2459bc5fb3fe
[26-11-2024 01:20:30] Checking 3b73bb26-c28d-45c1-8316-a12fa51fa80b
[26-11-2024 01:20:30] Directory: D:/GitHub/Uni-Class Related/Fall2024-CPI111/sprites/spr_curtains/layers/3b73bb26-c28d-45c1-8316-a12fa51fa80b
[26-11-2024 01:20:30] Checking 3b09cb17-f424-4660-b6aa-febaf7d29bf1
[26-11-2024 01:20:30] Directory: D:/GitHub/Uni-Class Related/Fall2024-CPI111/sprites/spr_curtains/layers/3b09cb17-f424-4660-b6aa-febaf7d29bf1
[26-11-2024 01:20:30] Checking 38406ec3-d0d1-4cb7-b86d-a6d25ef21952
[26-11-2024 01:20:30] Directory: D:/GitHub/Uni-Class Related/Fall2024-CPI111/sprites/spr_curtains/layers/38406ec3-d0d1-4cb7-b86d-a6d25ef21952
[26-11-2024 01:20:30] Checking 36708be3-1e74-42ec-a24b-448b2eb5ba8d
[26-11-2024 01:20:30] Directory: D:/GitHub/Uni-Class Related/Fall2024-CPI111/sprites/spr_curtains/layers/36708be3-1e74-42ec-a24b-448b2eb5ba8d
[26-11-2024 01:20:30] Checking 3622eb29-2f12-4598-ab52-68d632a387f9
[26-11-2024 01:20:30] Directory: D:/GitHub/Uni-Class Related/Fall2024-CPI111/sprites/spr_curtains/layers/3622eb29-2f12-4598-ab52-68d632a387f9
[26-11-2024 01:20:30] Checking 360f6458-bf5a-4f8a-9ec7-264b774b18cb
[26-11-2024 01:20:30] Directory: D:/GitHub/Uni-Class Related/Fall2024-CPI111/sprites/spr_curtains/layers/360f6458-bf5a-4f8a-9ec7-264b774b18cb
[26-11-2024 01:20:30] Checking 329f9cc1-6001-4439-91e3-6521908e9bb8
[26-11-2024 01:20:30] Directory: D:/GitHub/Uni-Class Related/Fall2024-CPI111/sprites/spr_curtains/layers/329f9cc1-6001-4439-91e3-6521908e9bb8
[26-11-2024 01:20:30] Checking 30ea6eb4-f57d-4bc2-a16a-62c75db10aff
[26-11-2024 01:20:30] Directory: D:/GitHub/Uni-Class Related/Fall2024-CPI111/sprites/spr_curtains/layers/30ea6eb4-f57d-4bc2-a16a-62c75db10aff
[26-11-2024 01:20:30] Checking 30be2c51-5778-4ffa-a1f3-4f01686675de
[26-11-2024 01:20:30] Directory: D:/GitHub/Uni-Class Related/Fall2024-CPI111/sprites/spr_curtains/layers/30be2c51-5778-4ffa-a1f3-4f01686675de
[26-11-2024 01:20:30] Checking 2fcc2727-d9c6-475a-8103-ecf44ff740f1
[26-11-2024 01:20:30] Directory: D:/GitHub/Uni-Class Related/Fall2024-CPI111/sprites/spr_curtains/layers/2fcc2727-d9c6-475a-8103-ecf44ff740f1
[26-11-2024 01:20:30] Checking 2bfb282c-6b2a-45b5-a08f-a2104e6e409f
[26-11-2024 01:20:30] Directory: D:/GitHub/Uni-Class Related/Fall2024-CPI111/sprites/spr_curtains/layers/2bfb282c-6b2a-45b5-a08f-a2104e6e409f
[26-11-2024 01:20:30] Checking 2bc1c5a3-19d6-46f1-8b47-5100d5850bbb
[26-11-2024 01:20:30] Directory: D:/GitHub/Uni-Class Related/Fall2024-CPI111/sprites/spr_curtains/layers/2bc1c5a3-19d6-46f1-8b47-5100d5850bbb
[26-11-2024 01:20:30] Checking 29fbf837-f052-4034-8e48-2a890cffbd92
[26-11-2024 01:20:30] Directory: D:/GitHub/Uni-Class Related/Fall2024-CPI111/sprites/spr_curtains/layers/29fbf837-f052-4034-8e48-2a890cffbd92
[26-11-2024 01:20:30] Checking 2656d821-7a61-4e5a-8861-7ec27045f7ac
[26-11-2024 01:20:30] Directory: D:/GitHub/Uni-Class Related/Fall2024-CPI111/sprites/spr_curtains/layers/2656d821-7a61-4e5a-8861-7ec27045f7ac
[26-11-2024 01:20:30] Checking 2583a331-5912-451e-b355-e2fe1608c009
[26-11-2024 01:20:30] Directory: D:/GitHub/Uni-Class Related/Fall2024-CPI111/sprites/spr_curtains/layers/2583a331-5912-451e-b355-e2fe1608c009
[26-11-2024 01:20:30] Checking 2462ceb6-7bdf-4ef2-9d24-6d286ad5a397
[26-11-2024 01:20:30] Directory: D:/GitHub/Uni-Class Related/Fall2024-CPI111/sprites/spr_curtains/layers/2462ceb6-7bdf-4ef2-9d24-6d286ad5a397
[26-11-2024 01:20:30] Checking 23526771-4be4-44ff-bdc9-31d4e74e3288
[26-11-2024 01:20:30] Directory: D:/GitHub/Uni-Class Related/Fall2024-CPI111/sprites/spr_curtains/layers/23526771-4be4-44ff-bdc9-31d4e74e3288
[26-11-2024 01:20:30] Checking 20771204-9990-4059-8508-7bc82a751f6e
[26-11-2024 01:20:30] Directory: D:/GitHub/Uni-Class Related/Fall2024-CPI111/sprites/spr_curtains/layers/20771204-9990-4059-8508-7bc82a751f6e
[26-11-2024 01:20:30] Checking 2043dbd4-1a14-4109-8d90-155470035ed2
[26-11-2024 01:20:30] Directory: D:/GitHub/Uni-Class Related/Fall2024-CPI111/sprites/spr_curtains/layers/2043dbd4-1a14-4109-8d90-155470035ed2
[26-11-2024 01:20:30] Checking 1ff36aaa-232c-4e56-afa1-4f5595310134
[26-11-2024 01:20:30] Directory: D:/GitHub/Uni-Class Related/Fall2024-CPI111/sprites/spr_curtains/layers/1ff36aaa-232c-4e56-afa1-4f5595310134
[26-11-2024 01:20:30] Checking 1f7c876a-ca25-4484-bf75-73ab11f3d07d
[26-11-2024 01:20:30] Directory: D:/GitHub/Uni-Class Related/Fall2024-CPI111/sprites/spr_curtains/layers/1f7c876a-ca25-4484-bf75-73ab11f3d07d
[26-11-2024 01:20:30] Checking 1ef7af42-a9b5-4349-8280-8b5a8150f3c0
[26-11-2024 01:20:30] Directory: D:/GitHub/Uni-Class Related/Fall2024-CPI111/sprites/spr_curtains/layers/1ef7af42-a9b5-4349-8280-8b5a8150f3c0
[26-11-2024 01:20:30] Checking 1d941615-e56b-433e-8877-942176f5d8d4
[26-11-2024 01:20:30] Directory: D:/GitHub/Uni-Class Related/Fall2024-CPI111/sprites/spr_curtains/layers/1d941615-e56b-433e-8877-942176f5d8d4
[26-11-2024 01:20:30] Checking 1942e8c4-46b9-4c29-82e4-9bd7995682b8
[26-11-2024 01:20:30] Directory: D:/GitHub/Uni-Class Related/Fall2024-CPI111/sprites/spr_curtains/layers/1942e8c4-46b9-4c29-82e4-9bd7995682b8
[26-11-2024 01:20:30] Checking 16510b6c-cd85-4063-bfe1-a28de62305f6
[26-11-2024 01:20:30] Directory: D:/GitHub/Uni-Class Related/Fall2024-CPI111/sprites/spr_curtains/layers/16510b6c-cd85-4063-bfe1-a28de62305f6
[26-11-2024 01:20:30] Checking 15e4c449-820c-4757-b633-8aa82fa37e8b
[26-11-2024 01:20:30] Directory: D:/GitHub/Uni-Class Related/Fall2024-CPI111/sprites/spr_curtains/layers/15e4c449-820c-4757-b633-8aa82fa37e8b
[26-11-2024 01:20:30] Checking 0d307ffb-6a0a-4514-905b-9967c0e035e2
[26-11-2024 01:20:30] Directory: D:/GitHub/Uni-Class Related/Fall2024-CPI111/sprites/spr_curtains/layers/0d307ffb-6a0a-4514-905b-9967c0e035e2
[26-11-2024 01:20:30] Checking 0c94ee1c-fc74-4d62-9aad-3ca0aeba47a4
[26-11-2024 01:20:30] Directory: D:/GitHub/Uni-Class Related/Fall2024-CPI111/sprites/spr_curtains/layers/0c94ee1c-fc74-4d62-9aad-3ca0aeba47a4
[26-11-2024 01:20:30] Checking 0b68dc8f-c3c3-4aa7-be1d-bebabef74dd2
[26-11-2024 01:20:30] Directory: D:/GitHub/Uni-Class Related/Fall2024-CPI111/sprites/spr_curtains/layers/0b68dc8f-c3c3-4aa7-be1d-bebabef74dd2
[26-11-2024 01:20:30] Checking 08338522-496e-4419-a91a-874048bab2de
[26-11-2024 01:20:30] Directory: D:/GitHub/Uni-Class Related/Fall2024-CPI111/sprites/spr_curtains/layers/08338522-496e-4419-a91a-874048bab2de
[26-11-2024 01:20:30] Checking 07e2a23b-9ea9-4d24-878c-2e9982f7dbcb
[26-11-2024 01:20:30] Directory: D:/GitHub/Uni-Class Related/Fall2024-CPI111/sprites/spr_curtains/layers/07e2a23b-9ea9-4d24-878c-2e9982f7dbcb
[26-11-2024 01:20:30] Checking 050d24d3-bced-47fb-82ab-c234eed4870e
[26-11-2024 01:20:30] Directory: D:/GitHub/Uni-Class Related/Fall2024-CPI111/sprites/spr_curtains/layers/050d24d3-bced-47fb-82ab-c234eed4870e
[26-11-2024 01:20:30] Checking 0216fa84-e07e-42e1-966a-61ffd1386cd7
[26-11-2024 01:20:30] Directory: D:/GitHub/Uni-Class Related/Fall2024-CPI111/sprites/spr_curtains/layers/0216fa84-e07e-42e1-966a-61ffd1386cd7
[26-11-2024 01:20:30] Checking 01d6243b-4cb6-4fa8-bb4c-e892fb5e1d5b
[26-11-2024 01:20:30] Directory: D:/GitHub/Uni-Class Related/Fall2024-CPI111/sprites/spr_curtains/layers/01d6243b-4cb6-4fa8-bb4c-e892fb5e1d5b
[26-11-2024 01:20:30] Checking 003bcd0f-8410-4771-b5a2-d02d92f9cdc4
[26-11-2024 01:20:30] Directory: D:/GitHub/Uni-Class Related/Fall2024-CPI111/sprites/spr_curtains/layers/003bcd0f-8410-4771-b5a2-d02d92f9cdc4
[26-11-2024 01:20:30] Current parent directory: D:/GitHub/Uni-Class Related/Fall2024-CPI111/sprites/spr_curtains/layers/003bcd0f-8410-4771-b5a2-d02d92f9cdc4
[26-11-2024 01:20:30] Checking e72530cd-f41d-42f8-8049-97b69053e6ca.png
[26-11-2024 01:20:30] Current parent directory: D:/GitHub/Uni-Class Related/Fall2024-CPI111/sprites/spr_curtains/layers/01d6243b-4cb6-4fa8-bb4c-e892fb5e1d5b
[26-11-2024 01:20:30] Checking e72530cd-f41d-42f8-8049-97b69053e6ca.png
[26-11-2024 01:20:30] Current parent directory: D:/GitHub/Uni-Class Related/Fall2024-CPI111/sprites/spr_curtains/layers/0216fa84-e07e-42e1-966a-61ffd1386cd7
[26-11-2024 01:20:30] Checking e72530cd-f41d-42f8-8049-97b69053e6ca.png
[26-11-2024 01:20:30] Current parent directory: D:/GitHub/Uni-Class Related/Fall2024-CPI111/sprites/spr_curtains/layers/050d24d3-bced-47fb-82ab-c234eed4870e
[26-11-2024 01:20:30] Checking e72530cd-f41d-42f8-8049-97b69053e6ca.png
[26-11-2024 01:20:30] Current parent directory: D:/GitHub/Uni-Class Related/Fall2024-CPI111/sprites/spr_curtains/layers/07e2a23b-9ea9-4d24-878c-2e9982f7dbcb
[26-11-2024 01:20:30] Checking e72530cd-f41d-42f8-8049-97b69053e6ca.png
[26-11-2024 01:20:30] Current parent directory: D:/GitHub/Uni-Class Related/Fall2024-CPI111/sprites/spr_curtains/layers/08338522-496e-4419-a91a-874048bab2de
[26-11-2024 01:20:30] Checking e72530cd-f41d-42f8-8049-97b69053e6ca.png
[26-11-2024 01:20:30] Current parent directory: D:/GitHub/Uni-Class Related/Fall2024-CPI111/sprites/spr_curtains/layers/0b68dc8f-c3c3-4aa7-be1d-bebabef74dd2
[26-11-2024 01:20:30] Checking e72530cd-f41d-42f8-8049-97b69053e6ca.png
[26-11-2024 01:20:30] Current parent directory: D:/GitHub/Uni-Class Related/Fall2024-CPI111/sprites/spr_curtains/layers/0c94ee1c-fc74-4d62-9aad-3ca0aeba47a4
[26-11-2024 01:20:30] Checking e72530cd-f41d-42f8-8049-97b69053e6ca.png
[26-11-2024 01:20:30] Current parent directory: D:/GitHub/Uni-Class Related/Fall2024-CPI111/sprites/spr_curtains/layers/0d307ffb-6a0a-4514-905b-9967c0e035e2
[26-11-2024 01:20:30] Checking e72530cd-f41d-42f8-8049-97b69053e6ca.png
[26-11-2024 01:20:30] Current parent directory: D:/GitHub/Uni-Class Related/Fall2024-CPI111/sprites/spr_curtains/layers/15e4c449-820c-4757-b633-8aa82fa37e8b
[26-11-2024 01:20:30] Checking e72530cd-f41d-42f8-8049-97b69053e6ca.png
[26-11-2024 01:20:30] Current parent directory: D:/GitHub/Uni-Class Related/Fall2024-CPI111/sprites/spr_curtains/layers/16510b6c-cd85-4063-bfe1-a28de62305f6
[26-11-2024 01:20:30] Checking e72530cd-f41d-42f8-8049-97b69053e6ca.png
[26-11-2024 01:20:30] Current parent directory: D:/GitHub/Uni-Class Related/Fall2024-CPI111/sprites/spr_curtains/layers/1942e8c4-46b9-4c29-82e4-9bd7995682b8
[26-11-2024 01:20:30] Checking e72530cd-f41d-42f8-8049-97b69053e6ca.png
[26-11-2024 01:20:30] Current parent directory: D:/GitHub/Uni-Class Related/Fall2024-CPI111/sprites/spr_curtains/layers/1d941615-e56b-433e-8877-942176f5d8d4
[26-11-2024 01:20:30] Checking e72530cd-f41d-42f8-8049-97b69053e6ca.png
[26-11-2024 01:20:30] Current parent directory: D:/GitHub/Uni-Class Related/Fall2024-CPI111/sprites/spr_curtains/layers/1ef7af42-a9b5-4349-8280-8b5a8150f3c0
[26-11-2024 01:20:30] Checking e72530cd-f41d-42f8-8049-97b69053e6ca.png
[26-11-2024 01:20:30] Current parent directory: D:/GitHub/Uni-Class Related/Fall2024-CPI111/sprites/spr_curtains/layers/1f7c876a-ca25-4484-bf75-73ab11f3d07d
[26-11-2024 01:20:30] Checking e72530cd-f41d-42f8-8049-97b69053e6ca.png
[26-11-2024 01:20:30] Current parent directory: D:/GitHub/Uni-Class Related/Fall2024-CPI111/sprites/spr_curtains/layers/1ff36aaa-232c-4e56-afa1-4f5595310134
[26-11-2024 01:20:30] Checking e72530cd-f41d-42f8-8049-97b69053e6ca.png
[26-11-2024 01:20:30] Current parent directory: D:/GitHub/Uni-Class Related/Fall2024-CPI111/sprites/spr_curtains/layers/2043dbd4-1a14-4109-8d90-155470035ed2
[26-11-2024 01:20:30] Checking e72530cd-f41d-42f8-8049-97b69053e6ca.png
[26-11-2024 01:20:30] Current parent directory: D:/GitHub/Uni-Class Related/Fall2024-CPI111/sprites/spr_curtains/layers/20771204-9990-4059-8508-7bc82a751f6e
[26-11-2024 01:20:30] Checking e72530cd-f41d-42f8-8049-97b69053e6ca.png
[26-11-2024 01:20:30] Current parent directory: D:/GitHub/Uni-Class Related/Fall2024-CPI111/sprites/spr_curtains/layers/23526771-4be4-44ff-bdc9-31d4e74e3288
[26-11-2024 01:20:30] Checking e72530cd-f41d-42f8-8049-97b69053e6ca.png
[26-11-2024 01:20:30] Current parent directory: D:/GitHub/Uni-Class Related/Fall2024-CPI111/sprites/spr_curtains/layers/2462ceb6-7bdf-4ef2-9d24-6d286ad5a397
[26-11-2024 01:20:30] Checking e72530cd-f41d-42f8-8049-97b69053e6ca.png
[26-11-2024 01:20:30] Current parent directory: D:/GitHub/Uni-Class Related/Fall2024-CPI111/sprites/spr_curtains/layers/2583a331-5912-451e-b355-e2fe1608c009
[26-11-2024 01:20:30] Checking e72530cd-f41d-42f8-8049-97b69053e6ca.png
[26-11-2024 01:20:30] Current parent directory: D:/GitHub/Uni-Class Related/Fall2024-CPI111/sprites/spr_curtains/layers/2656d821-7a61-4e5a-8861-7ec27045f7ac
[26-11-2024 01:20:30] Checking e72530cd-f41d-42f8-8049-97b69053e6ca.png
[26-11-2024 01:20:30] Current parent directory: D:/GitHub/Uni-Class Related/Fall2024-CPI111/sprites/spr_curtains/layers/29fbf837-f052-4034-8e48-2a890cffbd92
[26-11-2024 01:20:30] Checking e72530cd-f41d-42f8-8049-97b69053e6ca.png
[26-11-2024 01:20:30] Current parent directory: D:/GitHub/Uni-Class Related/Fall2024-CPI111/sprites/spr_curtains/layers/2bc1c5a3-19d6-46f1-8b47-5100d5850bbb
[26-11-2024 01:20:30] Checking e72530cd-f41d-42f8-8049-97b69053e6ca.png
[26-11-2024 01:20:30] Current parent directory: D:/GitHub/Uni-Class Related/Fall2024-CPI111/sprites/spr_curtains/layers/2bfb282c-6b2a-45b5-a08f-a2104e6e409f
[26-11-2024 01:20:30] Checking e72530cd-f41d-42f8-8049-97b69053e6ca.png
[26-11-2024 01:20:30] Current parent directory: D:/GitHub/Uni-Class Related/Fall2024-CPI111/sprites/spr_curtains/layers/2fcc2727-d9c6-475a-8103-ecf44ff740f1
[26-11-2024 01:20:30] Checking e72530cd-f41d-42f8-8049-97b69053e6ca.png
[26-11-2024 01:20:30] Current parent directory: D:/GitHub/Uni-Class Related/Fall2024-CPI111/sprites/spr_curtains/layers/30be2c51-5778-4ffa-a1f3-4f01686675de
[26-11-2024 01:20:30] Checking e72530cd-f41d-42f8-8049-97b69053e6ca.png
[26-11-2024 01:20:30] Current parent directory: D:/GitHub/Uni-Class Related/Fall2024-CPI111/sprites/spr_curtains/layers/30ea6eb4-f57d-4bc2-a16a-62c75db10aff
[26-11-2024 01:20:30] Checking e72530cd-f41d-42f8-8049-97b69053e6ca.png
[26-11-2024 01:20:30] Current parent directory: D:/GitHub/Uni-Class Related/Fall2024-CPI111/sprites/spr_curtains/layers/329f9cc1-6001-4439-91e3-6521908e9bb8
[26-11-2024 01:20:30] Checking e72530cd-f41d-42f8-8049-97b69053e6ca.png
[26-11-2024 01:20:30] Current parent directory: D:/GitHub/Uni-Class Related/Fall2024-CPI111/sprites/spr_curtains/layers/360f6458-bf5a-4f8a-9ec7-264b774b18cb
[26-11-2024 01:20:30] Checking e72530cd-f41d-42f8-8049-97b69053e6ca.png
[26-11-2024 01:20:30] Current parent directory: D:/GitHub/Uni-Class Related/Fall2024-CPI111/sprites/spr_curtains/layers/3622eb29-2f12-4598-ab52-68d632a387f9
[26-11-2024 01:20:30] Checking e72530cd-f41d-42f8-8049-97b69053e6ca.png
[26-11-2024 01:20:30] Current parent directory: D:/GitHub/Uni-Class Related/Fall2024-CPI111/sprites/spr_curtains/layers/36708be3-1e74-42ec-a24b-448b2eb5ba8d
[26-11-2024 01:20:30] Checking e72530cd-f41d-42f8-8049-97b69053e6ca.png
[26-11-2024 01:20:30] Current parent directory: D:/GitHub/Uni-Class Related/Fall2024-CPI111/sprites/spr_curtains/layers/38406ec3-d0d1-4cb7-b86d-a6d25ef21952
[26-11-2024 01:20:30] Checking e72530cd-f41d-42f8-8049-97b69053e6ca.png
[26-11-2024 01:20:30] Current parent directory: D:/GitHub/Uni-Class Related/Fall2024-CPI111/sprites/spr_curtains/layers/3b09cb17-f424-4660-b6aa-febaf7d29bf1
[26-11-2024 01:20:30] Checking e72530cd-f41d-42f8-8049-97b69053e6ca.png
[26-11-2024 01:20:30] Current parent directory: D:/GitHub/Uni-Class Related/Fall2024-CPI111/sprites/spr_curtains/layers/3b73bb26-c28d-45c1-8316-a12fa51fa80b
[26-11-2024 01:20:30] Checking e72530cd-f41d-42f8-8049-97b69053e6ca.png
[26-11-2024 01:20:30] Current parent directory: D:/GitHub/Uni-Class Related/Fall2024-CPI111/sprites/spr_curtains/layers/4699b6e3-116e-4d85-b229-2459bc5fb3fe
[26-11-2024 01:20:30] Checking e72530cd-f41d-42f8-8049-97b69053e6ca.png
[26-11-2024 01:20:30] Current parent directory: D:/GitHub/Uni-Class Related/Fall2024-CPI111/sprites/spr_curtains/layers/4b5ba773-9c09-497f-90f0-d7dd4e1192d4
[26-11-2024 01:20:30] Checking e72530cd-f41d-42f8-8049-97b69053e6ca.png
[26-11-2024 01:20:30] Current parent directory: D:/GitHub/Uni-Class Related/Fall2024-CPI111/sprites/spr_curtains/layers/4cff2e76-fcb8-4a14-adea-1b022593560c
[26-11-2024 01:20:30] Checking e72530cd-f41d-42f8-8049-97b69053e6ca.png
[26-11-2024 01:20:30] Current parent directory: D:/GitHub/Uni-Class Related/Fall2024-CPI111/sprites/spr_curtains/layers/4f1252ad-46a9-4856-b3ef-9a0ba68eecd9
[26-11-2024 01:20:30] Checking e72530cd-f41d-42f8-8049-97b69053e6ca.png
[26-11-2024 01:20:30] Current parent directory: D:/GitHub/Uni-Class Related/Fall2024-CPI111/sprites/spr_curtains/layers/4f354c5a-03d8-422b-8034-b955a4d448bf
[26-11-2024 01:20:30] Checking e72530cd-f41d-42f8-8049-97b69053e6ca.png
[26-11-2024 01:20:30] Current parent directory: D:/GitHub/Uni-Class Related/Fall2024-CPI111/sprites/spr_curtains/layers/4f5c50ac-d0e8-4f6d-b97d-e5ba8c622a91
[26-11-2024 01:20:30] Checking e72530cd-f41d-42f8-8049-97b69053e6ca.png
[26-11-2024 01:20:30] Current parent directory: D:/GitHub/Uni-Class Related/Fall2024-CPI111/sprites/spr_curtains/layers/514e5697-a934-4b37-9ab1-937df59eeec2
[26-11-2024 01:20:30] Checking e72530cd-f41d-42f8-8049-97b69053e6ca.png
[26-11-2024 01:20:30] Current parent directory: D:/GitHub/Uni-Class Related/Fall2024-CPI111/sprites/spr_curtains/layers/515da691-9da9-4ed3-9882-e666a1282927
[26-11-2024 01:20:30] Checking e72530cd-f41d-42f8-8049-97b69053e6ca.png
[26-11-2024 01:20:30] Current parent directory: D:/GitHub/Uni-Class Related/Fall2024-CPI111/sprites/spr_curtains/layers/5213c140-8eb0-47d2-b197-96e8a98f8e2a
[26-11-2024 01:20:30] Checking e72530cd-f41d-42f8-8049-97b69053e6ca.png
[26-11-2024 01:20:30] Current parent directory: D:/GitHub/Uni-Class Related/Fall2024-CPI111/sprites/spr_curtains/layers/57022384-023e-48eb-b3c0-c59509995907
[26-11-2024 01:20:30] Checking e72530cd-f41d-42f8-8049-97b69053e6ca.png
[26-11-2024 01:20:30] Current parent directory: D:/GitHub/Uni-Class Related/Fall2024-CPI111/sprites/spr_curtains/layers/592c96aa-e6d5-4714-b600-3f49d6c33207
[26-11-2024 01:20:30] Checking e72530cd-f41d-42f8-8049-97b69053e6ca.png
[26-11-2024 01:20:30] Current parent directory: D:/GitHub/Uni-Class Related/Fall2024-CPI111/sprites/spr_curtains/layers/596516ce-8141-4995-9c4a-f30b0cb10f4f
[26-11-2024 01:20:30] Checking e72530cd-f41d-42f8-8049-97b69053e6ca.png
[26-11-2024 01:20:30] Current parent directory: D:/GitHub/Uni-Class Related/Fall2024-CPI111/sprites/spr_curtains/layers/5a62447b-d82e-4ed1-b6e6-f6bba38c9d99
[26-11-2024 01:20:30] Checking e72530cd-f41d-42f8-8049-97b69053e6ca.png
[26-11-2024 01:20:30] Current parent directory: D:/GitHub/Uni-Class Related/Fall2024-CPI111/sprites/spr_curtains/layers/63c6a068-099c-4b7b-a792-1edce47ac45b
[26-11-2024 01:20:30] Checking e72530cd-f41d-42f8-8049-97b69053e6ca.png
[26-11-2024 01:20:30] Current parent directory: D:/GitHub/Uni-Class Related/Fall2024-CPI111/sprites/spr_curtains/layers/6450549e-584a-4c48-a8d3-d7866d723c72
[26-11-2024 01:20:30] Checking e72530cd-f41d-42f8-8049-97b69053e6ca.png
[26-11-2024 01:20:30] Current parent directory: D:/GitHub/Uni-Class Related/Fall2024-CPI111/sprites/spr_curtains/layers/653b2b32-fce4-41a0-8347-bfd30c2e1b3f
[26-11-2024 01:20:30] Checking e72530cd-f41d-42f8-8049-97b69053e6ca.png
[26-11-2024 01:20:30] Current parent directory: D:/GitHub/Uni-Class Related/Fall2024-CPI111/sprites/spr_curtains/layers/66a17118-7893-4544-8f0f-27bed6a0d862
[26-11-2024 01:20:30] Checking e72530cd-f41d-42f8-8049-97b69053e6ca.png
[26-11-2024 01:20:30] Current parent directory: D:/GitHub/Uni-Class Related/Fall2024-CPI111/sprites/spr_curtains/layers/679d78b6-2112-476a-b4d6-43ac809eef4d
[26-11-2024 01:20:30] Checking e72530cd-f41d-42f8-8049-97b69053e6ca.png
[26-11-2024 01:20:30] Current parent directory: D:/GitHub/Uni-Class Related/Fall2024-CPI111/sprites/spr_curtains/layers/67bc7b37-a545-478a-bf90-345311f0c874
[26-11-2024 01:20:30] Checking e72530cd-f41d-42f8-8049-97b69053e6ca.png
[26-11-2024 01:20:30] Current parent directory: D:/GitHub/Uni-Class Related/Fall2024-CPI111/sprites/spr_curtains/layers/699ac23b-77f6-4121-9a01-ed2e7b1163ba
[26-11-2024 01:20:30] Checking e72530cd-f41d-42f8-8049-97b69053e6ca.png
[26-11-2024 01:20:30] Current parent directory: D:/GitHub/Uni-Class Related/Fall2024-CPI111/sprites/spr_curtains/layers/6b22132f-bffc-4afb-ada8-9d94e422024a
[26-11-2024 01:20:30] Checking e72530cd-f41d-42f8-8049-97b69053e6ca.png
[26-11-2024 01:20:30] Current parent directory: D:/GitHub/Uni-Class Related/Fall2024-CPI111/sprites/spr_curtains/layers/6c632dca-03c5-437f-b111-362cea939dcc
[26-11-2024 01:20:30] Checking e72530cd-f41d-42f8-8049-97b69053e6ca.png
[26-11-2024 01:20:30] Current parent directory: D:/GitHub/Uni-Class Related/Fall2024-CPI111/sprites/spr_curtains/layers/6c97d0c9-9474-4081-bebd-7584c51c4580
[26-11-2024 01:20:30] Checking e72530cd-f41d-42f8-8049-97b69053e6ca.png
[26-11-2024 01:20:30] Current parent directory: D:/GitHub/Uni-Class Related/Fall2024-CPI111/sprites/spr_curtains/layers/707649c6-f3a1-496b-9b7b-7d35757a1955
[26-11-2024 01:20:30] Checking e72530cd-f41d-42f8-8049-97b69053e6ca.png
[26-11-2024 01:20:30] Current parent directory: D:/GitHub/Uni-Class Related/Fall2024-CPI111/sprites/spr_curtains/layers/7224919c-ac55-4bc2-b8c3-3d0c2688c571
[26-11-2024 01:20:30] Checking e72530cd-f41d-42f8-8049-97b69053e6ca.png
[26-11-2024 01:20:30] Current parent directory: D:/GitHub/Uni-Class Related/Fall2024-CPI111/sprites/spr_curtains/layers/74fb70ad-d796-48e5-b508-4e2476040703
[26-11-2024 01:20:30] Checking e72530cd-f41d-42f8-8049-97b69053e6ca.png
[26-11-2024 01:20:30] Current parent directory: D:/GitHub/Uni-Class Related/Fall2024-CPI111/sprites/spr_curtains/layers/77e01358-53c9-4660-bb0c-7647b2a3299d
[26-11-2024 01:20:30] Checking e72530cd-f41d-42f8-8049-97b69053e6ca.png
[26-11-2024 01:20:30] Current parent directory: D:/GitHub/Uni-Class Related/Fall2024-CPI111/sprites/spr_curtains/layers/7962abfa-5b16-4e04-a0d2-a19ad52222b5
[26-11-2024 01:20:30] Checking e72530cd-f41d-42f8-8049-97b69053e6ca.png
[26-11-2024 01:20:30] Current parent directory: D:/GitHub/Uni-Class Related/Fall2024-CPI111/sprites/spr_curtains/layers/79c9fa62-a156-4ff3-b5e1-17837aeb80f5
[26-11-2024 01:20:30] Checking e72530cd-f41d-42f8-8049-97b69053e6ca.png
[26-11-2024 01:20:30] Current parent directory: D:/GitHub/Uni-Class Related/Fall2024-CPI111/sprites/spr_curtains/layers/79f0061f-942c-49e2-934f-076aaea3ba30
[26-11-2024 01:20:30] Checking e72530cd-f41d-42f8-8049-97b69053e6ca.png
[26-11-2024 01:20:30] Current parent directory: D:/GitHub/Uni-Class Related/Fall2024-CPI111/sprites/spr_curtains/layers/7ab64554-1c82-4c1b-b26b-d11f4eab8125
[26-11-2024 01:20:30] Checking e72530cd-f41d-42f8-8049-97b69053e6ca.png
[26-11-2024 01:20:30] Current parent directory: D:/GitHub/Uni-Class Related/Fall2024-CPI111/sprites/spr_curtains/layers/7e3302b5-7587-4f0f-a391-cde45184c3b7
[26-11-2024 01:20:30] Checking e72530cd-f41d-42f8-8049-97b69053e6ca.png
[26-11-2024 01:20:30] Current parent directory: D:/GitHub/Uni-Class Related/Fall2024-CPI111/sprites/spr_curtains/layers/80c15cae-9b51-4660-93a4-872355034ac8
[26-11-2024 01:20:30] Checking e72530cd-f41d-42f8-8049-97b69053e6ca.png
[26-11-2024 01:20:30] Current parent directory: D:/GitHub/Uni-Class Related/Fall2024-CPI111/sprites/spr_curtains/layers/81f6ac84-dbb9-4098-bd6e-385a22dbefc3
[26-11-2024 01:20:30] Checking e72530cd-f41d-42f8-8049-97b69053e6ca.png
[26-11-2024 01:20:30] Current parent directory: D:/GitHub/Uni-Class Related/Fall2024-CPI111/sprites/spr_curtains/layers/826caddc-db48-4288-ba25-811a2da43f97
[26-11-2024 01:20:30] Checking e72530cd-f41d-42f8-8049-97b69053e6ca.png
[26-11-2024 01:20:30] Current parent directory: D:/GitHub/Uni-Class Related/Fall2024-CPI111/sprites/spr_curtains/layers/83c9e755-ede4-40e8-b8b0-054634aa191a
[26-11-2024 01:20:30] Checking e72530cd-f41d-42f8-8049-97b69053e6ca.png
[26-11-2024 01:20:30] Current parent directory: D:/GitHub/Uni-Class Related/Fall2024-CPI111/sprites/spr_curtains/layers/85447472-1f9a-4145-8319-5e218ca7271f
[26-11-2024 01:20:30] Checking e72530cd-f41d-42f8-8049-97b69053e6ca.png
[26-11-2024 01:20:30] Current parent directory: D:/GitHub/Uni-Class Related/Fall2024-CPI111/sprites/spr_curtains/layers/878eab33-782f-4943-bbcb-c115c1a27a3b
[26-11-2024 01:20:30] Checking e72530cd-f41d-42f8-8049-97b69053e6ca.png
[26-11-2024 01:20:30] Current parent directory: D:/GitHub/Uni-Class Related/Fall2024-CPI111/sprites/spr_curtains/layers/884cdc83-96ca-4e23-8f8f-95b1f919d7cb
[26-11-2024 01:20:30] Checking e72530cd-f41d-42f8-8049-97b69053e6ca.png
[26-11-2024 01:20:30] Current parent directory: D:/GitHub/Uni-Class Related/Fall2024-CPI111/sprites/spr_curtains/layers/8ac5aa41-ef1b-431b-9c2a-36c9f1d65dde
[26-11-2024 01:20:30] Checking e72530cd-f41d-42f8-8049-97b69053e6ca.png
[26-11-2024 01:20:30] Current parent directory: D:/GitHub/Uni-Class Related/Fall2024-CPI111/sprites/spr_curtains/layers/8b8b3380-d85f-4ae1-9825-acaba09bd764
[26-11-2024 01:20:30] Checking e72530cd-f41d-42f8-8049-97b69053e6ca.png
[26-11-2024 01:20:30] Current parent directory: D:/GitHub/Uni-Class Related/Fall2024-CPI111/sprites/spr_curtains/layers/8c7e9307-a374-421b-82dd-f0bfdcc944e7
[26-11-2024 01:20:30] Checking e72530cd-f41d-42f8-8049-97b69053e6ca.png
[26-11-2024 01:20:30] Current parent directory: D:/GitHub/Uni-Class Related/Fall2024-CPI111/sprites/spr_curtains/layers/8cfc2456-f68e-4a72-8101-fb666bebfe90
[26-11-2024 01:20:30] Checking e72530cd-f41d-42f8-8049-97b69053e6ca.png
[26-11-2024 01:20:30] Current parent directory: D:/GitHub/Uni-Class Related/Fall2024-CPI111/sprites/spr_curtains/layers/8d999d92-7562-4b5c-81e9-0434cc442aca
[26-11-2024 01:20:30] Checking e72530cd-f41d-42f8-8049-97b69053e6ca.png
[26-11-2024 01:20:30] Current parent directory: D:/GitHub/Uni-Class Related/Fall2024-CPI111/sprites/spr_curtains/layers/8f203350-b4ff-4c15-a144-2896952f4007
[26-11-2024 01:20:30] Checking e72530cd-f41d-42f8-8049-97b69053e6ca.png
[26-11-2024 01:20:30] Current parent directory: D:/GitHub/Uni-Class Related/Fall2024-CPI111/sprites/spr_curtains/layers/8fc3da69-5b51-46c3-b14c-7c88c8f27f58
[26-11-2024 01:20:30] Checking e72530cd-f41d-42f8-8049-97b69053e6ca.png
[26-11-2024 01:20:30] Current parent directory: D:/GitHub/Uni-Class Related/Fall2024-CPI111/sprites/spr_curtains/layers/92f8c1aa-fc2e-4f9b-8fd2-41f7e3c0cd80
[26-11-2024 01:20:30] Checking e72530cd-f41d-42f8-8049-97b69053e6ca.png
[26-11-2024 01:20:30] Current parent directory: D:/GitHub/Uni-Class Related/Fall2024-CPI111/sprites/spr_curtains/layers/93b2cb13-e1d4-4993-979a-884237e8f94b
[26-11-2024 01:20:30] Checking e72530cd-f41d-42f8-8049-97b69053e6ca.png
[26-11-2024 01:20:30] Current parent directory: D:/GitHub/Uni-Class Related/Fall2024-CPI111/sprites/spr_curtains/layers/93fba688-25a1-4455-bebf-ab6a5bbbce2f
[26-11-2024 01:20:30] Checking e72530cd-f41d-42f8-8049-97b69053e6ca.png
[26-11-2024 01:20:30] Current parent directory: D:/GitHub/Uni-Class Related/Fall2024-CPI111/sprites/spr_curtains/layers/95e35e66-4100-4aeb-b90a-ef6ecea5a3f8
[26-11-2024 01:20:30] Checking e72530cd-f41d-42f8-8049-97b69053e6ca.png
[26-11-2024 01:20:30] Current parent directory: D:/GitHub/Uni-Class Related/Fall2024-CPI111/sprites/spr_curtains/layers/969a2d6c-bb15-4243-9fa7-d1d6c96f9656
[26-11-2024 01:20:30] Checking e72530cd-f41d-42f8-8049-97b69053e6ca.png
[26-11-2024 01:20:30] Current parent directory: D:/GitHub/Uni-Class Related/Fall2024-CPI111/sprites/spr_curtains/layers/96cc448d-584c-487f-936c-0eb055a33746
[26-11-2024 01:20:30] Checking e72530cd-f41d-42f8-8049-97b69053e6ca.png
[26-11-2024 01:20:30] Current parent directory: D:/GitHub/Uni-Class Related/Fall2024-CPI111/sprites/spr_curtains/layers/97236f4c-2009-484f-8418-a783c18cdd16
[26-11-2024 01:20:30] Checking e72530cd-f41d-42f8-8049-97b69053e6ca.png
[26-11-2024 01:20:30] Current parent directory: D:/GitHub/Uni-Class Related/Fall2024-CPI111/sprites/spr_curtains/layers/98036c41-f822-4e6c-8193-c04cc1758062
[26-11-2024 01:20:30] Checking e72530cd-f41d-42f8-8049-97b69053e6ca.png
[26-11-2024 01:20:30] Current parent directory: D:/GitHub/Uni-Class Related/Fall2024-CPI111/sprites/spr_curtains/layers/99fbfd77-a106-4969-a6a8-45bdc3290147
[26-11-2024 01:20:30] Checking e72530cd-f41d-42f8-8049-97b69053e6ca.png
[26-11-2024 01:20:30] Current parent directory: D:/GitHub/Uni-Class Related/Fall2024-CPI111/sprites/spr_curtains/layers/9c39b8d9-e559-4878-aac7-79d6110a5bb3
[26-11-2024 01:20:30] Checking e72530cd-f41d-42f8-8049-97b69053e6ca.png
[26-11-2024 01:20:30] Current parent directory: D:/GitHub/Uni-Class Related/Fall2024-CPI111/sprites/spr_curtains/layers/9cca91cb-d91f-4a08-9c2d-6d213438cc7e
[26-11-2024 01:20:30] Checking e72530cd-f41d-42f8-8049-97b69053e6ca.png
[26-11-2024 01:20:30] Current parent directory: D:/GitHub/Uni-Class Related/Fall2024-CPI111/sprites/spr_curtains/layers/9e204ebd-f9dc-47d4-b708-c76f9eed5848
[26-11-2024 01:20:30] Checking e72530cd-f41d-42f8-8049-97b69053e6ca.png
[26-11-2024 01:20:30] Current parent directory: D:/GitHub/Uni-Class Related/Fall2024-CPI111/sprites/spr_curtains/layers/a075b591-e6fa-4a32-97dc-55faf9db7c53
[26-11-2024 01:20:30] Checking e72530cd-f41d-42f8-8049-97b69053e6ca.png
[26-11-2024 01:20:30] Current parent directory: D:/GitHub/Uni-Class Related/Fall2024-CPI111/sprites/spr_curtains/layers/a1610412-ff3e-4254-91c0-894be3e48531
[26-11-2024 01:20:30] Checking e72530cd-f41d-42f8-8049-97b69053e6ca.png
[26-11-2024 01:20:30] Current parent directory: D:/GitHub/Uni-Class Related/Fall2024-CPI111/sprites/spr_curtains/layers/a1874189-8c4d-433c-acb0-44ba292af5a8
[26-11-2024 01:20:30] Checking e72530cd-f41d-42f8-8049-97b69053e6ca.png
[26-11-2024 01:20:30] Current parent directory: D:/GitHub/Uni-Class Related/Fall2024-CPI111/sprites/spr_curtains/layers/a7404dd8-7908-4719-bae0-9bb339a08c04
[26-11-2024 01:20:30] Checking e72530cd-f41d-42f8-8049-97b69053e6ca.png
[26-11-2024 01:20:30] Current parent directory: D:/GitHub/Uni-Class Related/Fall2024-CPI111/sprites/spr_curtains/layers/aac93c21-010e-4045-999b-809fd6893df8
[26-11-2024 01:20:30] Checking e72530cd-f41d-42f8-8049-97b69053e6ca.png
[26-11-2024 01:20:30] Current parent directory: D:/GitHub/Uni-Class Related/Fall2024-CPI111/sprites/spr_curtains/layers/ab213bf2-a615-4ad7-a33f-3b490e14f8e9
[26-11-2024 01:20:30] Checking e72530cd-f41d-42f8-8049-97b69053e6ca.png
[26-11-2024 01:20:30] Current parent directory: D:/GitHub/Uni-Class Related/Fall2024-CPI111/sprites/spr_curtains/layers/ad7a007b-9c67-4e35-8ce9-e82e4e4e64a3
[26-11-2024 01:20:30] Checking e72530cd-f41d-42f8-8049-97b69053e6ca.png
[26-11-2024 01:20:30] Current parent directory: D:/GitHub/Uni-Class Related/Fall2024-CPI111/sprites/spr_curtains/layers/b20a3a6f-d322-4e71-871d-11020952bbb4
[26-11-2024 01:20:30] Checking e72530cd-f41d-42f8-8049-97b69053e6ca.png
[26-11-2024 01:20:30] Current parent directory: D:/GitHub/Uni-Class Related/Fall2024-CPI111/sprites/spr_curtains/layers/b407b1db-7271-477a-bfa5-a51cf3bcb5f1
[26-11-2024 01:20:30] Checking e72530cd-f41d-42f8-8049-97b69053e6ca.png
[26-11-2024 01:20:30] Current parent directory: D:/GitHub/Uni-Class Related/Fall2024-CPI111/sprites/spr_curtains/layers/b635c9dd-cfe1-4bf3-9e57-9e679c3b5337
[26-11-2024 01:20:30] Checking e72530cd-f41d-42f8-8049-97b69053e6ca.png
[26-11-2024 01:20:30] Current parent directory: D:/GitHub/Uni-Class Related/Fall2024-CPI111/sprites/spr_curtains/layers/b731d7c5-2951-4a44-bbc2-e694b034f082
[26-11-2024 01:20:30] Checking e72530cd-f41d-42f8-8049-97b69053e6ca.png
[26-11-2024 01:20:30] Current parent directory: D:/GitHub/Uni-Class Related/Fall2024-CPI111/sprites/spr_curtains/layers/b7c06847-165f-4980-bad4-27e1910105f2
[26-11-2024 01:20:30] Checking e72530cd-f41d-42f8-8049-97b69053e6ca.png
[26-11-2024 01:20:30] Current parent directory: D:/GitHub/Uni-Class Related/Fall2024-CPI111/sprites/spr_curtains/layers/b97115d5-f377-4c3e-aefe-cf6de9281469
[26-11-2024 01:20:30] Checking e72530cd-f41d-42f8-8049-97b69053e6ca.png
[26-11-2024 01:20:30] Current parent directory: D:/GitHub/Uni-Class Related/Fall2024-CPI111/sprites/spr_curtains/layers/ba4bcb90-0bf8-41c1-aa49-7cf40fe9be99
[26-11-2024 01:20:30] Checking e72530cd-f41d-42f8-8049-97b69053e6ca.png
[26-11-2024 01:20:30] Current parent directory: D:/GitHub/Uni-Class Related/Fall2024-CPI111/sprites/spr_curtains/layers/bb3dbc8f-bc10-4d50-abf3-01a301308755
[26-11-2024 01:20:30] Checking e72530cd-f41d-42f8-8049-97b69053e6ca.png
[26-11-2024 01:20:30] Current parent directory: D:/GitHub/Uni-Class Related/Fall2024-CPI111/sprites/spr_curtains/layers/bcd9b86a-8d3b-4fd2-a8a5-d215b5e79d7a
[26-11-2024 01:20:30] Checking e72530cd-f41d-42f8-8049-97b69053e6ca.png
[26-11-2024 01:20:30] Current parent directory: D:/GitHub/Uni-Class Related/Fall2024-CPI111/sprites/spr_curtains/layers/bee411b3-1028-4890-8cdf-78b131807a3f
[26-11-2024 01:20:30] Checking e72530cd-f41d-42f8-8049-97b69053e6ca.png
[26-11-2024 01:20:30] Current parent directory: D:/GitHub/Uni-Class Related/Fall2024-CPI111/sprites/spr_curtains/layers/bfa8aeff-e769-4f09-bc01-9440fa7366dd
[26-11-2024 01:20:30] Checking e72530cd-f41d-42f8-8049-97b69053e6ca.png
[26-11-2024 01:20:30] Current parent directory: D:/GitHub/Uni-Class Related/Fall2024-CPI111/sprites/spr_curtains/layers/c873f122-5510-4f73-b966-f64d134a2db0
[26-11-2024 01:20:30] Checking e72530cd-f41d-42f8-8049-97b69053e6ca.png
[26-11-2024 01:20:30] Current parent directory: D:/GitHub/Uni-Class Related/Fall2024-CPI111/sprites/spr_curtains/layers/c8d0fb42-50e2-4f34-9c2f-f7d6dac83629
[26-11-2024 01:20:30] Checking e72530cd-f41d-42f8-8049-97b69053e6ca.png
[26-11-2024 01:20:30] Current parent directory: D:/GitHub/Uni-Class Related/Fall2024-CPI111/sprites/spr_curtains/layers/c965fe5c-d28e-4327-a53b-21fd484e1805
[26-11-2024 01:20:30] Checking e72530cd-f41d-42f8-8049-97b69053e6ca.png
[26-11-2024 01:20:30] Current parent directory: D:/GitHub/Uni-Class Related/Fall2024-CPI111/sprites/spr_curtains/layers/ca370b24-ed2d-45d6-97ee-66f43220a488
[26-11-2024 01:20:30] Checking e72530cd-f41d-42f8-8049-97b69053e6ca.png
[26-11-2024 01:20:30] Current parent directory: D:/GitHub/Uni-Class Related/Fall2024-CPI111/sprites/spr_curtains/layers/cad7c4f7-bc0d-423e-b648-167b96f5176a
[26-11-2024 01:20:30] Checking e72530cd-f41d-42f8-8049-97b69053e6ca.png
[26-11-2024 01:20:30] Current parent directory: D:/GitHub/Uni-Class Related/Fall2024-CPI111/sprites/spr_curtains/layers/cd2068ef-316c-4762-a575-43f8ffc6fbee
[26-11-2024 01:20:30] Checking e72530cd-f41d-42f8-8049-97b69053e6ca.png
[26-11-2024 01:20:30] Current parent directory: D:/GitHub/Uni-Class Related/Fall2024-CPI111/sprites/spr_curtains/layers/cd2653ce-390d-41cc-b338-77f53bc3f4b6
[26-11-2024 01:20:30] Checking e72530cd-f41d-42f8-8049-97b69053e6ca.png
[26-11-2024 01:20:30] Current parent directory: D:/GitHub/Uni-Class Related/Fall2024-CPI111/sprites/spr_curtains/layers/cd84576e-e3a6-4ac3-9359-548af3a8441b
[26-11-2024 01:20:30] Checking e72530cd-f41d-42f8-8049-97b69053e6ca.png
[26-11-2024 01:20:30] Current parent directory: D:/GitHub/Uni-Class Related/Fall2024-CPI111/sprites/spr_curtains/layers/cda465b0-97b2-4d5b-b921-e02bb0ffa3c4
[26-11-2024 01:20:30] Checking e72530cd-f41d-42f8-8049-97b69053e6ca.png
[26-11-2024 01:20:30] Current parent directory: D:/GitHub/Uni-Class Related/Fall2024-CPI111/sprites/spr_curtains/layers/ce4e5b68-1ea9-4fac-845c-d04cbdcd6b94
[26-11-2024 01:20:30] Checking e72530cd-f41d-42f8-8049-97b69053e6ca.png
[26-11-2024 01:20:30] Current parent directory: D:/GitHub/Uni-Class Related/Fall2024-CPI111/sprites/spr_curtains/layers/cf9c5481-daac-445e-b1cb-6920edb43d9b
[26-11-2024 01:20:30] Checking e72530cd-f41d-42f8-8049-97b69053e6ca.png
[26-11-2024 01:20:30] Current parent directory: D:/GitHub/Uni-Class Related/Fall2024-CPI111/sprites/spr_curtains/layers/d0b8dd02-f500-4934-a284-6f3d6436e7d9
[26-11-2024 01:20:30] Checking e72530cd-f41d-42f8-8049-97b69053e6ca.png
[26-11-2024 01:20:30] Current parent directory: D:/GitHub/Uni-Class Related/Fall2024-CPI111/sprites/spr_curtains/layers/d157c6e7-1801-4f17-8eaf-3154c06147a1
[26-11-2024 01:20:30] Checking e72530cd-f41d-42f8-8049-97b69053e6ca.png
[26-11-2024 01:20:30] Current parent directory: D:/GitHub/Uni-Class Related/Fall2024-CPI111/sprites/spr_curtains/layers/d224b54b-ff39-4d5c-9d24-5fa1772953e7
[26-11-2024 01:20:30] Checking e72530cd-f41d-42f8-8049-97b69053e6ca.png
[26-11-2024 01:20:30] Current parent directory: D:/GitHub/Uni-Class Related/Fall2024-CPI111/sprites/spr_curtains/layers/d9505144-9f15-4241-9c6d-51205e5f3939
[26-11-2024 01:20:30] Checking e72530cd-f41d-42f8-8049-97b69053e6ca.png
[26-11-2024 01:20:30] Current parent directory: D:/GitHub/Uni-Class Related/Fall2024-CPI111/sprites/spr_curtains/layers/da004ca7-21ef-4c95-ac9d-1340721a0f5e
[26-11-2024 01:20:30] Checking e72530cd-f41d-42f8-8049-97b69053e6ca.png
[26-11-2024 01:20:30] Current parent directory: D:/GitHub/Uni-Class Related/Fall2024-CPI111/sprites/spr_curtains/layers/decda737-e25e-4ecc-9acf-ca33baa1819f
[26-11-2024 01:20:30] Checking e72530cd-f41d-42f8-8049-97b69053e6ca.png
[26-11-2024 01:20:30] Current parent directory: D:/GitHub/Uni-Class Related/Fall2024-CPI111/sprites/spr_curtains/layers/e06abb04-d2b5-4bb8-94d6-8295e51c568e
[26-11-2024 01:20:30] Checking e72530cd-f41d-42f8-8049-97b69053e6ca.png
[26-11-2024 01:20:30] Current parent directory: D:/GitHub/Uni-Class Related/Fall2024-CPI111/sprites/spr_curtains/layers/e70996ec-4736-4492-86cd-7044a1aec7fb
[26-11-2024 01:20:30] Checking e72530cd-f41d-42f8-8049-97b69053e6ca.png
[26-11-2024 01:20:30] Current parent directory: D:/GitHub/Uni-Class Related/Fall2024-CPI111/sprites/spr_curtains/layers/e938a7b9-4eda-4eda-adc8-5018704a8210
[26-11-2024 01:20:30] Checking e72530cd-f41d-42f8-8049-97b69053e6ca.png
[26-11-2024 01:20:30] Current parent directory: D:/GitHub/Uni-Class Related/Fall2024-CPI111/sprites/spr_curtains/layers/eb682f39-7b7d-4c33-b3ae-248f134245da
[26-11-2024 01:20:30] Checking e72530cd-f41d-42f8-8049-97b69053e6ca.png
[26-11-2024 01:20:30] Current parent directory: D:/GitHub/Uni-Class Related/Fall2024-CPI111/sprites/spr_curtains/layers/ed421851-9857-4f2a-acc8-bee05bf4cc72
[26-11-2024 01:20:30] Checking e72530cd-f41d-42f8-8049-97b69053e6ca.png
[26-11-2024 01:20:30] Current parent directory: D:/GitHub/Uni-Class Related/Fall2024-CPI111/sprites/spr_curtains/layers/f28f5952-6a71-47d1-831a-9d417b77eb80
[26-11-2024 01:20:30] Checking e72530cd-f41d-42f8-8049-97b69053e6ca.png
[26-11-2024 01:20:30] Current parent directory: D:/GitHub/Uni-Class Related/Fall2024-CPI111/sprites/spr_curtains/layers/f3172552-cc29-45c4-8cd9-b0df26e81d58
[26-11-2024 01:20:30] Checking e72530cd-f41d-42f8-8049-97b69053e6ca.png
[26-11-2024 01:20:30] Current parent directory: D:/GitHub/Uni-Class Related/Fall2024-CPI111/sprites/spr_curtains/layers/f8fa863c-62b2-4976-96f4-c552de8896e2
[26-11-2024 01:20:30] Checking e72530cd-f41d-42f8-8049-97b69053e6ca.png
[26-11-2024 01:20:30] Current parent directory: D:/GitHub/Uni-Class Related/Fall2024-CPI111/sprites/spr_curtains/layers/fa7715de-4027-415f-be12-18041615eeef
[26-11-2024 01:20:30] Checking e72530cd-f41d-42f8-8049-97b69053e6ca.png
[26-11-2024 01:20:30] Current parent directory: D:/GitHub/Uni-Class Related/Fall2024-CPI111/sprites/spr_curtains/layers/fa930f53-b1f9-4e18-aa31-2defc9a5672a
[26-11-2024 01:20:30] Checking e72530cd-f41d-42f8-8049-97b69053e6ca.png
[26-11-2024 01:20:30] Current parent directory: D:/GitHub/Uni-Class Related/Fall2024-CPI111/sprites/spr_curtains/layers/fbc22600-8bec-4634-8920-413c6f7a70a8
[26-11-2024 01:20:30] Checking e72530cd-f41d-42f8-8049-97b69053e6ca.png
[26-11-2024 01:20:30] Current parent directory: D:/GitHub/Uni-Class Related/Fall2024-CPI111/sprites/spr_curtains/layers/ffcef940-aa86-47c6-a090-c64e7418abc3
[26-11-2024 01:20:30] Checking e72530cd-f41d-42f8-8049-97b69053e6ca.png
[26-11-2024 01:20:30] Current parent directory: D:/GitHub/Uni-Class Related/Fall2024-CPI111/sprites/spr_curtains_closed_static
[26-11-2024 01:20:30] Checking spr_curtains_closed_static.yy
[26-11-2024 01:20:30] Parsing D:/GitHub/Uni-Class Related/Fall2024-CPI111/sprites/spr_curtains_closed_static/spr_curtains_closed_static.yy
[26-11-2024 01:20:30] Reading D:/GitHub/Uni-Class Related/Fall2024-CPI111/sprites/spr_curtains_closed_static/spr_curtains_closed_static.yy
[26-11-2024 01:20:30] Par: "folders/Sprites/Backgrounds/Curtains" at dir: "D:/GitHub/Uni-Class Related/Fall2024-CPI111/sprites/spr_curtains_closed_static/spr_curtains_closed_static.yy"
[26-11-2024 01:20:30] Found Sprite: spr_curtains_closed_static
[26-11-2024 01:20:30] Checking layers
[26-11-2024 01:20:30] Directory: D:/GitHub/Uni-Class Related/Fall2024-CPI111/sprites/spr_curtains_closed_static/layers
[26-11-2024 01:20:30] Checking 707649c6-f3a1-496b-9b7b-7d35757a1955.png
[26-11-2024 01:20:30] Current parent directory: D:/GitHub/Uni-Class Related/Fall2024-CPI111/sprites/spr_curtains_closed_static/layers
[26-11-2024 01:20:30] Checking 707649c6-f3a1-496b-9b7b-7d35757a1955
[26-11-2024 01:20:30] Directory: D:/GitHub/Uni-Class Related/Fall2024-CPI111/sprites/spr_curtains_closed_static/layers/707649c6-f3a1-496b-9b7b-7d35757a1955
[26-11-2024 01:20:30] Current parent directory: D:/GitHub/Uni-Class Related/Fall2024-CPI111/sprites/spr_curtains_closed_static/layers/707649c6-f3a1-496b-9b7b-7d35757a1955
[26-11-2024 01:20:30] Checking e72530cd-f41d-42f8-8049-97b69053e6ca.png
[26-11-2024 01:20:30] Current parent directory: D:/GitHub/Uni-Class Related/Fall2024-CPI111/sprites/spr_dialogue_box
[26-11-2024 01:20:30] Checking spr_dialogue_box.yy
[26-11-2024 01:20:30] Parsing D:/GitHub/Uni-Class Related/Fall2024-CPI111/sprites/spr_dialogue_box/spr_dialogue_box.yy
[26-11-2024 01:20:30] Reading D:/GitHub/Uni-Class Related/Fall2024-CPI111/sprites/spr_dialogue_box/spr_dialogue_box.yy
[26-11-2024 01:20:30] Par: "folders/Sprites/Dialogue" at dir: "D:/GitHub/Uni-Class Related/Fall2024-CPI111/sprites/spr_dialogue_box/spr_dialogue_box.yy"
[26-11-2024 01:20:30] Found Sprite: spr_dialogue_box
[26-11-2024 01:20:30] Checking layers
[26-11-2024 01:20:30] Directory: D:/GitHub/Uni-Class Related/Fall2024-CPI111/sprites/spr_dialogue_box/layers
[26-11-2024 01:20:30] Checking 687f4e0b-d4ed-421c-99ef-6f3491a9d9df.png
[26-11-2024 01:20:30] Current parent directory: D:/GitHub/Uni-Class Related/Fall2024-CPI111/sprites/spr_dialogue_box/layers
[26-11-2024 01:20:30] Checking 687f4e0b-d4ed-421c-99ef-6f3491a9d9df
[26-11-2024 01:20:30] Directory: D:/GitHub/Uni-Class Related/Fall2024-CPI111/sprites/spr_dialogue_box/layers/687f4e0b-d4ed-421c-99ef-6f3491a9d9df
[26-11-2024 01:20:30] Current parent directory: D:/GitHub/Uni-Class Related/Fall2024-CPI111/sprites/spr_dialogue_box/layers/687f4e0b-d4ed-421c-99ef-6f3491a9d9df
[26-11-2024 01:20:30] Checking 630cce10-523f-4e27-8ad6-d8236feee8ec.png
[26-11-2024 01:20:30] Current parent directory: D:/GitHub/Uni-Class Related/Fall2024-CPI111/sprites/spr_feedback_bad
[26-11-2024 01:20:30] Checking spr_feedback_bad.yy
[26-11-2024 01:20:30] Parsing D:/GitHub/Uni-Class Related/Fall2024-CPI111/sprites/spr_feedback_bad/spr_feedback_bad.yy
[26-11-2024 01:20:30] Reading D:/GitHub/Uni-Class Related/Fall2024-CPI111/sprites/spr_feedback_bad/spr_feedback_bad.yy
[26-11-2024 01:20:30] Par: "folders/Sprites/Feedback" at dir: "D:/GitHub/Uni-Class Related/Fall2024-CPI111/sprites/spr_feedback_bad/spr_feedback_bad.yy"
[26-11-2024 01:20:30] Found Sprite: spr_feedback_bad
[26-11-2024 01:20:30] Checking layers
[26-11-2024 01:20:30] Directory: D:/GitHub/Uni-Class Related/Fall2024-CPI111/sprites/spr_feedback_bad/layers
[26-11-2024 01:20:30] Checking 3ada51ed-cd31-4b5d-b1d2-62c922eb3ebf.png
[26-11-2024 01:20:30] Current parent directory: D:/GitHub/Uni-Class Related/Fall2024-CPI111/sprites/spr_feedback_bad/layers
[26-11-2024 01:20:30] Checking 3ada51ed-cd31-4b5d-b1d2-62c922eb3ebf
[26-11-2024 01:20:30] Directory: D:/GitHub/Uni-Class Related/Fall2024-CPI111/sprites/spr_feedback_bad/layers/3ada51ed-cd31-4b5d-b1d2-62c922eb3ebf
[26-11-2024 01:20:30] Current parent directory: D:/GitHub/Uni-Class Related/Fall2024-CPI111/sprites/spr_feedback_bad/layers/3ada51ed-cd31-4b5d-b1d2-62c922eb3ebf
[26-11-2024 01:20:30] Checking 99aa4294-244e-4eae-b2db-81cbaa8acb3e.png
[26-11-2024 01:20:30] Current parent directory: D:/GitHub/Uni-Class Related/Fall2024-CPI111/sprites/spr_feedback_good
[26-11-2024 01:20:30] Checking spr_feedback_good.yy
[26-11-2024 01:20:30] Parsing D:/GitHub/Uni-Class Related/Fall2024-CPI111/sprites/spr_feedback_good/spr_feedback_good.yy
[26-11-2024 01:20:30] Reading D:/GitHub/Uni-Class Related/Fall2024-CPI111/sprites/spr_feedback_good/spr_feedback_good.yy
[26-11-2024 01:20:30] Par: "folders/Sprites/Feedback" at dir: "D:/GitHub/Uni-Class Related/Fall2024-CPI111/sprites/spr_feedback_good/spr_feedback_good.yy"
[26-11-2024 01:20:30] Found Sprite: spr_feedback_good
[26-11-2024 01:20:30] Checking layers
[26-11-2024 01:20:30] Directory: D:/GitHub/Uni-Class Related/Fall2024-CPI111/sprites/spr_feedback_good/layers
[26-11-2024 01:20:30] Checking 8277c895-6c04-40b3-b38a-f5a1ac8e8ab7.png
[26-11-2024 01:20:30] Current parent directory: D:/GitHub/Uni-Class Related/Fall2024-CPI111/sprites/spr_feedback_good/layers
[26-11-2024 01:20:30] Checking 8277c895-6c04-40b3-b38a-f5a1ac8e8ab7
[26-11-2024 01:20:30] Directory: D:/GitHub/Uni-Class Related/Fall2024-CPI111/sprites/spr_feedback_good/layers/8277c895-6c04-40b3-b38a-f5a1ac8e8ab7
[26-11-2024 01:20:30] Current parent directory: D:/GitHub/Uni-Class Related/Fall2024-CPI111/sprites/spr_feedback_good/layers/8277c895-6c04-40b3-b38a-f5a1ac8e8ab7
[26-11-2024 01:20:30] Checking fe4b7076-0dff-4873-91a8-705f253bda92.png
[26-11-2024 01:20:30] Current parent directory: D:/GitHub/Uni-Class Related/Fall2024-CPI111/sprites/spr_feedback_great
[26-11-2024 01:20:30] Checking spr_feedback_great.yy
[26-11-2024 01:20:30] Parsing D:/GitHub/Uni-Class Related/Fall2024-CPI111/sprites/spr_feedback_great/spr_feedback_great.yy
[26-11-2024 01:20:30] Reading D:/GitHub/Uni-Class Related/Fall2024-CPI111/sprites/spr_feedback_great/spr_feedback_great.yy
[26-11-2024 01:20:30] Par: "folders/Sprites/Feedback" at dir: "D:/GitHub/Uni-Class Related/Fall2024-CPI111/sprites/spr_feedback_great/spr_feedback_great.yy"
[26-11-2024 01:20:30] Found Sprite: spr_feedback_great
[26-11-2024 01:20:30] Checking layers
[26-11-2024 01:20:30] Directory: D:/GitHub/Uni-Class Related/Fall2024-CPI111/sprites/spr_feedback_great/layers
[26-11-2024 01:20:30] Checking 4faf6a13-92ed-491c-8226-8a1e696c5821.png
[26-11-2024 01:20:30] Current parent directory: D:/GitHub/Uni-Class Related/Fall2024-CPI111/sprites/spr_feedback_great/layers
[26-11-2024 01:20:30] Checking 4faf6a13-92ed-491c-8226-8a1e696c5821
[26-11-2024 01:20:30] Directory: D:/GitHub/Uni-Class Related/Fall2024-CPI111/sprites/spr_feedback_great/layers/4faf6a13-92ed-491c-8226-8a1e696c5821
[26-11-2024 01:20:30] Current parent directory: D:/GitHub/Uni-Class Related/Fall2024-CPI111/sprites/spr_feedback_great/layers/4faf6a13-92ed-491c-8226-8a1e696c5821
[26-11-2024 01:20:30] Checking a54fb4e2-e79f-4de8-951a-4f9359ecf426.png
[26-11-2024 01:20:30] Current parent directory: D:/GitHub/Uni-Class Related/Fall2024-CPI111/sprites/spr_feedback_huzzah
[26-11-2024 01:20:30] Checking spr_feedback_huzzah.yy
[26-11-2024 01:20:30] Parsing D:/GitHub/Uni-Class Related/Fall2024-CPI111/sprites/spr_feedback_huzzah/spr_feedback_huzzah.yy
[26-11-2024 01:20:30] Reading D:/GitHub/Uni-Class Related/Fall2024-CPI111/sprites/spr_feedback_huzzah/spr_feedback_huzzah.yy
[26-11-2024 01:20:30] Par: "folders/Sprites/Feedback" at dir: "D:/GitHub/Uni-Class Related/Fall2024-CPI111/sprites/spr_feedback_huzzah/spr_feedback_huzzah.yy"
[26-11-2024 01:20:30] Found Sprite: spr_feedback_huzzah
[26-11-2024 01:20:30] Checking layers
[26-11-2024 01:20:30] Directory: D:/GitHub/Uni-Class Related/Fall2024-CPI111/sprites/spr_feedback_huzzah/layers
[26-11-2024 01:20:30] Checking 5dfaffc6-6add-4647-9c85-4b83c42119bb.png
[26-11-2024 01:20:30] Current parent directory: D:/GitHub/Uni-Class Related/Fall2024-CPI111/sprites/spr_feedback_huzzah/layers
[26-11-2024 01:20:30] Checking 5dfaffc6-6add-4647-9c85-4b83c42119bb
[26-11-2024 01:20:30] Directory: D:/GitHub/Uni-Class Related/Fall2024-CPI111/sprites/spr_feedback_huzzah/layers/5dfaffc6-6add-4647-9c85-4b83c42119bb
[26-11-2024 01:20:30] Current parent directory: D:/GitHub/Uni-Class Related/Fall2024-CPI111/sprites/spr_feedback_huzzah/layers/5dfaffc6-6add-4647-9c85-4b83c42119bb
[26-11-2024 01:20:30] Checking 70ad33d7-fd36-4ce6-9057-e40b12a8841e.png
[26-11-2024 01:20:30] Current parent directory: D:/GitHub/Uni-Class Related/Fall2024-CPI111/sprites/spr_feedback_miss
[26-11-2024 01:20:30] Checking spr_feedback_miss.yy
[26-11-2024 01:20:30] Parsing D:/GitHub/Uni-Class Related/Fall2024-CPI111/sprites/spr_feedback_miss/spr_feedback_miss.yy
[26-11-2024 01:20:30] Reading D:/GitHub/Uni-Class Related/Fall2024-CPI111/sprites/spr_feedback_miss/spr_feedback_miss.yy
[26-11-2024 01:20:30] Par: "folders/Sprites/Feedback" at dir: "D:/GitHub/Uni-Class Related/Fall2024-CPI111/sprites/spr_feedback_miss/spr_feedback_miss.yy"
[26-11-2024 01:20:30] Found Sprite: spr_feedback_miss
[26-11-2024 01:20:30] Checking layers
[26-11-2024 01:20:30] Directory: D:/GitHub/Uni-Class Related/Fall2024-CPI111/sprites/spr_feedback_miss/layers
[26-11-2024 01:20:30] Checking 368897f8-2dca-4cc5-968b-565b117704ce.png
[26-11-2024 01:20:30] Current parent directory: D:/GitHub/Uni-Class Related/Fall2024-CPI111/sprites/spr_feedback_miss/layers
[26-11-2024 01:20:30] Checking 368897f8-2dca-4cc5-968b-565b117704ce
[26-11-2024 01:20:30] Directory: D:/GitHub/Uni-Class Related/Fall2024-CPI111/sprites/spr_feedback_miss/layers/368897f8-2dca-4cc5-968b-565b117704ce
[26-11-2024 01:20:30] Current parent directory: D:/GitHub/Uni-Class Related/Fall2024-CPI111/sprites/spr_feedback_miss/layers/368897f8-2dca-4cc5-968b-565b117704ce
[26-11-2024 01:20:30] Checking fe9bfe79-e9f7-492a-8606-50d485e24be6.png
[26-11-2024 01:20:30] Current parent directory: D:/GitHub/Uni-Class Related/Fall2024-CPI111/sprites/spr_king
[26-11-2024 01:20:30] Checking spr_king.yy
[26-11-2024 01:20:30] Parsing D:/GitHub/Uni-Class Related/Fall2024-CPI111/sprites/spr_king/spr_king.yy
[26-11-2024 01:20:30] Reading D:/GitHub/Uni-Class Related/Fall2024-CPI111/sprites/spr_king/spr_king.yy
[26-11-2024 01:20:30] Par: "folders/Sprites/Characters/King" at dir: "D:/GitHub/Uni-Class Related/Fall2024-CPI111/sprites/spr_king/spr_king.yy"
[26-11-2024 01:20:30] Found Sprite: spr_king
[26-11-2024 01:20:30] Checking layers
[26-11-2024 01:20:30] Directory: D:/GitHub/Uni-Class Related/Fall2024-CPI111/sprites/spr_king/layers
[26-11-2024 01:20:30] Checking ea5065b0-e431-485d-ab52-e1b0b72c2a88.png
[26-11-2024 01:20:30] Checking c7ed58de-c395-4a43-b105-5ae77e65f3af.png
[26-11-2024 01:20:30] Checking 24f45ace-57e2-472c-b45d-25e4e031de98.png
[26-11-2024 01:20:30] Checking 1f8d41f0-bd6e-4395-bca9-5d352a652268.png
[26-11-2024 01:20:30] Current parent directory: D:/GitHub/Uni-Class Related/Fall2024-CPI111/sprites/spr_king/layers
[26-11-2024 01:20:30] Checking ea5065b0-e431-485d-ab52-e1b0b72c2a88
[26-11-2024 01:20:30] Directory: D:/GitHub/Uni-Class Related/Fall2024-CPI111/sprites/spr_king/layers/ea5065b0-e431-485d-ab52-e1b0b72c2a88
[26-11-2024 01:20:30] Checking c7ed58de-c395-4a43-b105-5ae77e65f3af
[26-11-2024 01:20:30] Directory: D:/GitHub/Uni-Class Related/Fall2024-CPI111/sprites/spr_king/layers/c7ed58de-c395-4a43-b105-5ae77e65f3af
[26-11-2024 01:20:30] Checking 24f45ace-57e2-472c-b45d-25e4e031de98
[26-11-2024 01:20:30] Directory: D:/GitHub/Uni-Class Related/Fall2024-CPI111/sprites/spr_king/layers/24f45ace-57e2-472c-b45d-25e4e031de98
[26-11-2024 01:20:30] Checking 1f8d41f0-bd6e-4395-bca9-5d352a652268
[26-11-2024 01:20:30] Directory: D:/GitHub/Uni-Class Related/Fall2024-CPI111/sprites/spr_king/layers/1f8d41f0-bd6e-4395-bca9-5d352a652268
[26-11-2024 01:20:30] Current parent directory: D:/GitHub/Uni-Class Related/Fall2024-CPI111/sprites/spr_king/layers/1f8d41f0-bd6e-4395-bca9-5d352a652268
[26-11-2024 01:20:30] Checking 97ff4f38-8bb1-43a2-a305-032ca519c690.png
[26-11-2024 01:20:30] Current parent directory: D:/GitHub/Uni-Class Related/Fall2024-CPI111/sprites/spr_king/layers/24f45ace-57e2-472c-b45d-25e4e031de98
[26-11-2024 01:20:30] Checking 97ff4f38-8bb1-43a2-a305-032ca519c690.png
[26-11-2024 01:20:30] Current parent directory: D:/GitHub/Uni-Class Related/Fall2024-CPI111/sprites/spr_king/layers/c7ed58de-c395-4a43-b105-5ae77e65f3af
[26-11-2024 01:20:30] Checking 97ff4f38-8bb1-43a2-a305-032ca519c690.png
[26-11-2024 01:20:30] Current parent directory: D:/GitHub/Uni-Class Related/Fall2024-CPI111/sprites/spr_king/layers/ea5065b0-e431-485d-ab52-e1b0b72c2a88
[26-11-2024 01:20:30] Checking 97ff4f38-8bb1-43a2-a305-032ca519c690.png
[26-11-2024 01:20:30] Current parent directory: D:/GitHub/Uni-Class Related/Fall2024-CPI111/sprites/spr_king_happy
[26-11-2024 01:20:30] Checking spr_king_happy.yy
[26-11-2024 01:20:30] Parsing D:/GitHub/Uni-Class Related/Fall2024-CPI111/sprites/spr_king_happy/spr_king_happy.yy
[26-11-2024 01:20:30] Reading D:/GitHub/Uni-Class Related/Fall2024-CPI111/sprites/spr_king_happy/spr_king_happy.yy
[26-11-2024 01:20:30] Par: "folders/Sprites/Characters/Portraits/King" at dir: "D:/GitHub/Uni-Class Related/Fall2024-CPI111/sprites/spr_king_happy/spr_king_happy.yy"
[26-11-2024 01:20:30] Found Sprite: spr_king_happy
[26-11-2024 01:20:30] Checking layers
[26-11-2024 01:20:30] Directory: D:/GitHub/Uni-Class Related/Fall2024-CPI111/sprites/spr_king_happy/layers
[26-11-2024 01:20:30] Checking 38238ec8-9d37-4eca-b63a-7813cb0d0674.png
[26-11-2024 01:20:30] Current parent directory: D:/GitHub/Uni-Class Related/Fall2024-CPI111/sprites/spr_king_happy/layers
[26-11-2024 01:20:30] Checking 38238ec8-9d37-4eca-b63a-7813cb0d0674
[26-11-2024 01:20:30] Directory: D:/GitHub/Uni-Class Related/Fall2024-CPI111/sprites/spr_king_happy/layers/38238ec8-9d37-4eca-b63a-7813cb0d0674
[26-11-2024 01:20:30] Current parent directory: D:/GitHub/Uni-Class Related/Fall2024-CPI111/sprites/spr_king_happy/layers/38238ec8-9d37-4eca-b63a-7813cb0d0674
[26-11-2024 01:20:30] Checking 67da30ad-db69-46fa-b150-700286ab822e.png
[26-11-2024 01:20:30] Current parent directory: D:/GitHub/Uni-Class Related/Fall2024-CPI111/sprites/spr_king_happy_icon
[26-11-2024 01:20:30] Checking spr_king_happy_icon.yy
[26-11-2024 01:20:30] Parsing D:/GitHub/Uni-Class Related/Fall2024-CPI111/sprites/spr_king_happy_icon/spr_king_happy_icon.yy
[26-11-2024 01:20:30] Reading D:/GitHub/Uni-Class Related/Fall2024-CPI111/sprites/spr_king_happy_icon/spr_king_happy_icon.yy
[26-11-2024 01:20:30] Par: "folders/Sprites/Characters/Dialogue Icons/King" at dir: "D:/GitHub/Uni-Class Related/Fall2024-CPI111/sprites/spr_king_happy_icon/spr_king_happy_icon.yy"
[26-11-2024 01:20:30] Found Sprite: spr_king_happy_icon
[26-11-2024 01:20:30] Checking layers
[26-11-2024 01:20:30] Directory: D:/GitHub/Uni-Class Related/Fall2024-CPI111/sprites/spr_king_happy_icon/layers
[26-11-2024 01:20:30] Checking 38238ec8-9d37-4eca-b63a-7813cb0d0674.png
[26-11-2024 01:20:30] Current parent directory: D:/GitHub/Uni-Class Related/Fall2024-CPI111/sprites/spr_king_happy_icon/layers
[26-11-2024 01:20:30] Checking 38238ec8-9d37-4eca-b63a-7813cb0d0674
[26-11-2024 01:20:30] Directory: D:/GitHub/Uni-Class Related/Fall2024-CPI111/sprites/spr_king_happy_icon/layers/38238ec8-9d37-4eca-b63a-7813cb0d0674
[26-11-2024 01:20:30] Current parent directory: D:/GitHub/Uni-Class Related/Fall2024-CPI111/sprites/spr_king_happy_icon/layers/38238ec8-9d37-4eca-b63a-7813cb0d0674
[26-11-2024 01:20:30] Checking 67da30ad-db69-46fa-b150-700286ab822e.png
[26-11-2024 01:20:30] Current parent directory: D:/GitHub/Uni-Class Related/Fall2024-CPI111/sprites/spr_king_neutral
[26-11-2024 01:20:30] Checking spr_king_neutral.yy
[26-11-2024 01:20:30] Parsing D:/GitHub/Uni-Class Related/Fall2024-CPI111/sprites/spr_king_neutral/spr_king_neutral.yy
[26-11-2024 01:20:30] Reading D:/GitHub/Uni-Class Related/Fall2024-CPI111/sprites/spr_king_neutral/spr_king_neutral.yy
[26-11-2024 01:20:30] Par: "folders/Sprites/Characters/Portraits/King" at dir: "D:/GitHub/Uni-Class Related/Fall2024-CPI111/sprites/spr_king_neutral/spr_king_neutral.yy"
[26-11-2024 01:20:30] Found Sprite: spr_king_neutral
[26-11-2024 01:20:30] Checking layers
[26-11-2024 01:20:30] Directory: D:/GitHub/Uni-Class Related/Fall2024-CPI111/sprites/spr_king_neutral/layers
[26-11-2024 01:20:30] Checking 0984760a-2ec0-4bb8-af92-83407c61e7be.png
[26-11-2024 01:20:30] Current parent directory: D:/GitHub/Uni-Class Related/Fall2024-CPI111/sprites/spr_king_neutral/layers
[26-11-2024 01:20:30] Checking 0984760a-2ec0-4bb8-af92-83407c61e7be
[26-11-2024 01:20:30] Directory: D:/GitHub/Uni-Class Related/Fall2024-CPI111/sprites/spr_king_neutral/layers/0984760a-2ec0-4bb8-af92-83407c61e7be
[26-11-2024 01:20:30] Current parent directory: D:/GitHub/Uni-Class Related/Fall2024-CPI111/sprites/spr_king_neutral/layers/0984760a-2ec0-4bb8-af92-83407c61e7be
[26-11-2024 01:20:30] Checking de1464c6-b5bf-4c60-9fe9-b8b890fa736d.png
[26-11-2024 01:20:30] Current parent directory: D:/GitHub/Uni-Class Related/Fall2024-CPI111/sprites/spr_king_neutral_icon
[26-11-2024 01:20:30] Checking spr_king_neutral_icon.yy
[26-11-2024 01:20:30] Parsing D:/GitHub/Uni-Class Related/Fall2024-CPI111/sprites/spr_king_neutral_icon/spr_king_neutral_icon.yy
[26-11-2024 01:20:30] Reading D:/GitHub/Uni-Class Related/Fall2024-CPI111/sprites/spr_king_neutral_icon/spr_king_neutral_icon.yy
[26-11-2024 01:20:30] Par: "folders/Sprites/Characters/Dialogue Icons/King" at dir: "D:/GitHub/Uni-Class Related/Fall2024-CPI111/sprites/spr_king_neutral_icon/spr_king_neutral_icon.yy"
[26-11-2024 01:20:30] Found Sprite: spr_king_neutral_icon
[26-11-2024 01:20:30] Checking layers
[26-11-2024 01:20:30] Directory: D:/GitHub/Uni-Class Related/Fall2024-CPI111/sprites/spr_king_neutral_icon/layers
[26-11-2024 01:20:30] Checking 0984760a-2ec0-4bb8-af92-83407c61e7be.png
[26-11-2024 01:20:30] Current parent directory: D:/GitHub/Uni-Class Related/Fall2024-CPI111/sprites/spr_king_neutral_icon/layers
[26-11-2024 01:20:30] Checking 0984760a-2ec0-4bb8-af92-83407c61e7be
[26-11-2024 01:20:30] Directory: D:/GitHub/Uni-Class Related/Fall2024-CPI111/sprites/spr_king_neutral_icon/layers/0984760a-2ec0-4bb8-af92-83407c61e7be
[26-11-2024 01:20:30] Current parent directory: D:/GitHub/Uni-Class Related/Fall2024-CPI111/sprites/spr_king_neutral_icon/layers/0984760a-2ec0-4bb8-af92-83407c61e7be
[26-11-2024 01:20:30] Checking de1464c6-b5bf-4c60-9fe9-b8b890fa736d.png
[26-11-2024 01:20:30] Current parent directory: D:/GitHub/Uni-Class Related/Fall2024-CPI111/sprites/spr_king_upset_angry
[26-11-2024 01:20:30] Checking spr_king_upset_angry.yy
[26-11-2024 01:20:30] Parsing D:/GitHub/Uni-Class Related/Fall2024-CPI111/sprites/spr_king_upset_angry/spr_king_upset_angry.yy
[26-11-2024 01:20:30] Reading D:/GitHub/Uni-Class Related/Fall2024-CPI111/sprites/spr_king_upset_angry/spr_king_upset_angry.yy
[26-11-2024 01:20:30] Par: "folders/Sprites/Characters/Portraits/King" at dir: "D:/GitHub/Uni-Class Related/Fall2024-CPI111/sprites/spr_king_upset_angry/spr_king_upset_angry.yy"
[26-11-2024 01:20:30] Found Sprite: spr_king_upset_angry
[26-11-2024 01:20:30] Checking layers
[26-11-2024 01:20:30] Directory: D:/GitHub/Uni-Class Related/Fall2024-CPI111/sprites/spr_king_upset_angry/layers
[26-11-2024 01:20:30] Checking 09e2ed74-43b5-40b0-bd66-d8ad93dee3c3.png
[26-11-2024 01:20:30] Current parent directory: D:/GitHub/Uni-Class Related/Fall2024-CPI111/sprites/spr_king_upset_angry/layers
[26-11-2024 01:20:30] Checking 09e2ed74-43b5-40b0-bd66-d8ad93dee3c3
[26-11-2024 01:20:30] Directory: D:/GitHub/Uni-Class Related/Fall2024-CPI111/sprites/spr_king_upset_angry/layers/09e2ed74-43b5-40b0-bd66-d8ad93dee3c3
[26-11-2024 01:20:30] Current parent directory: D:/GitHub/Uni-Class Related/Fall2024-CPI111/sprites/spr_king_upset_angry/layers/09e2ed74-43b5-40b0-bd66-d8ad93dee3c3
[26-11-2024 01:20:30] Checking a744b3c4-02ea-4fef-977d-9c3e71c37a9d.png
[26-11-2024 01:20:30] Current parent directory: D:/GitHub/Uni-Class Related/Fall2024-CPI111/sprites/spr_king_upset_angry_icon
[26-11-2024 01:20:30] Checking spr_king_upset_angry_icon.yy
[26-11-2024 01:20:30] Parsing D:/GitHub/Uni-Class Related/Fall2024-CPI111/sprites/spr_king_upset_angry_icon/spr_king_upset_angry_icon.yy
[26-11-2024 01:20:30] Reading D:/GitHub/Uni-Class Related/Fall2024-CPI111/sprites/spr_king_upset_angry_icon/spr_king_upset_angry_icon.yy
[26-11-2024 01:20:30] Par: "folders/Sprites/Characters/Dialogue Icons/King" at dir: "D:/GitHub/Uni-Class Related/Fall2024-CPI111/sprites/spr_king_upset_angry_icon/spr_king_upset_angry_icon.yy"
[26-11-2024 01:20:30] Found Sprite: spr_king_upset_angry_icon
[26-11-2024 01:20:30] Checking layers
[26-11-2024 01:20:30] Directory: D:/GitHub/Uni-Class Related/Fall2024-CPI111/sprites/spr_king_upset_angry_icon/layers
[26-11-2024 01:20:30] Checking 09e2ed74-43b5-40b0-bd66-d8ad93dee3c3.png
[26-11-2024 01:20:30] Current parent directory: D:/GitHub/Uni-Class Related/Fall2024-CPI111/sprites/spr_king_upset_angry_icon/layers
[26-11-2024 01:20:30] Checking 09e2ed74-43b5-40b0-bd66-d8ad93dee3c3
[26-11-2024 01:20:30] Directory: D:/GitHub/Uni-Class Related/Fall2024-CPI111/sprites/spr_king_upset_angry_icon/layers/09e2ed74-43b5-40b0-bd66-d8ad93dee3c3
[26-11-2024 01:20:30] Current parent directory: D:/GitHub/Uni-Class Related/Fall2024-CPI111/sprites/spr_king_upset_angry_icon/layers/09e2ed74-43b5-40b0-bd66-d8ad93dee3c3
[26-11-2024 01:20:30] Checking a744b3c4-02ea-4fef-977d-9c3e71c37a9d.png
[26-11-2024 01:20:30] Current parent directory: D:/GitHub/Uni-Class Related/Fall2024-CPI111/sprites/spr_left_arrow
[26-11-2024 01:20:30] Checking spr_left_arrow.yy
[26-11-2024 01:20:30] Parsing D:/GitHub/Uni-Class Related/Fall2024-CPI111/sprites/spr_left_arrow/spr_left_arrow.yy
[26-11-2024 01:20:30] Reading D:/GitHub/Uni-Class Related/Fall2024-CPI111/sprites/spr_left_arrow/spr_left_arrow.yy
[26-11-2024 01:20:30] Par: "folders/Sprites/Arrows" at dir: "D:/GitHub/Uni-Class Related/Fall2024-CPI111/sprites/spr_left_arrow/spr_left_arrow.yy"
[26-11-2024 01:20:30] Found Sprite: spr_left_arrow
[26-11-2024 01:20:30] Checking layers
[26-11-2024 01:20:30] Directory: D:/GitHub/Uni-Class Related/Fall2024-CPI111/sprites/spr_left_arrow/layers
[26-11-2024 01:20:30] Checking 2ebce51e-2143-4726-9de9-23c5da6cff03.png
[26-11-2024 01:20:30] Current parent directory: D:/GitHub/Uni-Class Related/Fall2024-CPI111/sprites/spr_left_arrow/layers
[26-11-2024 01:20:30] Checking 2ebce51e-2143-4726-9de9-23c5da6cff03
[26-11-2024 01:20:30] Directory: D:/GitHub/Uni-Class Related/Fall2024-CPI111/sprites/spr_left_arrow/layers/2ebce51e-2143-4726-9de9-23c5da6cff03
[26-11-2024 01:20:30] Current parent directory: D:/GitHub/Uni-Class Related/Fall2024-CPI111/sprites/spr_left_arrow/layers/2ebce51e-2143-4726-9de9-23c5da6cff03
[26-11-2024 01:20:30] Checking e4949c53-9d34-4707-8592-95bd65221263.png
[26-11-2024 01:20:30] Current parent directory: D:/GitHub/Uni-Class Related/Fall2024-CPI111/sprites/spr_left_arrow_icon
[26-11-2024 01:20:30] Checking spr_left_arrow_icon.yy
[26-11-2024 01:20:30] Parsing D:/GitHub/Uni-Class Related/Fall2024-CPI111/sprites/spr_left_arrow_icon/spr_left_arrow_icon.yy
[26-11-2024 01:20:30] Reading D:/GitHub/Uni-Class Related/Fall2024-CPI111/sprites/spr_left_arrow_icon/spr_left_arrow_icon.yy
[26-11-2024 01:20:30] Par: "folders/Sprites/Characters/Dialogue Icons/Arrows" at dir: "D:/GitHub/Uni-Class Related/Fall2024-CPI111/sprites/spr_left_arrow_icon/spr_left_arrow_icon.yy"
[26-11-2024 01:20:30] Found Sprite: spr_left_arrow_icon
[26-11-2024 01:20:30] Checking layers
[26-11-2024 01:20:30] Directory: D:/GitHub/Uni-Class Related/Fall2024-CPI111/sprites/spr_left_arrow_icon/layers
[26-11-2024 01:20:30] Checking 8cdc8539-ec08-4018-9b89-345291504197.png
[26-11-2024 01:20:30] Current parent directory: D:/GitHub/Uni-Class Related/Fall2024-CPI111/sprites/spr_left_arrow_icon/layers
[26-11-2024 01:20:30] Checking 8cdc8539-ec08-4018-9b89-345291504197
[26-11-2024 01:20:30] Directory: D:/GitHub/Uni-Class Related/Fall2024-CPI111/sprites/spr_left_arrow_icon/layers/8cdc8539-ec08-4018-9b89-345291504197
[26-11-2024 01:20:30] Current parent directory: D:/GitHub/Uni-Class Related/Fall2024-CPI111/sprites/spr_left_arrow_icon/layers/8cdc8539-ec08-4018-9b89-345291504197
[26-11-2024 01:20:30] Checking 04a77b8c-4dc8-4f04-8a92-068a3e43b257.png
[26-11-2024 01:20:30] Current parent directory: D:/GitHub/Uni-Class Related/Fall2024-CPI111/sprites/spr_left_arrow_slot
[26-11-2024 01:20:30] Checking spr_left_arrow_slot.yy
[26-11-2024 01:20:30] Parsing D:/GitHub/Uni-Class Related/Fall2024-CPI111/sprites/spr_left_arrow_slot/spr_left_arrow_slot.yy
[26-11-2024 01:20:30] Reading D:/GitHub/Uni-Class Related/Fall2024-CPI111/sprites/spr_left_arrow_slot/spr_left_arrow_slot.yy
[26-11-2024 01:20:30] Par: "folders/Sprites/Arrows" at dir: "D:/GitHub/Uni-Class Related/Fall2024-CPI111/sprites/spr_left_arrow_slot/spr_left_arrow_slot.yy"
[26-11-2024 01:20:30] Found Sprite: spr_left_arrow_slot
[26-11-2024 01:20:30] Checking layers
[26-11-2024 01:20:30] Directory: D:/GitHub/Uni-Class Related/Fall2024-CPI111/sprites/spr_left_arrow_slot/layers
[26-11-2024 01:20:30] Checking 0e77997b-bf96-4f81-bda5-0e40e672b4cb.png
[26-11-2024 01:20:30] Current parent directory: D:/GitHub/Uni-Class Related/Fall2024-CPI111/sprites/spr_left_arrow_slot/layers
[26-11-2024 01:20:30] Checking 0e77997b-bf96-4f81-bda5-0e40e672b4cb
[26-11-2024 01:20:30] Directory: D:/GitHub/Uni-Class Related/Fall2024-CPI111/sprites/spr_left_arrow_slot/layers/0e77997b-bf96-4f81-bda5-0e40e672b4cb
[26-11-2024 01:20:30] Current parent directory: D:/GitHub/Uni-Class Related/Fall2024-CPI111/sprites/spr_left_arrow_slot/layers/0e77997b-bf96-4f81-bda5-0e40e672b4cb
[26-11-2024 01:20:30] Checking e5f0da55-aa1a-44f4-a0f6-5e94ef2d6211.png
[26-11-2024 01:20:30] Current parent directory: D:/GitHub/Uni-Class Related/Fall2024-CPI111/sprites/spr_level_health_barUI_assets
[26-11-2024 01:20:30] Checking spr_level_health_barUI_assets.yy
[26-11-2024 01:20:30] Parsing D:/GitHub/Uni-Class Related/Fall2024-CPI111/sprites/spr_level_health_barUI_assets/spr_level_health_barUI_assets.yy
[26-11-2024 01:20:30] Reading D:/GitHub/Uni-Class Related/Fall2024-CPI111/sprites/spr_level_health_barUI_assets/spr_level_health_barUI_assets.yy
[26-11-2024 01:20:30] Par: "folders/Sprites/UI/Health Bar" at dir: "D:/GitHub/Uni-Class Related/Fall2024-CPI111/sprites/spr_level_health_barUI_assets/spr_level_health_barUI_assets.yy"
[26-11-2024 01:20:30] Found Sprite: spr_level_health_barUI_assets
[26-11-2024 01:20:30] Checking layers
[26-11-2024 01:20:30] Directory: D:/GitHub/Uni-Class Related/Fall2024-CPI111/sprites/spr_level_health_barUI_assets/layers
[26-11-2024 01:20:30] Checking a018ce5b-85d7-46bd-80d3-b5e77264d876.png
[26-11-2024 01:20:30] Current parent directory: D:/GitHub/Uni-Class Related/Fall2024-CPI111/sprites/spr_level_health_barUI_assets/layers
[26-11-2024 01:20:30] Checking a018ce5b-85d7-46bd-80d3-b5e77264d876
[26-11-2024 01:20:30] Directory: D:/GitHub/Uni-Class Related/Fall2024-CPI111/sprites/spr_level_health_barUI_assets/layers/a018ce5b-85d7-46bd-80d3-b5e77264d876
[26-11-2024 01:20:30] Current parent directory: D:/GitHub/Uni-Class Related/Fall2024-CPI111/sprites/spr_level_health_barUI_assets/layers/a018ce5b-85d7-46bd-80d3-b5e77264d876
[26-11-2024 01:20:30] Checking 5d1e3234-5269-4dc1-a7ea-d87255dd9d6a.png
[26-11-2024 01:20:30] Current parent directory: D:/GitHub/Uni-Class Related/Fall2024-CPI111/sprites/spr_level_progress_barUI_assets
[26-11-2024 01:20:30] Checking spr_level_progress_barUI_assets.yy
[26-11-2024 01:20:30] Parsing D:/GitHub/Uni-Class Related/Fall2024-CPI111/sprites/spr_level_progress_barUI_assets/spr_level_progress_barUI_assets.yy
[26-11-2024 01:20:30] Reading D:/GitHub/Uni-Class Related/Fall2024-CPI111/sprites/spr_level_progress_barUI_assets/spr_level_progress_barUI_assets.yy
[26-11-2024 01:20:30] Par: "folders/Sprites/UI/Level Progress" at dir: "D:/GitHub/Uni-Class Related/Fall2024-CPI111/sprites/spr_level_progress_barUI_assets/spr_level_progress_barUI_assets.yy"
[26-11-2024 01:20:30] Found Sprite: spr_level_progress_barUI_assets
[26-11-2024 01:20:30] Checking layers
[26-11-2024 01:20:30] Directory: D:/GitHub/Uni-Class Related/Fall2024-CPI111/sprites/spr_level_progress_barUI_assets/layers
[26-11-2024 01:20:30] Checking d5e877d7-4a91-49eb-9ef4-e051f5497284.png
[26-11-2024 01:20:30] Current parent directory: D:/GitHub/Uni-Class Related/Fall2024-CPI111/sprites/spr_level_progress_barUI_assets/layers
[26-11-2024 01:20:30] Checking d5e877d7-4a91-49eb-9ef4-e051f5497284
[26-11-2024 01:20:30] Directory: D:/GitHub/Uni-Class Related/Fall2024-CPI111/sprites/spr_level_progress_barUI_assets/layers/d5e877d7-4a91-49eb-9ef4-e051f5497284
[26-11-2024 01:20:30] Current parent directory: D:/GitHub/Uni-Class Related/Fall2024-CPI111/sprites/spr_level_progress_barUI_assets/layers/d5e877d7-4a91-49eb-9ef4-e051f5497284
[26-11-2024 01:20:30] Checking d54d2a53-19ac-4e09-a3e3-dfa392da8659.png
[26-11-2024 01:20:30] Current parent directory: D:/GitHub/Uni-Class Related/Fall2024-CPI111/sprites/spr_level_scoreUI_assets
[26-11-2024 01:20:30] Checking spr_level_scoreUI_assets.yy
[26-11-2024 01:20:30] Parsing D:/GitHub/Uni-Class Related/Fall2024-CPI111/sprites/spr_level_scoreUI_assets/spr_level_scoreUI_assets.yy
[26-11-2024 01:20:30] Reading D:/GitHub/Uni-Class Related/Fall2024-CPI111/sprites/spr_level_scoreUI_assets/spr_level_scoreUI_assets.yy
[26-11-2024 01:20:30] Par: "folders/Sprites/UI/Score" at dir: "D:/GitHub/Uni-Class Related/Fall2024-CPI111/sprites/spr_level_scoreUI_assets/spr_level_scoreUI_assets.yy"
[26-11-2024 01:20:30] Found Sprite: spr_level_scoreUI_assets
[26-11-2024 01:20:30] Checking layers
[26-11-2024 01:20:30] Directory: D:/GitHub/Uni-Class Related/Fall2024-CPI111/sprites/spr_level_scoreUI_assets/layers
[26-11-2024 01:20:30] Checking 3a5f9bf9-0a60-48f1-9a47-fbf39d94262c.png
[26-11-2024 01:20:30] Current parent directory: D:/GitHub/Uni-Class Related/Fall2024-CPI111/sprites/spr_level_scoreUI_assets/layers
[26-11-2024 01:20:30] Checking 3a5f9bf9-0a60-48f1-9a47-fbf39d94262c
[26-11-2024 01:20:30] Directory: D:/GitHub/Uni-Class Related/Fall2024-CPI111/sprites/spr_level_scoreUI_assets/layers/3a5f9bf9-0a60-48f1-9a47-fbf39d94262c
[26-11-2024 01:20:30] Current parent directory: D:/GitHub/Uni-Class Related/Fall2024-CPI111/sprites/spr_level_scoreUI_assets/layers/3a5f9bf9-0a60-48f1-9a47-fbf39d94262c
[26-11-2024 01:20:30] Checking 27023baf-72b1-48b4-a643-0ddfdfd1332e.png
[26-11-2024 01:20:30] Current parent directory: D:/GitHub/Uni-Class Related/Fall2024-CPI111/sprites/spr_next_arrow
[26-11-2024 01:20:30] Checking spr_next_arrow.yy
[26-11-2024 01:20:30] Parsing D:/GitHub/Uni-Class Related/Fall2024-CPI111/sprites/spr_next_arrow/spr_next_arrow.yy
[26-11-2024 01:20:30] Reading D:/GitHub/Uni-Class Related/Fall2024-CPI111/sprites/spr_next_arrow/spr_next_arrow.yy
[26-11-2024 01:20:30] Par: "folders/Sprites/Dialogue" at dir: "D:/GitHub/Uni-Class Related/Fall2024-CPI111/sprites/spr_next_arrow/spr_next_arrow.yy"
[26-11-2024 01:20:30] Found Sprite: spr_next_arrow
[26-11-2024 01:20:30] Checking layers
[26-11-2024 01:20:30] Directory: D:/GitHub/Uni-Class Related/Fall2024-CPI111/sprites/spr_next_arrow/layers
[26-11-2024 01:20:30] Checking f154b9bc-b920-48a5-9971-582bf3c5d812.png
[26-11-2024 01:20:30] Checking f0d2d75e-025a-4708-9607-47cbd707fbb9.png
[26-11-2024 01:20:30] Checking ba39fd5f-d020-4992-bc4e-05c848ec7f06.png
[26-11-2024 01:20:30] Checking a088d5b4-dc52-4d4a-8020-7c96aa625aa1.png
[26-11-2024 01:20:30] Checking 909d3e63-d0ef-4fd3-9273-b39fbe67b991.png
[26-11-2024 01:20:30] Checking 8c6dfb57-6d69-4041-be05-f245bb14cf8b.png
[26-11-2024 01:20:30] Checking 787dcf99-4be1-4571-8712-5bf3ed582d21.png
[26-11-2024 01:20:30] Checking 745a5f54-42b6-47f1-b574-d3810a283d30.png
[26-11-2024 01:20:30] Checking 590a8ba6-12d1-490a-8d77-3b12ff562435.png
[26-11-2024 01:20:30] Checking 3dc15b3d-3531-410b-9b2b-34e1716806bd.png
[26-11-2024 01:20:30] Checking 1a68aeb0-c0a6-4807-931f-9d7ffd9c2de5.png
[26-11-2024 01:20:30] Checking 190184bd-814d-4b85-b697-3974c1da1a5b.png
[26-11-2024 01:20:30] Checking 16e438ca-5f20-487d-902f-bf3f51f7dfd9.png
[26-11-2024 01:20:30] Checking 0abd7e4e-67d4-4222-95a0-3477aead12f9.png
[26-11-2024 01:20:30] Current parent directory: D:/GitHub/Uni-Class Related/Fall2024-CPI111/sprites/spr_next_arrow/layers
[26-11-2024 01:20:30] Checking f154b9bc-b920-48a5-9971-582bf3c5d812
[26-11-2024 01:20:30] Directory: D:/GitHub/Uni-Class Related/Fall2024-CPI111/sprites/spr_next_arrow/layers/f154b9bc-b920-48a5-9971-582bf3c5d812
[26-11-2024 01:20:30] Checking f0d2d75e-025a-4708-9607-47cbd707fbb9
[26-11-2024 01:20:30] Directory: D:/GitHub/Uni-Class Related/Fall2024-CPI111/sprites/spr_next_arrow/layers/f0d2d75e-025a-4708-9607-47cbd707fbb9
[26-11-2024 01:20:30] Checking ba39fd5f-d020-4992-bc4e-05c848ec7f06
[26-11-2024 01:20:30] Directory: D:/GitHub/Uni-Class Related/Fall2024-CPI111/sprites/spr_next_arrow/layers/ba39fd5f-d020-4992-bc4e-05c848ec7f06
[26-11-2024 01:20:30] Checking a088d5b4-dc52-4d4a-8020-7c96aa625aa1
[26-11-2024 01:20:30] Directory: D:/GitHub/Uni-Class Related/Fall2024-CPI111/sprites/spr_next_arrow/layers/a088d5b4-dc52-4d4a-8020-7c96aa625aa1
[26-11-2024 01:20:30] Checking 909d3e63-d0ef-4fd3-9273-b39fbe67b991
[26-11-2024 01:20:30] Directory: D:/GitHub/Uni-Class Related/Fall2024-CPI111/sprites/spr_next_arrow/layers/909d3e63-d0ef-4fd3-9273-b39fbe67b991
[26-11-2024 01:20:30] Checking 8c6dfb57-6d69-4041-be05-f245bb14cf8b
[26-11-2024 01:20:30] Directory: D:/GitHub/Uni-Class Related/Fall2024-CPI111/sprites/spr_next_arrow/layers/8c6dfb57-6d69-4041-be05-f245bb14cf8b
[26-11-2024 01:20:30] Checking 787dcf99-4be1-4571-8712-5bf3ed582d21
[26-11-2024 01:20:30] Directory: D:/GitHub/Uni-Class Related/Fall2024-CPI111/sprites/spr_next_arrow/layers/787dcf99-4be1-4571-8712-5bf3ed582d21
[26-11-2024 01:20:30] Checking 745a5f54-42b6-47f1-b574-d3810a283d30
[26-11-2024 01:20:30] Directory: D:/GitHub/Uni-Class Related/Fall2024-CPI111/sprites/spr_next_arrow/layers/745a5f54-42b6-47f1-b574-d3810a283d30
[26-11-2024 01:20:30] Checking 590a8ba6-12d1-490a-8d77-3b12ff562435
[26-11-2024 01:20:30] Directory: D:/GitHub/Uni-Class Related/Fall2024-CPI111/sprites/spr_next_arrow/layers/590a8ba6-12d1-490a-8d77-3b12ff562435
[26-11-2024 01:20:30] Checking 3dc15b3d-3531-410b-9b2b-34e1716806bd
[26-11-2024 01:20:30] Directory: D:/GitHub/Uni-Class Related/Fall2024-CPI111/sprites/spr_next_arrow/layers/3dc15b3d-3531-410b-9b2b-34e1716806bd
[26-11-2024 01:20:30] Checking 1a68aeb0-c0a6-4807-931f-9d7ffd9c2de5
[26-11-2024 01:20:30] Directory: D:/GitHub/Uni-Class Related/Fall2024-CPI111/sprites/spr_next_arrow/layers/1a68aeb0-c0a6-4807-931f-9d7ffd9c2de5
[26-11-2024 01:20:30] Checking 190184bd-814d-4b85-b697-3974c1da1a5b
[26-11-2024 01:20:30] Directory: D:/GitHub/Uni-Class Related/Fall2024-CPI111/sprites/spr_next_arrow/layers/190184bd-814d-4b85-b697-3974c1da1a5b
[26-11-2024 01:20:30] Checking 16e438ca-5f20-487d-902f-bf3f51f7dfd9
[26-11-2024 01:20:30] Directory: D:/GitHub/Uni-Class Related/Fall2024-CPI111/sprites/spr_next_arrow/layers/16e438ca-5f20-487d-902f-bf3f51f7dfd9
[26-11-2024 01:20:30] Checking 0abd7e4e-67d4-4222-95a0-3477aead12f9
[26-11-2024 01:20:30] Directory: D:/GitHub/Uni-Class Related/Fall2024-CPI111/sprites/spr_next_arrow/layers/0abd7e4e-67d4-4222-95a0-3477aead12f9
[26-11-2024 01:20:30] Current parent directory: D:/GitHub/Uni-Class Related/Fall2024-CPI111/sprites/spr_next_arrow/layers/0abd7e4e-67d4-4222-95a0-3477aead12f9
[26-11-2024 01:20:30] Checking 2b62278a-bb64-403e-9a56-6a4eddb8ebf7.png
[26-11-2024 01:20:30] Current parent directory: D:/GitHub/Uni-Class Related/Fall2024-CPI111/sprites/spr_next_arrow/layers/16e438ca-5f20-487d-902f-bf3f51f7dfd9
[26-11-2024 01:20:30] Checking 2b62278a-bb64-403e-9a56-6a4eddb8ebf7.png
[26-11-2024 01:20:30] Current parent directory: D:/GitHub/Uni-Class Related/Fall2024-CPI111/sprites/spr_next_arrow/layers/190184bd-814d-4b85-b697-3974c1da1a5b
[26-11-2024 01:20:30] Checking 2b62278a-bb64-403e-9a56-6a4eddb8ebf7.png
[26-11-2024 01:20:30] Current parent directory: D:/GitHub/Uni-Class Related/Fall2024-CPI111/sprites/spr_next_arrow/layers/1a68aeb0-c0a6-4807-931f-9d7ffd9c2de5
[26-11-2024 01:20:30] Checking 2b62278a-bb64-403e-9a56-6a4eddb8ebf7.png
[26-11-2024 01:20:30] Current parent directory: D:/GitHub/Uni-Class Related/Fall2024-CPI111/sprites/spr_next_arrow/layers/3dc15b3d-3531-410b-9b2b-34e1716806bd
[26-11-2024 01:20:30] Checking 2b62278a-bb64-403e-9a56-6a4eddb8ebf7.png
[26-11-2024 01:20:30] Current parent directory: D:/GitHub/Uni-Class Related/Fall2024-CPI111/sprites/spr_next_arrow/layers/590a8ba6-12d1-490a-8d77-3b12ff562435
[26-11-2024 01:20:30] Checking 2b62278a-bb64-403e-9a56-6a4eddb8ebf7.png
[26-11-2024 01:20:30] Current parent directory: D:/GitHub/Uni-Class Related/Fall2024-CPI111/sprites/spr_next_arrow/layers/745a5f54-42b6-47f1-b574-d3810a283d30
[26-11-2024 01:20:30] Checking 2b62278a-bb64-403e-9a56-6a4eddb8ebf7.png
[26-11-2024 01:20:30] Current parent directory: D:/GitHub/Uni-Class Related/Fall2024-CPI111/sprites/spr_next_arrow/layers/787dcf99-4be1-4571-8712-5bf3ed582d21
[26-11-2024 01:20:30] Checking 2b62278a-bb64-403e-9a56-6a4eddb8ebf7.png
[26-11-2024 01:20:30] Current parent directory: D:/GitHub/Uni-Class Related/Fall2024-CPI111/sprites/spr_next_arrow/layers/8c6dfb57-6d69-4041-be05-f245bb14cf8b
[26-11-2024 01:20:30] Checking 2b62278a-bb64-403e-9a56-6a4eddb8ebf7.png
[26-11-2024 01:20:30] Current parent directory: D:/GitHub/Uni-Class Related/Fall2024-CPI111/sprites/spr_next_arrow/layers/909d3e63-d0ef-4fd3-9273-b39fbe67b991
[26-11-2024 01:20:30] Checking 2b62278a-bb64-403e-9a56-6a4eddb8ebf7.png
[26-11-2024 01:20:30] Current parent directory: D:/GitHub/Uni-Class Related/Fall2024-CPI111/sprites/spr_next_arrow/layers/a088d5b4-dc52-4d4a-8020-7c96aa625aa1
[26-11-2024 01:20:30] Checking 2b62278a-bb64-403e-9a56-6a4eddb8ebf7.png
[26-11-2024 01:20:30] Current parent directory: D:/GitHub/Uni-Class Related/Fall2024-CPI111/sprites/spr_next_arrow/layers/ba39fd5f-d020-4992-bc4e-05c848ec7f06
[26-11-2024 01:20:30] Checking 2b62278a-bb64-403e-9a56-6a4eddb8ebf7.png
[26-11-2024 01:20:30] Current parent directory: D:/GitHub/Uni-Class Related/Fall2024-CPI111/sprites/spr_next_arrow/layers/f0d2d75e-025a-4708-9607-47cbd707fbb9
[26-11-2024 01:20:30] Checking 2b62278a-bb64-403e-9a56-6a4eddb8ebf7.png
[26-11-2024 01:20:30] Current parent directory: D:/GitHub/Uni-Class Related/Fall2024-CPI111/sprites/spr_next_arrow/layers/f154b9bc-b920-48a5-9971-582bf3c5d812
[26-11-2024 01:20:30] Checking 2b62278a-bb64-403e-9a56-6a4eddb8ebf7.png
[26-11-2024 01:20:30] Current parent directory: D:/GitHub/Uni-Class Related/Fall2024-CPI111/sprites/spr_next_button
[26-11-2024 01:20:30] Checking spr_next_button.yy
[26-11-2024 01:20:30] Parsing D:/GitHub/Uni-Class Related/Fall2024-CPI111/sprites/spr_next_button/spr_next_button.yy
[26-11-2024 01:20:30] Reading D:/GitHub/Uni-Class Related/Fall2024-CPI111/sprites/spr_next_button/spr_next_button.yy
[26-11-2024 01:20:30] Par: "folders/Sprites/Buttons/Results buttons" at dir: "D:/GitHub/Uni-Class Related/Fall2024-CPI111/sprites/spr_next_button/spr_next_button.yy"
[26-11-2024 01:20:30] Found Sprite: spr_next_button
[26-11-2024 01:20:30] Checking layers
[26-11-2024 01:20:30] Directory: D:/GitHub/Uni-Class Related/Fall2024-CPI111/sprites/spr_next_button/layers
[26-11-2024 01:20:30] Checking f90b4f45-4865-4b7c-adeb-73fccffa439a.png
[26-11-2024 01:20:30] Current parent directory: D:/GitHub/Uni-Class Related/Fall2024-CPI111/sprites/spr_next_button/layers
[26-11-2024 01:20:30] Checking f90b4f45-4865-4b7c-adeb-73fccffa439a
[26-11-2024 01:20:30] Directory: D:/GitHub/Uni-Class Related/Fall2024-CPI111/sprites/spr_next_button/layers/f90b4f45-4865-4b7c-adeb-73fccffa439a
[26-11-2024 01:20:30] Current parent directory: D:/GitHub/Uni-Class Related/Fall2024-CPI111/sprites/spr_next_button/layers/f90b4f45-4865-4b7c-adeb-73fccffa439a
[26-11-2024 01:20:30] Checking 47a274d7-ab74-481f-b0c6-fb2fa723dcb0.png
[26-11-2024 01:20:30] Current parent directory: D:/GitHub/Uni-Class Related/Fall2024-CPI111/sprites/spr_pause_scrollUI_assets
[26-11-2024 01:20:30] Checking spr_pause_scrollUI_assets.yy
[26-11-2024 01:20:30] Parsing D:/GitHub/Uni-Class Related/Fall2024-CPI111/sprites/spr_pause_scrollUI_assets/spr_pause_scrollUI_assets.yy
[26-11-2024 01:20:30] Reading D:/GitHub/Uni-Class Related/Fall2024-CPI111/sprites/spr_pause_scrollUI_assets/spr_pause_scrollUI_assets.yy
[26-11-2024 01:20:30] Par: "folders/Sprites/UI/Pause" at dir: "D:/GitHub/Uni-Class Related/Fall2024-CPI111/sprites/spr_pause_scrollUI_assets/spr_pause_scrollUI_assets.yy"
[26-11-2024 01:20:30] Found Sprite: spr_pause_scrollUI_assets
[26-11-2024 01:20:30] Checking layers
[26-11-2024 01:20:30] Directory: D:/GitHub/Uni-Class Related/Fall2024-CPI111/sprites/spr_pause_scrollUI_assets/layers
[26-11-2024 01:20:30] Checking 9ecd033f-6758-42cc-98aa-31a0fb26b022.png
[26-11-2024 01:20:30] Current parent directory: D:/GitHub/Uni-Class Related/Fall2024-CPI111/sprites/spr_pause_scrollUI_assets/layers
[26-11-2024 01:20:30] Checking 9ecd033f-6758-42cc-98aa-31a0fb26b022
[26-11-2024 01:20:30] Directory: D:/GitHub/Uni-Class Related/Fall2024-CPI111/sprites/spr_pause_scrollUI_assets/layers/9ecd033f-6758-42cc-98aa-31a0fb26b022
[26-11-2024 01:20:30] Current parent directory: D:/GitHub/Uni-Class Related/Fall2024-CPI111/sprites/spr_pause_scrollUI_assets/layers/9ecd033f-6758-42cc-98aa-31a0fb26b022
[26-11-2024 01:20:30] Checking 9b34d93e-c19c-44a2-8d00-582224bf9857.png
[26-11-2024 01:20:30] Current parent directory: D:/GitHub/Uni-Class Related/Fall2024-CPI111/sprites/spr_player
[26-11-2024 01:20:30] Checking spr_player.yy
[26-11-2024 01:20:30] Parsing D:/GitHub/Uni-Class Related/Fall2024-CPI111/sprites/spr_player/spr_player.yy
[26-11-2024 01:20:30] Reading D:/GitHub/Uni-Class Related/Fall2024-CPI111/sprites/spr_player/spr_player.yy
[26-11-2024 01:20:30] Par: "folders/Sprites/Characters/Portraits/Player" at dir: "D:/GitHub/Uni-Class Related/Fall2024-CPI111/sprites/spr_player/spr_player.yy"
[26-11-2024 01:20:30] Found Sprite: spr_player
[26-11-2024 01:20:30] Checking layers
[26-11-2024 01:20:30] Directory: D:/GitHub/Uni-Class Related/Fall2024-CPI111/sprites/spr_player/layers
[26-11-2024 01:20:30] Checking 377f4746-b4d1-40f0-8485-38edda4a6a8b.png
[26-11-2024 01:20:30] Current parent directory: D:/GitHub/Uni-Class Related/Fall2024-CPI111/sprites/spr_player/layers
[26-11-2024 01:20:30] Checking 377f4746-b4d1-40f0-8485-38edda4a6a8b
[26-11-2024 01:20:30] Directory: D:/GitHub/Uni-Class Related/Fall2024-CPI111/sprites/spr_player/layers/377f4746-b4d1-40f0-8485-38edda4a6a8b
[26-11-2024 01:20:30] Current parent directory: D:/GitHub/Uni-Class Related/Fall2024-CPI111/sprites/spr_player/layers/377f4746-b4d1-40f0-8485-38edda4a6a8b
[26-11-2024 01:20:30] Checking fcbdf18f-ac2d-4e11-900d-33e157f8a884.png
[26-11-2024 01:20:30] Current parent directory: D:/GitHub/Uni-Class Related/Fall2024-CPI111/sprites/spr_player_anim
[26-11-2024 01:20:30] Checking spr_player_anim.yy
[26-11-2024 01:20:30] Parsing D:/GitHub/Uni-Class Related/Fall2024-CPI111/sprites/spr_player_anim/spr_player_anim.yy
[26-11-2024 01:20:30] Reading D:/GitHub/Uni-Class Related/Fall2024-CPI111/sprites/spr_player_anim/spr_player_anim.yy
[26-11-2024 01:20:30] Par: "folders/Sprites/Characters/Player" at dir: "D:/GitHub/Uni-Class Related/Fall2024-CPI111/sprites/spr_player_anim/spr_player_anim.yy"
[26-11-2024 01:20:30] Found Sprite: spr_player_anim
[26-11-2024 01:20:30] Checking layers
[26-11-2024 01:20:30] Directory: D:/GitHub/Uni-Class Related/Fall2024-CPI111/sprites/spr_player_anim/layers
[26-11-2024 01:20:30] Checking e62aaf47-c347-456d-986a-65834c359040.png
[26-11-2024 01:20:30] Checking b4fa2200-9428-4a83-abe3-022dd24e318c.png
[26-11-2024 01:20:30] Checking 87fc3f49-dd5e-4755-9615-87cd57859d6c.png
[26-11-2024 01:20:30] Checking 5f5531a0-013a-4c63-9a0b-254e38f50f6e.png
[26-11-2024 01:20:30] Checking 59b3341e-207b-449b-a72b-f2aa84b12c25.png
[26-11-2024 01:20:30] Checking 42e0bef0-7d33-42fe-a2c4-bd927daeb391.png
[26-11-2024 01:20:30] Checking 39cd786b-0cc7-40cd-bc24-0d0c2fd090de.png
[26-11-2024 01:20:30] Checking 296215ac-8730-41ec-86e7-0179efece76c.png
[26-11-2024 01:20:30] Checking 0a916dd2-6c64-4e03-b9ca-a778a1a28724.png
[26-11-2024 01:20:30] Checking 07fe0724-f302-4eca-80ff-262c4e32b146.png
[26-11-2024 01:20:30] Current parent directory: D:/GitHub/Uni-Class Related/Fall2024-CPI111/sprites/spr_player_anim/layers
[26-11-2024 01:20:30] Checking e62aaf47-c347-456d-986a-65834c359040
[26-11-2024 01:20:30] Directory: D:/GitHub/Uni-Class Related/Fall2024-CPI111/sprites/spr_player_anim/layers/e62aaf47-c347-456d-986a-65834c359040
[26-11-2024 01:20:30] Checking b4fa2200-9428-4a83-abe3-022dd24e318c
[26-11-2024 01:20:30] Directory: D:/GitHub/Uni-Class Related/Fall2024-CPI111/sprites/spr_player_anim/layers/b4fa2200-9428-4a83-abe3-022dd24e318c
[26-11-2024 01:20:30] Checking 87fc3f49-dd5e-4755-9615-87cd57859d6c
[26-11-2024 01:20:30] Directory: D:/GitHub/Uni-Class Related/Fall2024-CPI111/sprites/spr_player_anim/layers/87fc3f49-dd5e-4755-9615-87cd57859d6c
[26-11-2024 01:20:30] Checking 5f5531a0-013a-4c63-9a0b-254e38f50f6e
[26-11-2024 01:20:30] Directory: D:/GitHub/Uni-Class Related/Fall2024-CPI111/sprites/spr_player_anim/layers/5f5531a0-013a-4c63-9a0b-254e38f50f6e
[26-11-2024 01:20:30] Checking 59b3341e-207b-449b-a72b-f2aa84b12c25
[26-11-2024 01:20:30] Directory: D:/GitHub/Uni-Class Related/Fall2024-CPI111/sprites/spr_player_anim/layers/59b3341e-207b-449b-a72b-f2aa84b12c25
[26-11-2024 01:20:30] Checking 42e0bef0-7d33-42fe-a2c4-bd927daeb391
[26-11-2024 01:20:30] Directory: D:/GitHub/Uni-Class Related/Fall2024-CPI111/sprites/spr_player_anim/layers/42e0bef0-7d33-42fe-a2c4-bd927daeb391
[26-11-2024 01:20:30] Checking 39cd786b-0cc7-40cd-bc24-0d0c2fd090de
[26-11-2024 01:20:30] Directory: D:/GitHub/Uni-Class Related/Fall2024-CPI111/sprites/spr_player_anim/layers/39cd786b-0cc7-40cd-bc24-0d0c2fd090de
[26-11-2024 01:20:30] Checking 296215ac-8730-41ec-86e7-0179efece76c
[26-11-2024 01:20:30] Directory: D:/GitHub/Uni-Class Related/Fall2024-CPI111/sprites/spr_player_anim/layers/296215ac-8730-41ec-86e7-0179efece76c
[26-11-2024 01:20:30] Checking 0a916dd2-6c64-4e03-b9ca-a778a1a28724
[26-11-2024 01:20:30] Directory: D:/GitHub/Uni-Class Related/Fall2024-CPI111/sprites/spr_player_anim/layers/0a916dd2-6c64-4e03-b9ca-a778a1a28724
[26-11-2024 01:20:30] Checking 07fe0724-f302-4eca-80ff-262c4e32b146
[26-11-2024 01:20:30] Directory: D:/GitHub/Uni-Class Related/Fall2024-CPI111/sprites/spr_player_anim/layers/07fe0724-f302-4eca-80ff-262c4e32b146
[26-11-2024 01:20:30] Current parent directory: D:/GitHub/Uni-Class Related/Fall2024-CPI111/sprites/spr_player_anim/layers/07fe0724-f302-4eca-80ff-262c4e32b146
[26-11-2024 01:20:30] Checking 835814a6-45ea-452c-bd19-63c3cfb34880.png
[26-11-2024 01:20:30] Current parent directory: D:/GitHub/Uni-Class Related/Fall2024-CPI111/sprites/spr_player_anim/layers/0a916dd2-6c64-4e03-b9ca-a778a1a28724
[26-11-2024 01:20:30] Checking 835814a6-45ea-452c-bd19-63c3cfb34880.png
[26-11-2024 01:20:30] Current parent directory: D:/GitHub/Uni-Class Related/Fall2024-CPI111/sprites/spr_player_anim/layers/296215ac-8730-41ec-86e7-0179efece76c
[26-11-2024 01:20:30] Checking 835814a6-45ea-452c-bd19-63c3cfb34880.png
[26-11-2024 01:20:30] Current parent directory: D:/GitHub/Uni-Class Related/Fall2024-CPI111/sprites/spr_player_anim/layers/39cd786b-0cc7-40cd-bc24-0d0c2fd090de
[26-11-2024 01:20:30] Checking 835814a6-45ea-452c-bd19-63c3cfb34880.png
[26-11-2024 01:20:30] Current parent directory: D:/GitHub/Uni-Class Related/Fall2024-CPI111/sprites/spr_player_anim/layers/42e0bef0-7d33-42fe-a2c4-bd927daeb391
[26-11-2024 01:20:30] Checking 835814a6-45ea-452c-bd19-63c3cfb34880.png
[26-11-2024 01:20:30] Current parent directory: D:/GitHub/Uni-Class Related/Fall2024-CPI111/sprites/spr_player_anim/layers/59b3341e-207b-449b-a72b-f2aa84b12c25
[26-11-2024 01:20:30] Checking 835814a6-45ea-452c-bd19-63c3cfb34880.png
[26-11-2024 01:20:30] Current parent directory: D:/GitHub/Uni-Class Related/Fall2024-CPI111/sprites/spr_player_anim/layers/5f5531a0-013a-4c63-9a0b-254e38f50f6e
[26-11-2024 01:20:30] Checking 835814a6-45ea-452c-bd19-63c3cfb34880.png
[26-11-2024 01:20:30] Current parent directory: D:/GitHub/Uni-Class Related/Fall2024-CPI111/sprites/spr_player_anim/layers/87fc3f49-dd5e-4755-9615-87cd57859d6c
[26-11-2024 01:20:30] Checking 835814a6-45ea-452c-bd19-63c3cfb34880.png
[26-11-2024 01:20:30] Current parent directory: D:/GitHub/Uni-Class Related/Fall2024-CPI111/sprites/spr_player_anim/layers/b4fa2200-9428-4a83-abe3-022dd24e318c
[26-11-2024 01:20:30] Checking 835814a6-45ea-452c-bd19-63c3cfb34880.png
[26-11-2024 01:20:30] Current parent directory: D:/GitHub/Uni-Class Related/Fall2024-CPI111/sprites/spr_player_anim/layers/e62aaf47-c347-456d-986a-65834c359040
[26-11-2024 01:20:30] Checking 835814a6-45ea-452c-bd19-63c3cfb34880.png
[26-11-2024 01:20:30] Current parent directory: D:/GitHub/Uni-Class Related/Fall2024-CPI111/sprites/spr_player_left
[26-11-2024 01:20:30] Checking spr_player_left.yy
[26-11-2024 01:20:30] Parsing D:/GitHub/Uni-Class Related/Fall2024-CPI111/sprites/spr_player_left/spr_player_left.yy
[26-11-2024 01:20:30] Reading D:/GitHub/Uni-Class Related/Fall2024-CPI111/sprites/spr_player_left/spr_player_left.yy
[26-11-2024 01:20:30] Par: "folders/Sprites/Characters/Player" at dir: "D:/GitHub/Uni-Class Related/Fall2024-CPI111/sprites/spr_player_left/spr_player_left.yy"
[26-11-2024 01:20:30] Found Sprite: spr_player_left
[26-11-2024 01:20:30] Checking layers
[26-11-2024 01:20:30] Directory: D:/GitHub/Uni-Class Related/Fall2024-CPI111/sprites/spr_player_left/layers
[26-11-2024 01:20:30] Checking 50273352-9264-432b-b490-198570f4a3e1.png
[26-11-2024 01:20:30] Checking 0e0a34c5-126c-4c4b-a662-489c43b1736a.png
[26-11-2024 01:20:30] Current parent directory: D:/GitHub/Uni-Class Related/Fall2024-CPI111/sprites/spr_player_left/layers
[26-11-2024 01:20:30] Checking 50273352-9264-432b-b490-198570f4a3e1
[26-11-2024 01:20:30] Directory: D:/GitHub/Uni-Class Related/Fall2024-CPI111/sprites/spr_player_left/layers/50273352-9264-432b-b490-198570f4a3e1
[26-11-2024 01:20:30] Checking 0e0a34c5-126c-4c4b-a662-489c43b1736a
[26-11-2024 01:20:30] Directory: D:/GitHub/Uni-Class Related/Fall2024-CPI111/sprites/spr_player_left/layers/0e0a34c5-126c-4c4b-a662-489c43b1736a
[26-11-2024 01:20:30] Current parent directory: D:/GitHub/Uni-Class Related/Fall2024-CPI111/sprites/spr_player_left/layers/0e0a34c5-126c-4c4b-a662-489c43b1736a
[26-11-2024 01:20:30] Checking 16cfc723-6fd6-4b19-84c3-bfaedf237aaf.png
[26-11-2024 01:20:30] Current parent directory: D:/GitHub/Uni-Class Related/Fall2024-CPI111/sprites/spr_player_left/layers/50273352-9264-432b-b490-198570f4a3e1
[26-11-2024 01:20:30] Checking 16cfc723-6fd6-4b19-84c3-bfaedf237aaf.png
[26-11-2024 01:20:30] Current parent directory: D:/GitHub/Uni-Class Related/Fall2024-CPI111/sprites/spr_player_miss
[26-11-2024 01:20:30] Checking spr_player_miss.yy
[26-11-2024 01:20:30] Parsing D:/GitHub/Uni-Class Related/Fall2024-CPI111/sprites/spr_player_miss/spr_player_miss.yy
[26-11-2024 01:20:30] Reading D:/GitHub/Uni-Class Related/Fall2024-CPI111/sprites/spr_player_miss/spr_player_miss.yy
[26-11-2024 01:20:30] Par: "folders/Sprites/Characters/Player" at dir: "D:/GitHub/Uni-Class Related/Fall2024-CPI111/sprites/spr_player_miss/spr_player_miss.yy"
[26-11-2024 01:20:30] Found Sprite: spr_player_miss
[26-11-2024 01:20:30] Checking layers
[26-11-2024 01:20:30] Directory: D:/GitHub/Uni-Class Related/Fall2024-CPI111/sprites/spr_player_miss/layers
[26-11-2024 01:20:30] Checking 98eabe9d-c859-4db0-b11a-c3987bdcc8fd.png
[26-11-2024 01:20:30] Checking 10a515f4-abcc-4b2c-916e-f2eccf21e18c.png
[26-11-2024 01:20:30] Current parent directory: D:/GitHub/Uni-Class Related/Fall2024-CPI111/sprites/spr_player_miss/layers
[26-11-2024 01:20:30] Checking 98eabe9d-c859-4db0-b11a-c3987bdcc8fd
[26-11-2024 01:20:30] Directory: D:/GitHub/Uni-Class Related/Fall2024-CPI111/sprites/spr_player_miss/layers/98eabe9d-c859-4db0-b11a-c3987bdcc8fd
[26-11-2024 01:20:30] Checking 10a515f4-abcc-4b2c-916e-f2eccf21e18c
[26-11-2024 01:20:30] Directory: D:/GitHub/Uni-Class Related/Fall2024-CPI111/sprites/spr_player_miss/layers/10a515f4-abcc-4b2c-916e-f2eccf21e18c
[26-11-2024 01:20:30] Current parent directory: D:/GitHub/Uni-Class Related/Fall2024-CPI111/sprites/spr_player_miss/layers/10a515f4-abcc-4b2c-916e-f2eccf21e18c
[26-11-2024 01:20:30] Checking 2bbce7ca-33d4-47d9-bd71-47f7988376b7.png
[26-11-2024 01:20:30] Current parent directory: D:/GitHub/Uni-Class Related/Fall2024-CPI111/sprites/spr_player_miss/layers/98eabe9d-c859-4db0-b11a-c3987bdcc8fd
[26-11-2024 01:20:30] Checking 2bbce7ca-33d4-47d9-bd71-47f7988376b7.png
[26-11-2024 01:20:30] Current parent directory: D:/GitHub/Uni-Class Related/Fall2024-CPI111/sprites/spr_player_right
[26-11-2024 01:20:30] Checking spr_player_right.yy
[26-11-2024 01:20:30] Parsing D:/GitHub/Uni-Class Related/Fall2024-CPI111/sprites/spr_player_right/spr_player_right.yy
[26-11-2024 01:20:30] Reading D:/GitHub/Uni-Class Related/Fall2024-CPI111/sprites/spr_player_right/spr_player_right.yy
[26-11-2024 01:20:30] Par: "folders/Sprites/Characters/Player" at dir: "D:/GitHub/Uni-Class Related/Fall2024-CPI111/sprites/spr_player_right/spr_player_right.yy"
[26-11-2024 01:20:30] Found Sprite: spr_player_right
[26-11-2024 01:20:30] Checking layers
[26-11-2024 01:20:30] Directory: D:/GitHub/Uni-Class Related/Fall2024-CPI111/sprites/spr_player_right/layers
[26-11-2024 01:20:30] Checking e82329fe-b864-42cb-bae6-a1c2c8a76fa3.png
[26-11-2024 01:20:30] Checking 35f1d832-5498-4e69-bff6-26dc40e8bb01.png
[26-11-2024 01:20:30] Current parent directory: D:/GitHub/Uni-Class Related/Fall2024-CPI111/sprites/spr_player_right/layers
[26-11-2024 01:20:30] Checking e82329fe-b864-42cb-bae6-a1c2c8a76fa3
[26-11-2024 01:20:30] Directory: D:/GitHub/Uni-Class Related/Fall2024-CPI111/sprites/spr_player_right/layers/e82329fe-b864-42cb-bae6-a1c2c8a76fa3
[26-11-2024 01:20:30] Checking 35f1d832-5498-4e69-bff6-26dc40e8bb01
[26-11-2024 01:20:30] Directory: D:/GitHub/Uni-Class Related/Fall2024-CPI111/sprites/spr_player_right/layers/35f1d832-5498-4e69-bff6-26dc40e8bb01
[26-11-2024 01:20:30] Current parent directory: D:/GitHub/Uni-Class Related/Fall2024-CPI111/sprites/spr_player_right/layers/35f1d832-5498-4e69-bff6-26dc40e8bb01
[26-11-2024 01:20:30] Checking 55960791-1f12-472a-80e0-34bb4a98c912.png
[26-11-2024 01:20:30] Current parent directory: D:/GitHub/Uni-Class Related/Fall2024-CPI111/sprites/spr_player_right/layers/e82329fe-b864-42cb-bae6-a1c2c8a76fa3
[26-11-2024 01:20:30] Checking 55960791-1f12-472a-80e0-34bb4a98c912.png
[26-11-2024 01:20:30] Current parent directory: D:/GitHub/Uni-Class Related/Fall2024-CPI111/sprites/spr_player_up
[26-11-2024 01:20:30] Checking spr_player_up.yy
[26-11-2024 01:20:30] Parsing D:/GitHub/Uni-Class Related/Fall2024-CPI111/sprites/spr_player_up/spr_player_up.yy
[26-11-2024 01:20:30] Reading D:/GitHub/Uni-Class Related/Fall2024-CPI111/sprites/spr_player_up/spr_player_up.yy
[26-11-2024 01:20:30] Par: "folders/Sprites/Characters/Player" at dir: "D:/GitHub/Uni-Class Related/Fall2024-CPI111/sprites/spr_player_up/spr_player_up.yy"
[26-11-2024 01:20:30] Found Sprite: spr_player_up
[26-11-2024 01:20:30] Checking layers
[26-11-2024 01:20:30] Directory: D:/GitHub/Uni-Class Related/Fall2024-CPI111/sprites/spr_player_up/layers
[26-11-2024 01:20:30] Checking 70d85365-636a-46cf-a6df-762c3d070ffa.png
[26-11-2024 01:20:30] Checking 0dea3e51-7b3b-4426-bfbd-0dbb534a28fe.png
[26-11-2024 01:20:30] Current parent directory: D:/GitHub/Uni-Class Related/Fall2024-CPI111/sprites/spr_player_up/layers
[26-11-2024 01:20:30] Checking 70d85365-636a-46cf-a6df-762c3d070ffa
[26-11-2024 01:20:30] Directory: D:/GitHub/Uni-Class Related/Fall2024-CPI111/sprites/spr_player_up/layers/70d85365-636a-46cf-a6df-762c3d070ffa
[26-11-2024 01:20:30] Checking 0dea3e51-7b3b-4426-bfbd-0dbb534a28fe
[26-11-2024 01:20:30] Directory: D:/GitHub/Uni-Class Related/Fall2024-CPI111/sprites/spr_player_up/layers/0dea3e51-7b3b-4426-bfbd-0dbb534a28fe
[26-11-2024 01:20:30] Current parent directory: D:/GitHub/Uni-Class Related/Fall2024-CPI111/sprites/spr_player_up/layers/0dea3e51-7b3b-4426-bfbd-0dbb534a28fe
[26-11-2024 01:20:30] Checking 6ed15326-a2dd-4628-a66c-3e1340702618.png
[26-11-2024 01:20:30] Current parent directory: D:/GitHub/Uni-Class Related/Fall2024-CPI111/sprites/spr_player_up/layers/70d85365-636a-46cf-a6df-762c3d070ffa
[26-11-2024 01:20:30] Checking 6ed15326-a2dd-4628-a66c-3e1340702618.png
[26-11-2024 01:20:30] Current parent directory: D:/GitHub/Uni-Class Related/Fall2024-CPI111/sprites/spr_results_no_starUI_assets
[26-11-2024 01:20:30] Checking spr_results_no_starUI_assets.yy
[26-11-2024 01:20:30] Parsing D:/GitHub/Uni-Class Related/Fall2024-CPI111/sprites/spr_results_no_starUI_assets/spr_results_no_starUI_assets.yy
[26-11-2024 01:20:30] Reading D:/GitHub/Uni-Class Related/Fall2024-CPI111/sprites/spr_results_no_starUI_assets/spr_results_no_starUI_assets.yy
[26-11-2024 01:20:30] Par: "folders/Sprites/UI/Stars" at dir: "D:/GitHub/Uni-Class Related/Fall2024-CPI111/sprites/spr_results_no_starUI_assets/spr_results_no_starUI_assets.yy"
[26-11-2024 01:20:30] Found Sprite: spr_results_no_starUI_assets
[26-11-2024 01:20:30] Checking layers
[26-11-2024 01:20:30] Directory: D:/GitHub/Uni-Class Related/Fall2024-CPI111/sprites/spr_results_no_starUI_assets/layers
[26-11-2024 01:20:30] Checking 7d2c7aec-287e-42c7-838a-865710f5bd00.png
[26-11-2024 01:20:30] Current parent directory: D:/GitHub/Uni-Class Related/Fall2024-CPI111/sprites/spr_results_no_starUI_assets/layers
[26-11-2024 01:20:30] Checking 7d2c7aec-287e-42c7-838a-865710f5bd00
[26-11-2024 01:20:30] Directory: D:/GitHub/Uni-Class Related/Fall2024-CPI111/sprites/spr_results_no_starUI_assets/layers/7d2c7aec-287e-42c7-838a-865710f5bd00
[26-11-2024 01:20:30] Current parent directory: D:/GitHub/Uni-Class Related/Fall2024-CPI111/sprites/spr_results_no_starUI_assets/layers/7d2c7aec-287e-42c7-838a-865710f5bd00
[26-11-2024 01:20:30] Checking 71baf6cf-06f4-4bcd-9056-7e4b701bf11c.png
[26-11-2024 01:20:30] Current parent directory: D:/GitHub/Uni-Class Related/Fall2024-CPI111/sprites/spr_results_one_starUI_assets
[26-11-2024 01:20:30] Checking spr_results_one_starUI_assets.yy
[26-11-2024 01:20:30] Parsing D:/GitHub/Uni-Class Related/Fall2024-CPI111/sprites/spr_results_one_starUI_assets/spr_results_one_starUI_assets.yy
[26-11-2024 01:20:30] Reading D:/GitHub/Uni-Class Related/Fall2024-CPI111/sprites/spr_results_one_starUI_assets/spr_results_one_starUI_assets.yy
[26-11-2024 01:20:30] Par: "folders/Sprites/UI/Stars" at dir: "D:/GitHub/Uni-Class Related/Fall2024-CPI111/sprites/spr_results_one_starUI_assets/spr_results_one_starUI_assets.yy"
[26-11-2024 01:20:30] Found Sprite: spr_results_one_starUI_assets
[26-11-2024 01:20:30] Checking layers
[26-11-2024 01:20:30] Directory: D:/GitHub/Uni-Class Related/Fall2024-CPI111/sprites/spr_results_one_starUI_assets/layers
[26-11-2024 01:20:30] Checking 68562735-1db3-4a32-a2c8-daa1444038e0.png
[26-11-2024 01:20:30] Current parent directory: D:/GitHub/Uni-Class Related/Fall2024-CPI111/sprites/spr_results_one_starUI_assets/layers
[26-11-2024 01:20:30] Checking 68562735-1db3-4a32-a2c8-daa1444038e0
[26-11-2024 01:20:30] Directory: D:/GitHub/Uni-Class Related/Fall2024-CPI111/sprites/spr_results_one_starUI_assets/layers/68562735-1db3-4a32-a2c8-daa1444038e0
[26-11-2024 01:20:30] Current parent directory: D:/GitHub/Uni-Class Related/Fall2024-CPI111/sprites/spr_results_one_starUI_assets/layers/68562735-1db3-4a32-a2c8-daa1444038e0
[26-11-2024 01:20:30] Checking 07429267-192e-4371-914e-ce7e06c0ab44.png
[26-11-2024 01:20:30] Current parent directory: D:/GitHub/Uni-Class Related/Fall2024-CPI111/sprites/spr_results_score_healthUI_assets
[26-11-2024 01:20:30] Checking spr_results_score_healthUI_assets.yy
[26-11-2024 01:20:30] Parsing D:/GitHub/Uni-Class Related/Fall2024-CPI111/sprites/spr_results_score_healthUI_assets/spr_results_score_healthUI_assets.yy
[26-11-2024 01:20:30] Reading D:/GitHub/Uni-Class Related/Fall2024-CPI111/sprites/spr_results_score_healthUI_assets/spr_results_score_healthUI_assets.yy
[26-11-2024 01:20:30] Par: "folders/Sprites/UI/Health Bar" at dir: "D:/GitHub/Uni-Class Related/Fall2024-CPI111/sprites/spr_results_score_healthUI_assets/spr_results_score_healthUI_assets.yy"
[26-11-2024 01:20:30] Found Sprite: spr_results_score_healthUI_assets
[26-11-2024 01:20:30] Checking layers
[26-11-2024 01:20:30] Directory: D:/GitHub/Uni-Class Related/Fall2024-CPI111/sprites/spr_results_score_healthUI_assets/layers
[26-11-2024 01:20:30] Checking 4f2332e5-2ddf-44cc-8874-40969588fb7a.png
[26-11-2024 01:20:30] Current parent directory: D:/GitHub/Uni-Class Related/Fall2024-CPI111/sprites/spr_results_score_healthUI_assets/layers
[26-11-2024 01:20:30] Checking 4f2332e5-2ddf-44cc-8874-40969588fb7a
[26-11-2024 01:20:30] Directory: D:/GitHub/Uni-Class Related/Fall2024-CPI111/sprites/spr_results_score_healthUI_assets/layers/4f2332e5-2ddf-44cc-8874-40969588fb7a
[26-11-2024 01:20:30] Current parent directory: D:/GitHub/Uni-Class Related/Fall2024-CPI111/sprites/spr_results_score_healthUI_assets/layers/4f2332e5-2ddf-44cc-8874-40969588fb7a
[26-11-2024 01:20:30] Checking 5f7a9322-585e-4257-b058-d51687e34fd6.png
[26-11-2024 01:20:30] Current parent directory: D:/GitHub/Uni-Class Related/Fall2024-CPI111/sprites/spr_results_scrollUI_assets
[26-11-2024 01:20:30] Checking spr_results_scrollUI_assets.yy
[26-11-2024 01:20:30] Parsing D:/GitHub/Uni-Class Related/Fall2024-CPI111/sprites/spr_results_scrollUI_assets/spr_results_scrollUI_assets.yy
[26-11-2024 01:20:30] Reading D:/GitHub/Uni-Class Related/Fall2024-CPI111/sprites/spr_results_scrollUI_assets/spr_results_scrollUI_assets.yy
[26-11-2024 01:20:30] Par: "folders/Sprites/UI" at dir: "D:/GitHub/Uni-Class Related/Fall2024-CPI111/sprites/spr_results_scrollUI_assets/spr_results_scrollUI_assets.yy"
[26-11-2024 01:20:30] Found Sprite: spr_results_scrollUI_assets
[26-11-2024 01:20:30] Checking layers
[26-11-2024 01:20:30] Directory: D:/GitHub/Uni-Class Related/Fall2024-CPI111/sprites/spr_results_scrollUI_assets/layers
[26-11-2024 01:20:30] Checking a6877772-2755-4169-876a-6e6cc4398f91.png
[26-11-2024 01:20:30] Current parent directory: D:/GitHub/Uni-Class Related/Fall2024-CPI111/sprites/spr_results_scrollUI_assets/layers
[26-11-2024 01:20:30] Checking a6877772-2755-4169-876a-6e6cc4398f91
[26-11-2024 01:20:30] Directory: D:/GitHub/Uni-Class Related/Fall2024-CPI111/sprites/spr_results_scrollUI_assets/layers/a6877772-2755-4169-876a-6e6cc4398f91
[26-11-2024 01:20:30] Current parent directory: D:/GitHub/Uni-Class Related/Fall2024-CPI111/sprites/spr_results_scrollUI_assets/layers/a6877772-2755-4169-876a-6e6cc4398f91
[26-11-2024 01:20:30] Checking b9106328-93f9-4f18-aff0-6122d71e69cb.png
[26-11-2024 01:20:30] Current parent directory: D:/GitHub/Uni-Class Related/Fall2024-CPI111/sprites/spr_results_shield_try_againUI_assets
[26-11-2024 01:20:30] Checking spr_results_shield_try_againUI_assets.yy
[26-11-2024 01:20:30] Parsing D:/GitHub/Uni-Class Related/Fall2024-CPI111/sprites/spr_results_shield_try_againUI_assets/spr_results_shield_try_againUI_assets.yy
[26-11-2024 01:20:30] Reading D:/GitHub/Uni-Class Related/Fall2024-CPI111/sprites/spr_results_shield_try_againUI_assets/spr_results_shield_try_againUI_assets.yy
[26-11-2024 01:20:30] Par: "folders/Sprites/UI" at dir: "D:/GitHub/Uni-Class Related/Fall2024-CPI111/sprites/spr_results_shield_try_againUI_assets/spr_results_shield_try_againUI_assets.yy"
[26-11-2024 01:20:30] Found Sprite: spr_results_shield_try_againUI_assets
[26-11-2024 01:20:30] Checking layers
[26-11-2024 01:20:30] Directory: D:/GitHub/Uni-Class Related/Fall2024-CPI111/sprites/spr_results_shield_try_againUI_assets/layers
[26-11-2024 01:20:30] Checking 7063efe9-5799-434a-8c75-3af3b445259c.png
[26-11-2024 01:20:30] Current parent directory: D:/GitHub/Uni-Class Related/Fall2024-CPI111/sprites/spr_results_shield_try_againUI_assets/layers
[26-11-2024 01:20:30] Checking 7063efe9-5799-434a-8c75-3af3b445259c
[26-11-2024 01:20:30] Directory: D:/GitHub/Uni-Class Related/Fall2024-CPI111/sprites/spr_results_shield_try_againUI_assets/layers/7063efe9-5799-434a-8c75-3af3b445259c
[26-11-2024 01:20:30] Current parent directory: D:/GitHub/Uni-Class Related/Fall2024-CPI111/sprites/spr_results_shield_try_againUI_assets/layers/7063efe9-5799-434a-8c75-3af3b445259c
[26-11-2024 01:20:30] Checking 23884f95-98a2-4530-a7ee-477a5f0a93f0.png
[26-11-2024 01:20:30] Current parent directory: D:/GitHub/Uni-Class Related/Fall2024-CPI111/sprites/spr_results_shield_victoryUI_assets
[26-11-2024 01:20:30] Checking spr_results_shield_victoryUI_assets.yy
[26-11-2024 01:20:30] Parsing D:/GitHub/Uni-Class Related/Fall2024-CPI111/sprites/spr_results_shield_victoryUI_assets/spr_results_shield_victoryUI_assets.yy
[26-11-2024 01:20:30] Reading D:/GitHub/Uni-Class Related/Fall2024-CPI111/sprites/spr_results_shield_victoryUI_assets/spr_results_shield_victoryUI_assets.yy
[26-11-2024 01:20:30] Par: "folders/Sprites/UI" at dir: "D:/GitHub/Uni-Class Related/Fall2024-CPI111/sprites/spr_results_shield_victoryUI_assets/spr_results_shield_victoryUI_assets.yy"
[26-11-2024 01:20:30] Found Sprite: spr_results_shield_victoryUI_assets
[26-11-2024 01:20:30] Checking layers
[26-11-2024 01:20:30] Directory: D:/GitHub/Uni-Class Related/Fall2024-CPI111/sprites/spr_results_shield_victoryUI_assets/layers
[26-11-2024 01:20:30] Checking 9c8851e0-edf9-4085-a8d9-7c9e83445e20.png
[26-11-2024 01:20:30] Current parent directory: D:/GitHub/Uni-Class Related/Fall2024-CPI111/sprites/spr_results_shield_victoryUI_assets/layers
[26-11-2024 01:20:30] Checking 9c8851e0-edf9-4085-a8d9-7c9e83445e20
[26-11-2024 01:20:30] Directory: D:/GitHub/Uni-Class Related/Fall2024-CPI111/sprites/spr_results_shield_victoryUI_assets/layers/9c8851e0-edf9-4085-a8d9-7c9e83445e20
[26-11-2024 01:20:30] Current parent directory: D:/GitHub/Uni-Class Related/Fall2024-CPI111/sprites/spr_results_shield_victoryUI_assets/layers/9c8851e0-edf9-4085-a8d9-7c9e83445e20
[26-11-2024 01:20:30] Checking 67606770-8c61-45bb-a73f-1a48d405ffe4.png
[26-11-2024 01:20:30] Current parent directory: D:/GitHub/Uni-Class Related/Fall2024-CPI111/sprites/spr_results_three_starUI_assets
[26-11-2024 01:20:30] Checking spr_results_three_starUI_assets.yy
[26-11-2024 01:20:30] Parsing D:/GitHub/Uni-Class Related/Fall2024-CPI111/sprites/spr_results_three_starUI_assets/spr_results_three_starUI_assets.yy
[26-11-2024 01:20:30] Reading D:/GitHub/Uni-Class Related/Fall2024-CPI111/sprites/spr_results_three_starUI_assets/spr_results_three_starUI_assets.yy
[26-11-2024 01:20:30] Par: "folders/Sprites/UI/Stars" at dir: "D:/GitHub/Uni-Class Related/Fall2024-CPI111/sprites/spr_results_three_starUI_assets/spr_results_three_starUI_assets.yy"
[26-11-2024 01:20:30] Found Sprite: spr_results_three_starUI_assets
[26-11-2024 01:20:30] Checking layers
[26-11-2024 01:20:30] Directory: D:/GitHub/Uni-Class Related/Fall2024-CPI111/sprites/spr_results_three_starUI_assets/layers
[26-11-2024 01:20:30] Checking 50f8b63e-aa64-4607-8b77-c4c6f84cf2a8.png
[26-11-2024 01:20:30] Current parent directory: D:/GitHub/Uni-Class Related/Fall2024-CPI111/sprites/spr_results_three_starUI_assets/layers
[26-11-2024 01:20:30] Checking 50f8b63e-aa64-4607-8b77-c4c6f84cf2a8
[26-11-2024 01:20:30] Directory: D:/GitHub/Uni-Class Related/Fall2024-CPI111/sprites/spr_results_three_starUI_assets/layers/50f8b63e-aa64-4607-8b77-c4c6f84cf2a8
[26-11-2024 01:20:30] Current parent directory: D:/GitHub/Uni-Class Related/Fall2024-CPI111/sprites/spr_results_three_starUI_assets/layers/50f8b63e-aa64-4607-8b77-c4c6f84cf2a8
[26-11-2024 01:20:30] Checking e073ecd9-7f70-48bd-8afd-8502f75f14d7.png
[26-11-2024 01:20:30] Current parent directory: D:/GitHub/Uni-Class Related/Fall2024-CPI111/sprites/spr_results_two_starUI_assets
[26-11-2024 01:20:30] Checking spr_results_two_starUI_assets.yy
[26-11-2024 01:20:30] Parsing D:/GitHub/Uni-Class Related/Fall2024-CPI111/sprites/spr_results_two_starUI_assets/spr_results_two_starUI_assets.yy
[26-11-2024 01:20:30] Reading D:/GitHub/Uni-Class Related/Fall2024-CPI111/sprites/spr_results_two_starUI_assets/spr_results_two_starUI_assets.yy
[26-11-2024 01:20:30] Par: "folders/Sprites/UI/Stars" at dir: "D:/GitHub/Uni-Class Related/Fall2024-CPI111/sprites/spr_results_two_starUI_assets/spr_results_two_starUI_assets.yy"
[26-11-2024 01:20:30] Found Sprite: spr_results_two_starUI_assets
[26-11-2024 01:20:30] Checking layers
[26-11-2024 01:20:30] Directory: D:/GitHub/Uni-Class Related/Fall2024-CPI111/sprites/spr_results_two_starUI_assets/layers
[26-11-2024 01:20:30] Checking e923dcaa-40f3-4382-a587-044f163b7098.png
[26-11-2024 01:20:30] Current parent directory: D:/GitHub/Uni-Class Related/Fall2024-CPI111/sprites/spr_results_two_starUI_assets/layers
[26-11-2024 01:20:30] Checking e923dcaa-40f3-4382-a587-044f163b7098
[26-11-2024 01:20:30] Directory: D:/GitHub/Uni-Class Related/Fall2024-CPI111/sprites/spr_results_two_starUI_assets/layers/e923dcaa-40f3-4382-a587-044f163b7098
[26-11-2024 01:20:30] Current parent directory: D:/GitHub/Uni-Class Related/Fall2024-CPI111/sprites/spr_results_two_starUI_assets/layers/e923dcaa-40f3-4382-a587-044f163b7098
[26-11-2024 01:20:30] Checking b6d99c28-2395-43a9-9fbe-7a97a7225b69.png
[26-11-2024 01:20:30] Current parent directory: D:/GitHub/Uni-Class Related/Fall2024-CPI111/sprites/spr_retry_button
[26-11-2024 01:20:30] Checking spr_retry_button.yy
[26-11-2024 01:20:30] Parsing D:/GitHub/Uni-Class Related/Fall2024-CPI111/sprites/spr_retry_button/spr_retry_button.yy
[26-11-2024 01:20:30] Reading D:/GitHub/Uni-Class Related/Fall2024-CPI111/sprites/spr_retry_button/spr_retry_button.yy
[26-11-2024 01:20:30] Par: "folders/Sprites/Buttons/Results buttons" at dir: "D:/GitHub/Uni-Class Related/Fall2024-CPI111/sprites/spr_retry_button/spr_retry_button.yy"
[26-11-2024 01:20:30] Found Sprite: spr_retry_button
[26-11-2024 01:20:30] Checking layers
[26-11-2024 01:20:30] Directory: D:/GitHub/Uni-Class Related/Fall2024-CPI111/sprites/spr_retry_button/layers
[26-11-2024 01:20:30] Checking 29c804a6-8bf3-4b86-ad62-8d4d0fc4b301.png
[26-11-2024 01:20:30] Current parent directory: D:/GitHub/Uni-Class Related/Fall2024-CPI111/sprites/spr_retry_button/layers
[26-11-2024 01:20:30] Checking 29c804a6-8bf3-4b86-ad62-8d4d0fc4b301
[26-11-2024 01:20:30] Directory: D:/GitHub/Uni-Class Related/Fall2024-CPI111/sprites/spr_retry_button/layers/29c804a6-8bf3-4b86-ad62-8d4d0fc4b301
[26-11-2024 01:20:30] Current parent directory: D:/GitHub/Uni-Class Related/Fall2024-CPI111/sprites/spr_retry_button/layers/29c804a6-8bf3-4b86-ad62-8d4d0fc4b301
[26-11-2024 01:20:30] Checking a2302606-9f2f-4b70-8d6a-8edd4efd2b11.png
[26-11-2024 01:20:30] Current parent directory: D:/GitHub/Uni-Class Related/Fall2024-CPI111/sprites/spr_right_arrow
[26-11-2024 01:20:30] Checking spr_right_arrow.yy
[26-11-2024 01:20:30] Parsing D:/GitHub/Uni-Class Related/Fall2024-CPI111/sprites/spr_right_arrow/spr_right_arrow.yy
[26-11-2024 01:20:30] Reading D:/GitHub/Uni-Class Related/Fall2024-CPI111/sprites/spr_right_arrow/spr_right_arrow.yy
[26-11-2024 01:20:30] Par: "folders/Sprites/Arrows" at dir: "D:/GitHub/Uni-Class Related/Fall2024-CPI111/sprites/spr_right_arrow/spr_right_arrow.yy"
[26-11-2024 01:20:30] Found Sprite: spr_right_arrow
[26-11-2024 01:20:30] Checking layers
[26-11-2024 01:20:30] Directory: D:/GitHub/Uni-Class Related/Fall2024-CPI111/sprites/spr_right_arrow/layers
[26-11-2024 01:20:30] Checking 2df6e7ba-3778-401f-bc57-b578929c8201.png
[26-11-2024 01:20:30] Current parent directory: D:/GitHub/Uni-Class Related/Fall2024-CPI111/sprites/spr_right_arrow/layers
[26-11-2024 01:20:30] Checking 2df6e7ba-3778-401f-bc57-b578929c8201
[26-11-2024 01:20:30] Directory: D:/GitHub/Uni-Class Related/Fall2024-CPI111/sprites/spr_right_arrow/layers/2df6e7ba-3778-401f-bc57-b578929c8201
[26-11-2024 01:20:30] Current parent directory: D:/GitHub/Uni-Class Related/Fall2024-CPI111/sprites/spr_right_arrow/layers/2df6e7ba-3778-401f-bc57-b578929c8201
[26-11-2024 01:20:30] Checking abba45e4-f5c8-4b4b-8ef4-7e2fdb1878c1.png
[26-11-2024 01:20:30] Current parent directory: D:/GitHub/Uni-Class Related/Fall2024-CPI111/sprites/spr_right_arrow_icon
[26-11-2024 01:20:30] Checking spr_right_arrow_icon.yy
[26-11-2024 01:20:30] Parsing D:/GitHub/Uni-Class Related/Fall2024-CPI111/sprites/spr_right_arrow_icon/spr_right_arrow_icon.yy
[26-11-2024 01:20:30] Reading D:/GitHub/Uni-Class Related/Fall2024-CPI111/sprites/spr_right_arrow_icon/spr_right_arrow_icon.yy
[26-11-2024 01:20:30] Par: "folders/Sprites/Characters/Dialogue Icons/Arrows" at dir: "D:/GitHub/Uni-Class Related/Fall2024-CPI111/sprites/spr_right_arrow_icon/spr_right_arrow_icon.yy"
[26-11-2024 01:20:30] Found Sprite: spr_right_arrow_icon
[26-11-2024 01:20:30] Checking layers
[26-11-2024 01:20:30] Directory: D:/GitHub/Uni-Class Related/Fall2024-CPI111/sprites/spr_right_arrow_icon/layers
[26-11-2024 01:20:30] Checking 8cdc8539-ec08-4018-9b89-345291504197.png
[26-11-2024 01:20:30] Current parent directory: D:/GitHub/Uni-Class Related/Fall2024-CPI111/sprites/spr_right_arrow_icon/layers
[26-11-2024 01:20:30] Checking 8cdc8539-ec08-4018-9b89-345291504197
[26-11-2024 01:20:30] Directory: D:/GitHub/Uni-Class Related/Fall2024-CPI111/sprites/spr_right_arrow_icon/layers/8cdc8539-ec08-4018-9b89-345291504197
[26-11-2024 01:20:30] Current parent directory: D:/GitHub/Uni-Class Related/Fall2024-CPI111/sprites/spr_right_arrow_icon/layers/8cdc8539-ec08-4018-9b89-345291504197
[26-11-2024 01:20:30] Checking 04a77b8c-4dc8-4f04-8a92-068a3e43b257.png
[26-11-2024 01:20:30] Current parent directory: D:/GitHub/Uni-Class Related/Fall2024-CPI111/sprites/spr_right_arrow_slot
[26-11-2024 01:20:30] Checking spr_right_arrow_slot.yy
[26-11-2024 01:20:30] Parsing D:/GitHub/Uni-Class Related/Fall2024-CPI111/sprites/spr_right_arrow_slot/spr_right_arrow_slot.yy
[26-11-2024 01:20:30] Reading D:/GitHub/Uni-Class Related/Fall2024-CPI111/sprites/spr_right_arrow_slot/spr_right_arrow_slot.yy
[26-11-2024 01:20:30] Par: "folders/Sprites/Arrows" at dir: "D:/GitHub/Uni-Class Related/Fall2024-CPI111/sprites/spr_right_arrow_slot/spr_right_arrow_slot.yy"
[26-11-2024 01:20:30] Found Sprite: spr_right_arrow_slot
[26-11-2024 01:20:30] Checking layers
[26-11-2024 01:20:30] Directory: D:/GitHub/Uni-Class Related/Fall2024-CPI111/sprites/spr_right_arrow_slot/layers
[26-11-2024 01:20:30] Checking 66bcaa17-f66f-428b-b47a-1bce89cb717c.png
[26-11-2024 01:20:30] Current parent directory: D:/GitHub/Uni-Class Related/Fall2024-CPI111/sprites/spr_right_arrow_slot/layers
[26-11-2024 01:20:30] Checking 66bcaa17-f66f-428b-b47a-1bce89cb717c
[26-11-2024 01:20:30] Directory: D:/GitHub/Uni-Class Related/Fall2024-CPI111/sprites/spr_right_arrow_slot/layers/66bcaa17-f66f-428b-b47a-1bce89cb717c
[26-11-2024 01:20:30] Current parent directory: D:/GitHub/Uni-Class Related/Fall2024-CPI111/sprites/spr_right_arrow_slot/layers/66bcaa17-f66f-428b-b47a-1bce89cb717c
[26-11-2024 01:20:30] Checking 3cb58a85-f804-436f-910f-7c0d9e494ced.png
[26-11-2024 01:20:30] Current parent directory: D:/GitHub/Uni-Class Related/Fall2024-CPI111/sprites/spr_slider_bar
[26-11-2024 01:20:30] Checking spr_slider_bar.yy
[26-11-2024 01:20:30] Parsing D:/GitHub/Uni-Class Related/Fall2024-CPI111/sprites/spr_slider_bar/spr_slider_bar.yy
[26-11-2024 01:20:30] Reading D:/GitHub/Uni-Class Related/Fall2024-CPI111/sprites/spr_slider_bar/spr_slider_bar.yy
[26-11-2024 01:20:30] Par: "folders/Sprites/Settings" at dir: "D:/GitHub/Uni-Class Related/Fall2024-CPI111/sprites/spr_slider_bar/spr_slider_bar.yy"
[26-11-2024 01:20:30] Found Sprite: spr_slider_bar
[26-11-2024 01:20:30] Checking layers
[26-11-2024 01:20:30] Directory: D:/GitHub/Uni-Class Related/Fall2024-CPI111/sprites/spr_slider_bar/layers
[26-11-2024 01:20:30] Checking a5b41140-3246-4cc0-aa4b-176de4dd64dd.png
[26-11-2024 01:20:30] Checking 0e0dbcbc-fcd9-42bd-8fcd-9141f7324e6a.png
[26-11-2024 01:20:30] Current parent directory: D:/GitHub/Uni-Class Related/Fall2024-CPI111/sprites/spr_slider_bar/layers
[26-11-2024 01:20:30] Checking a5b41140-3246-4cc0-aa4b-176de4dd64dd
[26-11-2024 01:20:30] Directory: D:/GitHub/Uni-Class Related/Fall2024-CPI111/sprites/spr_slider_bar/layers/a5b41140-3246-4cc0-aa4b-176de4dd64dd
[26-11-2024 01:20:30] Checking 0e0dbcbc-fcd9-42bd-8fcd-9141f7324e6a
[26-11-2024 01:20:30] Directory: D:/GitHub/Uni-Class Related/Fall2024-CPI111/sprites/spr_slider_bar/layers/0e0dbcbc-fcd9-42bd-8fcd-9141f7324e6a
[26-11-2024 01:20:30] Current parent directory: D:/GitHub/Uni-Class Related/Fall2024-CPI111/sprites/spr_slider_bar/layers/0e0dbcbc-fcd9-42bd-8fcd-9141f7324e6a
[26-11-2024 01:20:30] Checking fd754f21-45ba-4b16-b3fc-b890a63d37d2.png
[26-11-2024 01:20:30] Current parent directory: D:/GitHub/Uni-Class Related/Fall2024-CPI111/sprites/spr_slider_bar/layers/a5b41140-3246-4cc0-aa4b-176de4dd64dd
[26-11-2024 01:20:30] Checking fd754f21-45ba-4b16-b3fc-b890a63d37d2.png
[26-11-2024 01:20:30] Current parent directory: D:/GitHub/Uni-Class Related/Fall2024-CPI111/sprites/spr_slider_button
[26-11-2024 01:20:30] Checking spr_slider_button.yy
[26-11-2024 01:20:30] Parsing D:/GitHub/Uni-Class Related/Fall2024-CPI111/sprites/spr_slider_button/spr_slider_button.yy
[26-11-2024 01:20:30] Reading D:/GitHub/Uni-Class Related/Fall2024-CPI111/sprites/spr_slider_button/spr_slider_button.yy
[26-11-2024 01:20:30] Par: "folders/Sprites/Settings" at dir: "D:/GitHub/Uni-Class Related/Fall2024-CPI111/sprites/spr_slider_button/spr_slider_button.yy"
[26-11-2024 01:20:30] Found Sprite: spr_slider_button
[26-11-2024 01:20:30] Checking layers
[26-11-2024 01:20:30] Directory: D:/GitHub/Uni-Class Related/Fall2024-CPI111/sprites/spr_slider_button/layers
[26-11-2024 01:20:30] Checking 92982809-21cf-4020-9e3b-03ec86ae306b.png
[26-11-2024 01:20:30] Current parent directory: D:/GitHub/Uni-Class Related/Fall2024-CPI111/sprites/spr_slider_button/layers
[26-11-2024 01:20:30] Checking 92982809-21cf-4020-9e3b-03ec86ae306b
[26-11-2024 01:20:30] Directory: D:/GitHub/Uni-Class Related/Fall2024-CPI111/sprites/spr_slider_button/layers/92982809-21cf-4020-9e3b-03ec86ae306b
[26-11-2024 01:20:30] Current parent directory: D:/GitHub/Uni-Class Related/Fall2024-CPI111/sprites/spr_slider_button/layers/92982809-21cf-4020-9e3b-03ec86ae306b
[26-11-2024 01:20:30] Checking ea695509-aead-4efb-94f7-0edfaa3a0298.png
[26-11-2024 01:20:30] Current parent directory: D:/GitHub/Uni-Class Related/Fall2024-CPI111/sprites/spr_stage
[26-11-2024 01:20:30] Checking spr_stage.yy
[26-11-2024 01:20:30] Parsing D:/GitHub/Uni-Class Related/Fall2024-CPI111/sprites/spr_stage/spr_stage.yy
[26-11-2024 01:20:30] Reading D:/GitHub/Uni-Class Related/Fall2024-CPI111/sprites/spr_stage/spr_stage.yy
[26-11-2024 01:20:30] Par: "folders/Sprites/Backgrounds" at dir: "D:/GitHub/Uni-Class Related/Fall2024-CPI111/sprites/spr_stage/spr_stage.yy"
[26-11-2024 01:20:30] Found Sprite: spr_stage
[26-11-2024 01:20:30] Checking layers
[26-11-2024 01:20:30] Directory: D:/GitHub/Uni-Class Related/Fall2024-CPI111/sprites/spr_stage/layers
[26-11-2024 01:20:30] Checking 6ffefa17-1aad-4ee5-a394-7efabe12deed.png
[26-11-2024 01:20:30] Current parent directory: D:/GitHub/Uni-Class Related/Fall2024-CPI111/sprites/spr_stage/layers
[26-11-2024 01:20:30] Checking 6ffefa17-1aad-4ee5-a394-7efabe12deed
[26-11-2024 01:20:30] Directory: D:/GitHub/Uni-Class Related/Fall2024-CPI111/sprites/spr_stage/layers/6ffefa17-1aad-4ee5-a394-7efabe12deed
[26-11-2024 01:20:30] Current parent directory: D:/GitHub/Uni-Class Related/Fall2024-CPI111/sprites/spr_stage/layers/6ffefa17-1aad-4ee5-a394-7efabe12deed
[26-11-2024 01:20:30] Checking 2cf3e4d6-ad38-461d-8c17-3854bef236f6.png
[26-11-2024 01:20:30] Current parent directory: D:/GitHub/Uni-Class Related/Fall2024-CPI111/sprites/spr_stage_background
[26-11-2024 01:20:30] Checking spr_stage_background.yy
[26-11-2024 01:20:30] Parsing D:/GitHub/Uni-Class Related/Fall2024-CPI111/sprites/spr_stage_background/spr_stage_background.yy
[26-11-2024 01:20:30] Reading D:/GitHub/Uni-Class Related/Fall2024-CPI111/sprites/spr_stage_background/spr_stage_background.yy
[26-11-2024 01:20:30] Par: "folders/Sprites/Backgrounds" at dir: "D:/GitHub/Uni-Class Related/Fall2024-CPI111/sprites/spr_stage_background/spr_stage_background.yy"
[26-11-2024 01:20:30] Found Sprite: spr_stage_background
[26-11-2024 01:20:30] Checking layers
[26-11-2024 01:20:30] Directory: D:/GitHub/Uni-Class Related/Fall2024-CPI111/sprites/spr_stage_background/layers
[26-11-2024 01:20:30] Checking d246fb64-0c7f-42f3-8767-20cd59653ca5.png
[26-11-2024 01:20:30] Current parent directory: D:/GitHub/Uni-Class Related/Fall2024-CPI111/sprites/spr_stage_background/layers
[26-11-2024 01:20:30] Checking d246fb64-0c7f-42f3-8767-20cd59653ca5
[26-11-2024 01:20:30] Directory: D:/GitHub/Uni-Class Related/Fall2024-CPI111/sprites/spr_stage_background/layers/d246fb64-0c7f-42f3-8767-20cd59653ca5
[26-11-2024 01:20:30] Current parent directory: D:/GitHub/Uni-Class Related/Fall2024-CPI111/sprites/spr_stage_background/layers/d246fb64-0c7f-42f3-8767-20cd59653ca5
[26-11-2024 01:20:30] Checking c02d8cd6-c0dd-45da-93af-123d186322a4.png
[26-11-2024 01:20:30] Current parent directory: D:/GitHub/Uni-Class Related/Fall2024-CPI111/sprites/spr_title
[26-11-2024 01:20:30] Checking spr_title.yy
[26-11-2024 01:20:30] Parsing D:/GitHub/Uni-Class Related/Fall2024-CPI111/sprites/spr_title/spr_title.yy
[26-11-2024 01:20:30] Reading D:/GitHub/Uni-Class Related/Fall2024-CPI111/sprites/spr_title/spr_title.yy
[26-11-2024 01:20:30] Par: "folders/Sprites/Backgrounds/Title" at dir: "D:/GitHub/Uni-Class Related/Fall2024-CPI111/sprites/spr_title/spr_title.yy"
[26-11-2024 01:20:30] Found Sprite: spr_title
[26-11-2024 01:20:30] Checking layers
[26-11-2024 01:20:30] Directory: D:/GitHub/Uni-Class Related/Fall2024-CPI111/sprites/spr_title/layers
[26-11-2024 01:20:30] Checking b7f6395b-f782-4b65-b3f1-f2e159c09a06.png
[26-11-2024 01:20:30] Current parent directory: D:/GitHub/Uni-Class Related/Fall2024-CPI111/sprites/spr_title/layers
[26-11-2024 01:20:30] Checking b7f6395b-f782-4b65-b3f1-f2e159c09a06
[26-11-2024 01:20:30] Directory: D:/GitHub/Uni-Class Related/Fall2024-CPI111/sprites/spr_title/layers/b7f6395b-f782-4b65-b3f1-f2e159c09a06
[26-11-2024 01:20:30] Current parent directory: D:/GitHub/Uni-Class Related/Fall2024-CPI111/sprites/spr_title/layers/b7f6395b-f782-4b65-b3f1-f2e159c09a06
[26-11-2024 01:20:30] Checking 36a1f19a-a370-45e3-b274-00eed56e6730.png
[26-11-2024 01:20:30] Current parent directory: D:/GitHub/Uni-Class Related/Fall2024-CPI111/sprites/spr_tutorial_button
[26-11-2024 01:20:30] Checking spr_tutorial_button.yy
[26-11-2024 01:20:30] Parsing D:/GitHub/Uni-Class Related/Fall2024-CPI111/sprites/spr_tutorial_button/spr_tutorial_button.yy
[26-11-2024 01:20:30] Reading D:/GitHub/Uni-Class Related/Fall2024-CPI111/sprites/spr_tutorial_button/spr_tutorial_button.yy
[26-11-2024 01:20:30] Par: "folders/Sprites/Tutorial" at dir: "D:/GitHub/Uni-Class Related/Fall2024-CPI111/sprites/spr_tutorial_button/spr_tutorial_button.yy"
[26-11-2024 01:20:30] Found Sprite: spr_tutorial_button
[26-11-2024 01:20:30] Checking layers
[26-11-2024 01:20:30] Directory: D:/GitHub/Uni-Class Related/Fall2024-CPI111/sprites/spr_tutorial_button/layers
[26-11-2024 01:20:30] Checking 6d9370dd-f41d-48ca-ab1a-e7f82ce3c684.png
[26-11-2024 01:20:30] Current parent directory: D:/GitHub/Uni-Class Related/Fall2024-CPI111/sprites/spr_tutorial_button/layers
[26-11-2024 01:20:30] Checking 6d9370dd-f41d-48ca-ab1a-e7f82ce3c684
[26-11-2024 01:20:30] Directory: D:/GitHub/Uni-Class Related/Fall2024-CPI111/sprites/spr_tutorial_button/layers/6d9370dd-f41d-48ca-ab1a-e7f82ce3c684
[26-11-2024 01:20:30] Current parent directory: D:/GitHub/Uni-Class Related/Fall2024-CPI111/sprites/spr_tutorial_button/layers/6d9370dd-f41d-48ca-ab1a-e7f82ce3c684
[26-11-2024 01:20:30] Checking ca93e23f-4dd4-487f-8708-d11e8784a6aa.png
[26-11-2024 01:20:30] Current parent directory: D:/GitHub/Uni-Class Related/Fall2024-CPI111/sprites/spr_tutorial_button_pressed
[26-11-2024 01:20:30] Checking spr_tutorial_button_pressed.yy
[26-11-2024 01:20:30] Parsing D:/GitHub/Uni-Class Related/Fall2024-CPI111/sprites/spr_tutorial_button_pressed/spr_tutorial_button_pressed.yy
[26-11-2024 01:20:30] Reading D:/GitHub/Uni-Class Related/Fall2024-CPI111/sprites/spr_tutorial_button_pressed/spr_tutorial_button_pressed.yy
[26-11-2024 01:20:30] Par: "folders/Sprites/Tutorial" at dir: "D:/GitHub/Uni-Class Related/Fall2024-CPI111/sprites/spr_tutorial_button_pressed/spr_tutorial_button_pressed.yy"
[26-11-2024 01:20:30] Found Sprite: spr_tutorial_button_pressed
[26-11-2024 01:20:30] Checking layers
[26-11-2024 01:20:30] Directory: D:/GitHub/Uni-Class Related/Fall2024-CPI111/sprites/spr_tutorial_button_pressed/layers
[26-11-2024 01:20:30] Checking 3ba55eab-110e-4eae-9476-7262895159b2.png
[26-11-2024 01:20:30] Current parent directory: D:/GitHub/Uni-Class Related/Fall2024-CPI111/sprites/spr_tutorial_button_pressed/layers
[26-11-2024 01:20:30] Checking 3ba55eab-110e-4eae-9476-7262895159b2
[26-11-2024 01:20:30] Directory: D:/GitHub/Uni-Class Related/Fall2024-CPI111/sprites/spr_tutorial_button_pressed/layers/3ba55eab-110e-4eae-9476-7262895159b2
[26-11-2024 01:20:30] Current parent directory: D:/GitHub/Uni-Class Related/Fall2024-CPI111/sprites/spr_tutorial_button_pressed/layers/3ba55eab-110e-4eae-9476-7262895159b2
[26-11-2024 01:20:30] Checking d514db8d-0ed2-4625-b0cf-d258ee95980e.png
[26-11-2024 01:20:30] Current parent directory: D:/GitHub/Uni-Class Related/Fall2024-CPI111/sprites/spr_tut_bombarrow
[26-11-2024 01:20:30] Checking spr_tut_bombarrow.yy
[26-11-2024 01:20:30] Parsing D:/GitHub/Uni-Class Related/Fall2024-CPI111/sprites/spr_tut_bombarrow/spr_tut_bombarrow.yy
[26-11-2024 01:20:30] Reading D:/GitHub/Uni-Class Related/Fall2024-CPI111/sprites/spr_tut_bombarrow/spr_tut_bombarrow.yy
[26-11-2024 01:20:30] Par: "folders/Sprites/Tutorial" at dir: "D:/GitHub/Uni-Class Related/Fall2024-CPI111/sprites/spr_tut_bombarrow/spr_tut_bombarrow.yy"
[26-11-2024 01:20:30] Found Sprite: spr_tut_bombarrow
[26-11-2024 01:20:30] Checking layers
[26-11-2024 01:20:30] Directory: D:/GitHub/Uni-Class Related/Fall2024-CPI111/sprites/spr_tut_bombarrow/layers
[26-11-2024 01:20:30] Checking ccefd3b6-d735-4def-b3a8-26787868574c.png
[26-11-2024 01:20:30] Checking b6b18ba3-34a8-4bb4-9865-6e12c4b3da12.png
[26-11-2024 01:20:30] Checking 82e3da52-adf5-4eb5-9746-c5c39889cb90.png
[26-11-2024 01:20:30] Current parent directory: D:/GitHub/Uni-Class Related/Fall2024-CPI111/sprites/spr_tut_bombarrow/layers
[26-11-2024 01:20:30] Checking ccefd3b6-d735-4def-b3a8-26787868574c
[26-11-2024 01:20:30] Directory: D:/GitHub/Uni-Class Related/Fall2024-CPI111/sprites/spr_tut_bombarrow/layers/ccefd3b6-d735-4def-b3a8-26787868574c
[26-11-2024 01:20:30] Checking b6b18ba3-34a8-4bb4-9865-6e12c4b3da12
[26-11-2024 01:20:30] Directory: D:/GitHub/Uni-Class Related/Fall2024-CPI111/sprites/spr_tut_bombarrow/layers/b6b18ba3-34a8-4bb4-9865-6e12c4b3da12
[26-11-2024 01:20:30] Checking 82e3da52-adf5-4eb5-9746-c5c39889cb90
[26-11-2024 01:20:30] Directory: D:/GitHub/Uni-Class Related/Fall2024-CPI111/sprites/spr_tut_bombarrow/layers/82e3da52-adf5-4eb5-9746-c5c39889cb90
[26-11-2024 01:20:30] Current parent directory: D:/GitHub/Uni-Class Related/Fall2024-CPI111/sprites/spr_tut_bombarrow/layers/82e3da52-adf5-4eb5-9746-c5c39889cb90
[26-11-2024 01:20:30] Checking 268693b4-2785-4bdf-b51d-75b5f9982cba.png
[26-11-2024 01:20:30] Current parent directory: D:/GitHub/Uni-Class Related/Fall2024-CPI111/sprites/spr_tut_bombarrow/layers/b6b18ba3-34a8-4bb4-9865-6e12c4b3da12
[26-11-2024 01:20:30] Checking 268693b4-2785-4bdf-b51d-75b5f9982cba.png
[26-11-2024 01:20:30] Current parent directory: D:/GitHub/Uni-Class Related/Fall2024-CPI111/sprites/spr_tut_bombarrow/layers/ccefd3b6-d735-4def-b3a8-26787868574c
[26-11-2024 01:20:30] Checking 268693b4-2785-4bdf-b51d-75b5f9982cba.png
[26-11-2024 01:20:30] Current parent directory: D:/GitHub/Uni-Class Related/Fall2024-CPI111/sprites/spr_tut_go_left
[26-11-2024 01:20:30] Checking spr_tut_go_left.yy
[26-11-2024 01:20:30] Parsing D:/GitHub/Uni-Class Related/Fall2024-CPI111/sprites/spr_tut_go_left/spr_tut_go_left.yy
[26-11-2024 01:20:30] Reading D:/GitHub/Uni-Class Related/Fall2024-CPI111/sprites/spr_tut_go_left/spr_tut_go_left.yy
[26-11-2024 01:20:30] Par: "folders/Sprites/Tutorial" at dir: "D:/GitHub/Uni-Class Related/Fall2024-CPI111/sprites/spr_tut_go_left/spr_tut_go_left.yy"
[26-11-2024 01:20:30] Found Sprite: spr_tut_go_left
[26-11-2024 01:20:30] Checking layers
[26-11-2024 01:20:30] Directory: D:/GitHub/Uni-Class Related/Fall2024-CPI111/sprites/spr_tut_go_left/layers
[26-11-2024 01:20:30] Checking 1d2ecbb9-e298-4d19-b888-e450e92c012d.png
[26-11-2024 01:20:30] Current parent directory: D:/GitHub/Uni-Class Related/Fall2024-CPI111/sprites/spr_tut_go_left/layers
[26-11-2024 01:20:30] Checking 1d2ecbb9-e298-4d19-b888-e450e92c012d
[26-11-2024 01:20:30] Directory: D:/GitHub/Uni-Class Related/Fall2024-CPI111/sprites/spr_tut_go_left/layers/1d2ecbb9-e298-4d19-b888-e450e92c012d
[26-11-2024 01:20:30] Current parent directory: D:/GitHub/Uni-Class Related/Fall2024-CPI111/sprites/spr_tut_go_left/layers/1d2ecbb9-e298-4d19-b888-e450e92c012d
[26-11-2024 01:20:30] Checking 81688723-0606-4a8a-aa5b-fd7964499f86.png
[26-11-2024 01:20:30] Current parent directory: D:/GitHub/Uni-Class Related/Fall2024-CPI111/sprites/spr_tut_go_right
[26-11-2024 01:20:30] Checking spr_tut_go_right.yy
[26-11-2024 01:20:30] Parsing D:/GitHub/Uni-Class Related/Fall2024-CPI111/sprites/spr_tut_go_right/spr_tut_go_right.yy
[26-11-2024 01:20:30] Reading D:/GitHub/Uni-Class Related/Fall2024-CPI111/sprites/spr_tut_go_right/spr_tut_go_right.yy
[26-11-2024 01:20:30] Par: "folders/Sprites/Tutorial" at dir: "D:/GitHub/Uni-Class Related/Fall2024-CPI111/sprites/spr_tut_go_right/spr_tut_go_right.yy"
[26-11-2024 01:20:30] Found Sprite: spr_tut_go_right
[26-11-2024 01:20:30] Checking layers
[26-11-2024 01:20:30] Directory: D:/GitHub/Uni-Class Related/Fall2024-CPI111/sprites/spr_tut_go_right/layers
[26-11-2024 01:20:30] Checking 1d2ecbb9-e298-4d19-b888-e450e92c012d.png
[26-11-2024 01:20:30] Current parent directory: D:/GitHub/Uni-Class Related/Fall2024-CPI111/sprites/spr_tut_go_right/layers
[26-11-2024 01:20:30] Checking 1d2ecbb9-e298-4d19-b888-e450e92c012d
[26-11-2024 01:20:30] Directory: D:/GitHub/Uni-Class Related/Fall2024-CPI111/sprites/spr_tut_go_right/layers/1d2ecbb9-e298-4d19-b888-e450e92c012d
[26-11-2024 01:20:30] Current parent directory: D:/GitHub/Uni-Class Related/Fall2024-CPI111/sprites/spr_tut_go_right/layers/1d2ecbb9-e298-4d19-b888-e450e92c012d
[26-11-2024 01:20:30] Checking 81688723-0606-4a8a-aa5b-fd7964499f86.png
[26-11-2024 01:20:30] Current parent directory: D:/GitHub/Uni-Class Related/Fall2024-CPI111/sprites/spr_tut_hit
[26-11-2024 01:20:30] Checking spr_tut_hit.yy
[26-11-2024 01:20:30] Parsing D:/GitHub/Uni-Class Related/Fall2024-CPI111/sprites/spr_tut_hit/spr_tut_hit.yy
[26-11-2024 01:20:30] Reading D:/GitHub/Uni-Class Related/Fall2024-CPI111/sprites/spr_tut_hit/spr_tut_hit.yy
[26-11-2024 01:20:30] Par: "folders/Sprites/Tutorial" at dir: "D:/GitHub/Uni-Class Related/Fall2024-CPI111/sprites/spr_tut_hit/spr_tut_hit.yy"
[26-11-2024 01:20:30] Found Sprite: spr_tut_hit
[26-11-2024 01:20:30] Checking layers
[26-11-2024 01:20:30] Directory: D:/GitHub/Uni-Class Related/Fall2024-CPI111/sprites/spr_tut_hit/layers
[26-11-2024 01:20:30] Checking fa60d873-cac0-46ad-bb23-0893ea27c522.png
[26-11-2024 01:20:30] Checking d4347569-eb59-47aa-b1fb-39f786c1d76e.png
[26-11-2024 01:20:30] Checking ca2ecb8c-eacd-4a4b-9bd0-5975dbfe1242.png
[26-11-2024 01:20:30] Checking 92c4cb80-451d-4380-a5ab-0f754b82fa0a.png
[26-11-2024 01:20:30] Checking 4af60d47-a793-448a-9d01-f6cb67d2517a.png
[26-11-2024 01:20:30] Checking 48a9c799-bb63-4a0b-b4ca-80d823c83a09.png
[26-11-2024 01:20:30] Current parent directory: D:/GitHub/Uni-Class Related/Fall2024-CPI111/sprites/spr_tut_hit/layers
[26-11-2024 01:20:30] Checking fa60d873-cac0-46ad-bb23-0893ea27c522
[26-11-2024 01:20:30] Directory: D:/GitHub/Uni-Class Related/Fall2024-CPI111/sprites/spr_tut_hit/layers/fa60d873-cac0-46ad-bb23-0893ea27c522
[26-11-2024 01:20:30] Checking d4347569-eb59-47aa-b1fb-39f786c1d76e
[26-11-2024 01:20:30] Directory: D:/GitHub/Uni-Class Related/Fall2024-CPI111/sprites/spr_tut_hit/layers/d4347569-eb59-47aa-b1fb-39f786c1d76e
[26-11-2024 01:20:30] Checking ca2ecb8c-eacd-4a4b-9bd0-5975dbfe1242
[26-11-2024 01:20:30] Directory: D:/GitHub/Uni-Class Related/Fall2024-CPI111/sprites/spr_tut_hit/layers/ca2ecb8c-eacd-4a4b-9bd0-5975dbfe1242
[26-11-2024 01:20:30] Checking 92c4cb80-451d-4380-a5ab-0f754b82fa0a
[26-11-2024 01:20:30] Directory: D:/GitHub/Uni-Class Related/Fall2024-CPI111/sprites/spr_tut_hit/layers/92c4cb80-451d-4380-a5ab-0f754b82fa0a
[26-11-2024 01:20:30] Checking 4af60d47-a793-448a-9d01-f6cb67d2517a
[26-11-2024 01:20:30] Directory: D:/GitHub/Uni-Class Related/Fall2024-CPI111/sprites/spr_tut_hit/layers/4af60d47-a793-448a-9d01-f6cb67d2517a
[26-11-2024 01:20:30] Checking 48a9c799-bb63-4a0b-b4ca-80d823c83a09
[26-11-2024 01:20:30] Directory: D:/GitHub/Uni-Class Related/Fall2024-CPI111/sprites/spr_tut_hit/layers/48a9c799-bb63-4a0b-b4ca-80d823c83a09
[26-11-2024 01:20:30] Current parent directory: D:/GitHub/Uni-Class Related/Fall2024-CPI111/sprites/spr_tut_hit/layers/48a9c799-bb63-4a0b-b4ca-80d823c83a09
[26-11-2024 01:20:30] Checking bfe1c07b-1f1b-4233-80e5-29d9bc6249d2.png
[26-11-2024 01:20:30] Current parent directory: D:/GitHub/Uni-Class Related/Fall2024-CPI111/sprites/spr_tut_hit/layers/4af60d47-a793-448a-9d01-f6cb67d2517a
[26-11-2024 01:20:30] Checking bfe1c07b-1f1b-4233-80e5-29d9bc6249d2.png
[26-11-2024 01:20:30] Current parent directory: D:/GitHub/Uni-Class Related/Fall2024-CPI111/sprites/spr_tut_hit/layers/92c4cb80-451d-4380-a5ab-0f754b82fa0a
[26-11-2024 01:20:30] Checking bfe1c07b-1f1b-4233-80e5-29d9bc6249d2.png
[26-11-2024 01:20:30] Current parent directory: D:/GitHub/Uni-Class Related/Fall2024-CPI111/sprites/spr_tut_hit/layers/ca2ecb8c-eacd-4a4b-9bd0-5975dbfe1242
[26-11-2024 01:20:30] Checking bfe1c07b-1f1b-4233-80e5-29d9bc6249d2.png
[26-11-2024 01:20:30] Current parent directory: D:/GitHub/Uni-Class Related/Fall2024-CPI111/sprites/spr_tut_hit/layers/d4347569-eb59-47aa-b1fb-39f786c1d76e
[26-11-2024 01:20:30] Checking bfe1c07b-1f1b-4233-80e5-29d9bc6249d2.png
[26-11-2024 01:20:30] Current parent directory: D:/GitHub/Uni-Class Related/Fall2024-CPI111/sprites/spr_tut_hit/layers/fa60d873-cac0-46ad-bb23-0893ea27c522
[26-11-2024 01:20:30] Checking bfe1c07b-1f1b-4233-80e5-29d9bc6249d2.png
[26-11-2024 01:20:30] Current parent directory: D:/GitHub/Uni-Class Related/Fall2024-CPI111/sprites/spr_tut_miss
[26-11-2024 01:20:30] Checking spr_tut_miss.yy
[26-11-2024 01:20:30] Parsing D:/GitHub/Uni-Class Related/Fall2024-CPI111/sprites/spr_tut_miss/spr_tut_miss.yy
[26-11-2024 01:20:30] Reading D:/GitHub/Uni-Class Related/Fall2024-CPI111/sprites/spr_tut_miss/spr_tut_miss.yy
[26-11-2024 01:20:30] Par: "folders/Sprites/Tutorial" at dir: "D:/GitHub/Uni-Class Related/Fall2024-CPI111/sprites/spr_tut_miss/spr_tut_miss.yy"
[26-11-2024 01:20:30] Found Sprite: spr_tut_miss
[26-11-2024 01:20:30] Checking layers
[26-11-2024 01:20:30] Directory: D:/GitHub/Uni-Class Related/Fall2024-CPI111/sprites/spr_tut_miss/layers
[26-11-2024 01:20:30] Checking eb520ce7-f522-408d-8aaf-cc782c147732.png
[26-11-2024 01:20:30] Checking cf93dcd5-f8a5-4e59-901d-ea107da1401a.png
[26-11-2024 01:20:30] Checking bce3ad8f-c1bf-4842-9194-413808ed9143.png
[26-11-2024 01:20:30] Checking 91c0c111-3f5d-46a8-bb65-55906db1d254.png
[26-11-2024 01:20:30] Checking 524fa668-fed0-4a9f-8a67-1819a711a6f5.png
[26-11-2024 01:20:30] Current parent directory: D:/GitHub/Uni-Class Related/Fall2024-CPI111/sprites/spr_tut_miss/layers
[26-11-2024 01:20:30] Checking eb520ce7-f522-408d-8aaf-cc782c147732
[26-11-2024 01:20:30] Directory: D:/GitHub/Uni-Class Related/Fall2024-CPI111/sprites/spr_tut_miss/layers/eb520ce7-f522-408d-8aaf-cc782c147732
[26-11-2024 01:20:30] Checking cf93dcd5-f8a5-4e59-901d-ea107da1401a
[26-11-2024 01:20:30] Directory: D:/GitHub/Uni-Class Related/Fall2024-CPI111/sprites/spr_tut_miss/layers/cf93dcd5-f8a5-4e59-901d-ea107da1401a
[26-11-2024 01:20:30] Checking bce3ad8f-c1bf-4842-9194-413808ed9143
[26-11-2024 01:20:30] Directory: D:/GitHub/Uni-Class Related/Fall2024-CPI111/sprites/spr_tut_miss/layers/bce3ad8f-c1bf-4842-9194-413808ed9143
[26-11-2024 01:20:30] Checking 91c0c111-3f5d-46a8-bb65-55906db1d254
[26-11-2024 01:20:30] Directory: D:/GitHub/Uni-Class Related/Fall2024-CPI111/sprites/spr_tut_miss/layers/91c0c111-3f5d-46a8-bb65-55906db1d254
[26-11-2024 01:20:30] Checking 524fa668-fed0-4a9f-8a67-1819a711a6f5
[26-11-2024 01:20:30] Directory: D:/GitHub/Uni-Class Related/Fall2024-CPI111/sprites/spr_tut_miss/layers/524fa668-fed0-4a9f-8a67-1819a711a6f5
[26-11-2024 01:20:30] Current parent directory: D:/GitHub/Uni-Class Related/Fall2024-CPI111/sprites/spr_tut_miss/layers/524fa668-fed0-4a9f-8a67-1819a711a6f5
[26-11-2024 01:20:30] Checking 9e7aa23d-2c4d-4503-b7fb-6cdb75b13ba3.png
[26-11-2024 01:20:30] Current parent directory: D:/GitHub/Uni-Class Related/Fall2024-CPI111/sprites/spr_tut_miss/layers/91c0c111-3f5d-46a8-bb65-55906db1d254
[26-11-2024 01:20:30] Checking 9e7aa23d-2c4d-4503-b7fb-6cdb75b13ba3.png
[26-11-2024 01:20:30] Current parent directory: D:/GitHub/Uni-Class Related/Fall2024-CPI111/sprites/spr_tut_miss/layers/bce3ad8f-c1bf-4842-9194-413808ed9143
[26-11-2024 01:20:30] Checking 9e7aa23d-2c4d-4503-b7fb-6cdb75b13ba3.png
[26-11-2024 01:20:30] Current parent directory: D:/GitHub/Uni-Class Related/Fall2024-CPI111/sprites/spr_tut_miss/layers/cf93dcd5-f8a5-4e59-901d-ea107da1401a
[26-11-2024 01:20:30] Checking 9e7aa23d-2c4d-4503-b7fb-6cdb75b13ba3.png
[26-11-2024 01:20:30] Current parent directory: D:/GitHub/Uni-Class Related/Fall2024-CPI111/sprites/spr_tut_miss/layers/eb520ce7-f522-408d-8aaf-cc782c147732
[26-11-2024 01:20:30] Checking 9e7aa23d-2c4d-4503-b7fb-6cdb75b13ba3.png
[26-11-2024 01:20:30] Current parent directory: D:/GitHub/Uni-Class Related/Fall2024-CPI111/sprites/spr_up_arrow
[26-11-2024 01:20:30] Checking spr_up_arrow.yy
[26-11-2024 01:20:30] Parsing D:/GitHub/Uni-Class Related/Fall2024-CPI111/sprites/spr_up_arrow/spr_up_arrow.yy
[26-11-2024 01:20:30] Reading D:/GitHub/Uni-Class Related/Fall2024-CPI111/sprites/spr_up_arrow/spr_up_arrow.yy
[26-11-2024 01:20:30] Par: "folders/Sprites/Arrows" at dir: "D:/GitHub/Uni-Class Related/Fall2024-CPI111/sprites/spr_up_arrow/spr_up_arrow.yy"
[26-11-2024 01:20:30] Found Sprite: spr_up_arrow
[26-11-2024 01:20:30] Checking layers
[26-11-2024 01:20:30] Directory: D:/GitHub/Uni-Class Related/Fall2024-CPI111/sprites/spr_up_arrow/layers
[26-11-2024 01:20:30] Checking 6354ad24-03fe-4283-a622-38f1686729c9.png
[26-11-2024 01:20:30] Current parent directory: D:/GitHub/Uni-Class Related/Fall2024-CPI111/sprites/spr_up_arrow/layers
[26-11-2024 01:20:30] Checking 6354ad24-03fe-4283-a622-38f1686729c9
[26-11-2024 01:20:30] Directory: D:/GitHub/Uni-Class Related/Fall2024-CPI111/sprites/spr_up_arrow/layers/6354ad24-03fe-4283-a622-38f1686729c9
[26-11-2024 01:20:30] Current parent directory: D:/GitHub/Uni-Class Related/Fall2024-CPI111/sprites/spr_up_arrow/layers/6354ad24-03fe-4283-a622-38f1686729c9
[26-11-2024 01:20:30] Checking 2b7a5640-a72d-4301-90e7-45bc1716204e.png
[26-11-2024 01:20:30] Current parent directory: D:/GitHub/Uni-Class Related/Fall2024-CPI111/sprites/spr_up_arrow_icon
[26-11-2024 01:20:30] Checking spr_up_arrow_icon.yy
[26-11-2024 01:20:30] Parsing D:/GitHub/Uni-Class Related/Fall2024-CPI111/sprites/spr_up_arrow_icon/spr_up_arrow_icon.yy
[26-11-2024 01:20:30] Reading D:/GitHub/Uni-Class Related/Fall2024-CPI111/sprites/spr_up_arrow_icon/spr_up_arrow_icon.yy
[26-11-2024 01:20:30] Par: "folders/Sprites/Characters/Dialogue Icons/Arrows" at dir: "D:/GitHub/Uni-Class Related/Fall2024-CPI111/sprites/spr_up_arrow_icon/spr_up_arrow_icon.yy"
[26-11-2024 01:20:30] Found Sprite: spr_up_arrow_icon
[26-11-2024 01:20:30] Checking layers
[26-11-2024 01:20:30] Directory: D:/GitHub/Uni-Class Related/Fall2024-CPI111/sprites/spr_up_arrow_icon/layers
[26-11-2024 01:20:30] Checking 8cdc8539-ec08-4018-9b89-345291504197.png
[26-11-2024 01:20:30] Current parent directory: D:/GitHub/Uni-Class Related/Fall2024-CPI111/sprites/spr_up_arrow_icon/layers
[26-11-2024 01:20:30] Checking 8cdc8539-ec08-4018-9b89-345291504197
[26-11-2024 01:20:30] Directory: D:/GitHub/Uni-Class Related/Fall2024-CPI111/sprites/spr_up_arrow_icon/layers/8cdc8539-ec08-4018-9b89-345291504197
[26-11-2024 01:20:30] Current parent directory: D:/GitHub/Uni-Class Related/Fall2024-CPI111/sprites/spr_up_arrow_icon/layers/8cdc8539-ec08-4018-9b89-345291504197
[26-11-2024 01:20:30] Checking 04a77b8c-4dc8-4f04-8a92-068a3e43b257.png
[26-11-2024 01:20:30] Current parent directory: D:/GitHub/Uni-Class Related/Fall2024-CPI111/sprites/spr_up_arrow_slot
[26-11-2024 01:20:30] Checking spr_up_arrow_slot.yy
[26-11-2024 01:20:30] Parsing D:/GitHub/Uni-Class Related/Fall2024-CPI111/sprites/spr_up_arrow_slot/spr_up_arrow_slot.yy
[26-11-2024 01:20:30] Reading D:/GitHub/Uni-Class Related/Fall2024-CPI111/sprites/spr_up_arrow_slot/spr_up_arrow_slot.yy
[26-11-2024 01:20:30] Par: "folders/Sprites/Arrows" at dir: "D:/GitHub/Uni-Class Related/Fall2024-CPI111/sprites/spr_up_arrow_slot/spr_up_arrow_slot.yy"
[26-11-2024 01:20:30] Found Sprite: spr_up_arrow_slot
[26-11-2024 01:20:30] Checking layers
[26-11-2024 01:20:30] Directory: D:/GitHub/Uni-Class Related/Fall2024-CPI111/sprites/spr_up_arrow_slot/layers
[26-11-2024 01:20:30] Checking 3b33f0a5-77a4-4f0e-a0c7-5617e4114512.png
[26-11-2024 01:20:30] Current parent directory: D:/GitHub/Uni-Class Related/Fall2024-CPI111/sprites/spr_up_arrow_slot/layers
[26-11-2024 01:20:30] Checking 3b33f0a5-77a4-4f0e-a0c7-5617e4114512
[26-11-2024 01:20:30] Directory: D:/GitHub/Uni-Class Related/Fall2024-CPI111/sprites/spr_up_arrow_slot/layers/3b33f0a5-77a4-4f0e-a0c7-5617e4114512
[26-11-2024 01:20:30] Current parent directory: D:/GitHub/Uni-Class Related/Fall2024-CPI111/sprites/spr_up_arrow_slot/layers/3b33f0a5-77a4-4f0e-a0c7-5617e4114512
[26-11-2024 01:20:30] Checking 562a4f5a-075d-4733-94f4-30a6671495ef.png
[26-11-2024 01:20:30] Current parent directory: D:/GitHub/Uni-Class Related/Fall2024-CPI111/sprites/spr_wiz_angry
[26-11-2024 01:20:30] Checking spr_wiz_angry.yy
[26-11-2024 01:20:30] Parsing D:/GitHub/Uni-Class Related/Fall2024-CPI111/sprites/spr_wiz_angry/spr_wiz_angry.yy
[26-11-2024 01:20:30] Reading D:/GitHub/Uni-Class Related/Fall2024-CPI111/sprites/spr_wiz_angry/spr_wiz_angry.yy
[26-11-2024 01:20:30] Par: "folders/Sprites/Characters/Portraits/Player" at dir: "D:/GitHub/Uni-Class Related/Fall2024-CPI111/sprites/spr_wiz_angry/spr_wiz_angry.yy"
[26-11-2024 01:20:30] Found Sprite: spr_wiz_angry
[26-11-2024 01:20:30] Checking layers
[26-11-2024 01:20:30] Directory: D:/GitHub/Uni-Class Related/Fall2024-CPI111/sprites/spr_wiz_angry/layers
[26-11-2024 01:20:30] Checking b7df84bd-5229-437d-b86c-6d91dda27f6c.png
[26-11-2024 01:20:30] Current parent directory: D:/GitHub/Uni-Class Related/Fall2024-CPI111/sprites/spr_wiz_angry/layers
[26-11-2024 01:20:30] Checking b7df84bd-5229-437d-b86c-6d91dda27f6c
[26-11-2024 01:20:30] Directory: D:/GitHub/Uni-Class Related/Fall2024-CPI111/sprites/spr_wiz_angry/layers/b7df84bd-5229-437d-b86c-6d91dda27f6c
[26-11-2024 01:20:30] Current parent directory: D:/GitHub/Uni-Class Related/Fall2024-CPI111/sprites/spr_wiz_angry/layers/b7df84bd-5229-437d-b86c-6d91dda27f6c
[26-11-2024 01:20:30] Checking a1dba290-f9f5-479a-b5bd-0a44cfde4c6f.png
[26-11-2024 01:20:30] Current parent directory: D:/GitHub/Uni-Class Related/Fall2024-CPI111/sprites/spr_wiz_neutral
[26-11-2024 01:20:30] Checking spr_wiz_neutral.yy
[26-11-2024 01:20:30] Parsing D:/GitHub/Uni-Class Related/Fall2024-CPI111/sprites/spr_wiz_neutral/spr_wiz_neutral.yy
[26-11-2024 01:20:30] Reading D:/GitHub/Uni-Class Related/Fall2024-CPI111/sprites/spr_wiz_neutral/spr_wiz_neutral.yy
[26-11-2024 01:20:30] Par: "folders/Sprites/Characters/Portraits/Player" at dir: "D:/GitHub/Uni-Class Related/Fall2024-CPI111/sprites/spr_wiz_neutral/spr_wiz_neutral.yy"
[26-11-2024 01:20:30] Found Sprite: spr_wiz_neutral
[26-11-2024 01:20:30] Checking layers
[26-11-2024 01:20:30] Directory: D:/GitHub/Uni-Class Related/Fall2024-CPI111/sprites/spr_wiz_neutral/layers
[26-11-2024 01:20:30] Checking 447ba6cb-c0e6-4962-93a3-786eee554f65.png
[26-11-2024 01:20:30] Checking 39137a1f-fd59-45f5-b7aa-128176f0fe43.png
[26-11-2024 01:20:30] Current parent directory: D:/GitHub/Uni-Class Related/Fall2024-CPI111/sprites/spr_wiz_neutral/layers
[26-11-2024 01:20:30] Checking 447ba6cb-c0e6-4962-93a3-786eee554f65
[26-11-2024 01:20:30] Directory: D:/GitHub/Uni-Class Related/Fall2024-CPI111/sprites/spr_wiz_neutral/layers/447ba6cb-c0e6-4962-93a3-786eee554f65
[26-11-2024 01:20:30] Checking 39137a1f-fd59-45f5-b7aa-128176f0fe43
[26-11-2024 01:20:30] Directory: D:/GitHub/Uni-Class Related/Fall2024-CPI111/sprites/spr_wiz_neutral/layers/39137a1f-fd59-45f5-b7aa-128176f0fe43
[26-11-2024 01:20:30] Current parent directory: D:/GitHub/Uni-Class Related/Fall2024-CPI111/sprites/spr_wiz_neutral/layers/39137a1f-fd59-45f5-b7aa-128176f0fe43
[26-11-2024 01:20:30] Checking 2c8e89db-b9ab-45db-bc17-60020d0f2d3c.png
[26-11-2024 01:20:30] Current parent directory: D:/GitHub/Uni-Class Related/Fall2024-CPI111/sprites/spr_wiz_neutral/layers/447ba6cb-c0e6-4962-93a3-786eee554f65
[26-11-2024 01:20:30] Checking 2c8e89db-b9ab-45db-bc17-60020d0f2d3c.png
[26-11-2024 01:20:30] Current parent directory: D:/GitHub/Uni-Class Related/Fall2024-CPI111/sprites/spr_wiz_shocked
[26-11-2024 01:20:30] Checking spr_wiz_shocked.yy
[26-11-2024 01:20:30] Parsing D:/GitHub/Uni-Class Related/Fall2024-CPI111/sprites/spr_wiz_shocked/spr_wiz_shocked.yy
[26-11-2024 01:20:30] Reading D:/GitHub/Uni-Class Related/Fall2024-CPI111/sprites/spr_wiz_shocked/spr_wiz_shocked.yy
[26-11-2024 01:20:30] Par: "folders/Sprites/Characters/Portraits/Player" at dir: "D:/GitHub/Uni-Class Related/Fall2024-CPI111/sprites/spr_wiz_shocked/spr_wiz_shocked.yy"
[26-11-2024 01:20:30] Found Sprite: spr_wiz_shocked
[26-11-2024 01:20:30] Checking layers
[26-11-2024 01:20:30] Directory: D:/GitHub/Uni-Class Related/Fall2024-CPI111/sprites/spr_wiz_shocked/layers
[26-11-2024 01:20:30] Checking 844da4c3-89d4-48a2-ba47-5fc1592178eb.png
[26-11-2024 01:20:30] Current parent directory: D:/GitHub/Uni-Class Related/Fall2024-CPI111/sprites/spr_wiz_shocked/layers
[26-11-2024 01:20:30] Checking 844da4c3-89d4-48a2-ba47-5fc1592178eb
[26-11-2024 01:20:30] Directory: D:/GitHub/Uni-Class Related/Fall2024-CPI111/sprites/spr_wiz_shocked/layers/844da4c3-89d4-48a2-ba47-5fc1592178eb
[26-11-2024 01:20:30] Current parent directory: D:/GitHub/Uni-Class Related/Fall2024-CPI111/sprites/spr_wiz_shocked/layers/844da4c3-89d4-48a2-ba47-5fc1592178eb
[26-11-2024 01:20:30] Checking eff791a9-0719-49c3-ab38-9bb00b5d24a0.png
[26-11-2024 01:20:30] Current parent directory: D:/GitHub/Uni-Class Related/Fall2024-CPI111/sprites/temp_bg
[26-11-2024 01:20:30] Checking temp_bg.yy
[26-11-2024 01:20:30] Parsing D:/GitHub/Uni-Class Related/Fall2024-CPI111/sprites/temp_bg/temp_bg.yy
[26-11-2024 01:20:30] Reading D:/GitHub/Uni-Class Related/Fall2024-CPI111/sprites/temp_bg/temp_bg.yy
[26-11-2024 01:20:30] Par: "folders/Sprites/Backgrounds" at dir: "D:/GitHub/Uni-Class Related/Fall2024-CPI111/sprites/temp_bg/temp_bg.yy"
[26-11-2024 01:20:30] Found Sprite: temp_bg
[26-11-2024 01:20:30] Checking layers
[26-11-2024 01:20:30] Directory: D:/GitHub/Uni-Class Related/Fall2024-CPI111/sprites/temp_bg/layers
[26-11-2024 01:20:30] Checking cc092164-1723-4815-847d-a65b46297801.png
[26-11-2024 01:20:30] Current parent directory: D:/GitHub/Uni-Class Related/Fall2024-CPI111/sprites/temp_bg/layers
[26-11-2024 01:20:30] Checking cc092164-1723-4815-847d-a65b46297801
[26-11-2024 01:20:30] Directory: D:/GitHub/Uni-Class Related/Fall2024-CPI111/sprites/temp_bg/layers/cc092164-1723-4815-847d-a65b46297801
[26-11-2024 01:20:30] Current parent directory: D:/GitHub/Uni-Class Related/Fall2024-CPI111/sprites/temp_bg/layers/cc092164-1723-4815-847d-a65b46297801
[26-11-2024 01:20:30] Checking 8d2e273d-dae5-4db3-997e-8773406b1108.png
[26-11-2024 01:20:30] Current parent directory: D:/GitHub/Uni-Class Related/Fall2024-CPI111/sprites/temp_bg_menu
[26-11-2024 01:20:30] Checking temp_bg_menu.yy
[26-11-2024 01:20:30] Parsing D:/GitHub/Uni-Class Related/Fall2024-CPI111/sprites/temp_bg_menu/temp_bg_menu.yy
[26-11-2024 01:20:30] Reading D:/GitHub/Uni-Class Related/Fall2024-CPI111/sprites/temp_bg_menu/temp_bg_menu.yy
[26-11-2024 01:20:30] Par: "folders/Sprites/Backgrounds" at dir: "D:/GitHub/Uni-Class Related/Fall2024-CPI111/sprites/temp_bg_menu/temp_bg_menu.yy"
[26-11-2024 01:20:30] Found Sprite: temp_bg_menu
[26-11-2024 01:20:30] Checking layers
[26-11-2024 01:20:30] Directory: D:/GitHub/Uni-Class Related/Fall2024-CPI111/sprites/temp_bg_menu/layers
[26-11-2024 01:20:30] Checking 286e2d2f-7f36-46e7-b180-d227a556f7b1.png
[26-11-2024 01:20:30] Current parent directory: D:/GitHub/Uni-Class Related/Fall2024-CPI111/sprites/temp_bg_menu/layers
[26-11-2024 01:20:30] Checking 286e2d2f-7f36-46e7-b180-d227a556f7b1
[26-11-2024 01:20:30] Directory: D:/GitHub/Uni-Class Related/Fall2024-CPI111/sprites/temp_bg_menu/layers/286e2d2f-7f36-46e7-b180-d227a556f7b1
[26-11-2024 01:20:30] Current parent directory: D:/GitHub/Uni-Class Related/Fall2024-CPI111/sprites/temp_bg_menu/layers/286e2d2f-7f36-46e7-b180-d227a556f7b1
[26-11-2024 01:20:30] Checking 79182e3f-fc9d-4c45-b7ea-b40504ceaaa4.png
[26-11-2024 01:20:30] Current parent directory: D:/GitHub/Uni-Class Related/Fall2024-CPI111/sprites/temp_bg_results
[26-11-2024 01:20:30] Checking temp_bg_results.yy
[26-11-2024 01:20:30] Parsing D:/GitHub/Uni-Class Related/Fall2024-CPI111/sprites/temp_bg_results/temp_bg_results.yy
[26-11-2024 01:20:30] Reading D:/GitHub/Uni-Class Related/Fall2024-CPI111/sprites/temp_bg_results/temp_bg_results.yy
[26-11-2024 01:20:30] Par: "folders/Sprites/Backgrounds" at dir: "D:/GitHub/Uni-Class Related/Fall2024-CPI111/sprites/temp_bg_results/temp_bg_results.yy"
[26-11-2024 01:20:30] Found Sprite: temp_bg_results
[26-11-2024 01:20:30] Checking layers
[26-11-2024 01:20:30] Directory: D:/GitHub/Uni-Class Related/Fall2024-CPI111/sprites/temp_bg_results/layers
[26-11-2024 01:20:30] Checking c4633ad4-f015-4fcc-9927-1ba3a0ddddb7.png
[26-11-2024 01:20:30] Current parent directory: D:/GitHub/Uni-Class Related/Fall2024-CPI111/sprites/temp_bg_results/layers
[26-11-2024 01:20:30] Checking c4633ad4-f015-4fcc-9927-1ba3a0ddddb7
[26-11-2024 01:20:30] Directory: D:/GitHub/Uni-Class Related/Fall2024-CPI111/sprites/temp_bg_results/layers/c4633ad4-f015-4fcc-9927-1ba3a0ddddb7
[26-11-2024 01:20:30] Current parent directory: D:/GitHub/Uni-Class Related/Fall2024-CPI111/sprites/temp_bg_results/layers/c4633ad4-f015-4fcc-9927-1ba3a0ddddb7
[26-11-2024 01:20:30] Checking 7f87b5e9-2289-4a94-99f0-c2622d753af6.png
[26-11-2024 01:20:30] Current parent directory: D:/GitHub/Uni-Class Related/Fall2024-CPI111/sprites/temp_enemy
[26-11-2024 01:20:30] Checking temp_enemy.yy
[26-11-2024 01:20:30] Parsing D:/GitHub/Uni-Class Related/Fall2024-CPI111/sprites/temp_enemy/temp_enemy.yy
[26-11-2024 01:20:30] Reading D:/GitHub/Uni-Class Related/Fall2024-CPI111/sprites/temp_enemy/temp_enemy.yy
[26-11-2024 01:20:30] Par: "folders/Sprites/Characters" at dir: "D:/GitHub/Uni-Class Related/Fall2024-CPI111/sprites/temp_enemy/temp_enemy.yy"
[26-11-2024 01:20:30] Found Sprite: temp_enemy
[26-11-2024 01:20:30] Checking layers
[26-11-2024 01:20:30] Directory: D:/GitHub/Uni-Class Related/Fall2024-CPI111/sprites/temp_enemy/layers
[26-11-2024 01:20:30] Checking 99f0e006-173a-40e8-a72e-3f92e6582172.png
[26-11-2024 01:20:30] Current parent directory: D:/GitHub/Uni-Class Related/Fall2024-CPI111/sprites/temp_enemy/layers
[26-11-2024 01:20:30] Checking 99f0e006-173a-40e8-a72e-3f92e6582172
[26-11-2024 01:20:30] Directory: D:/GitHub/Uni-Class Related/Fall2024-CPI111/sprites/temp_enemy/layers/99f0e006-173a-40e8-a72e-3f92e6582172
[26-11-2024 01:20:30] Current parent directory: D:/GitHub/Uni-Class Related/Fall2024-CPI111/sprites/temp_enemy/layers/99f0e006-173a-40e8-a72e-3f92e6582172
[26-11-2024 01:20:30] Checking c77f5170-21e7-46dc-94aa-64d8af0371d6.png
[26-11-2024 01:20:30] Current parent directory: D:/GitHub/Uni-Class Related/Fall2024-CPI111/tilesets
[26-11-2024 01:20:30] Current parent directory: D:/GitHub/Uni-Class Related/Fall2024-CPI111/timelines
[26-11-2024 01:20:30] Checking Timeline_Test
[26-11-2024 01:20:30] Directory: D:/GitHub/Uni-Class Related/Fall2024-CPI111/timelines/Timeline_Test
[26-11-2024 01:20:30] Current parent directory: D:/GitHub/Uni-Class Related/Fall2024-CPI111/timelines/Timeline_Test
[26-11-2024 01:20:30] Moving files to trash...
[26-11-2024 01:20:30] Files yeeted successfully!
[26-11-2024 01:20:30] Generating YYP...
[26-11-2024 01:20:30] Fall2024-CPI111.yyp created successfully!
